layer,sourceId,name,countryCode,accepted,inputBbox,normalizedBbox,maxLongitudeJump,antimeridianSplitCount,postSplitMaxComponentLongitudeSpan,polarStatus,repairStatus,tileReplicationCount,rejectedReason
adm1,12653393B40111500734429,Kandahar,AFG,True,"[64.49415347854159,29.53912741790905,67.7902343685347,32.48036650466948]","[64.49415347854159,29.53912741790905,67.7902343685347,32.48036650466948]",0.549655489,0,3.29608089,within_safe_vector_latitude,not_run+unchanged,4,
adm1,12653393B56617740339660,Zabul,AFG,True,"[66.2751873965875,31.443778785357956,68.10797382182494,33.154602253960775]","[66.2751873965875,31.443778785357956,68.10797382182494,33.154602253960775]",0.440704377,0,1.832786425,within_safe_vector_latitude,not_run+unchanged,4,
adm1,12653393B46006342616872,Uruzgan,AFG,True,"[65.19628006161372,32.28630114074348,66.9841323072069,33.30701140773172]","[65.19628006161372,32.28630114074348,66.9841323072069,33.30701140773172]",0.549655489,0,1.787852246,within_safe_vector_latitude,not_run+unchanged,1,
adm1,12653393B78791504725813,Daykundi,AFG,True,"[65.27419706002797,33.06964570416703,67.4108860042046,34.42127791048789]","[65.27419706002797,33.06964570416703,67.4108860042046,34.42127791048789]",0.623614917,0,2.136688944,within_safe_vector_latitude,not_run+unchanged,1,
adm1,12653393B29313712249365,Ghanzi,AFG,True,"[66.76157396239078,32.04563598167342,68.78347057686993,34.2478964596801]","[66.76157396239078,32.04563598167342,68.78347057686993,34.2478964596801]",0.502691291,0,2.021896614,within_safe_vector_latitude,not_run+unchanged,2,
adm1,12653393B93572570471663,Paktika,AFG,True,"[67.89188646223373,31.60488,69.50618706887768,33.419860760537524]","[67.89188646223373,31.60488,69.50618706887768,33.419860760537524]",0.502691291,0,1.614300607,within_safe_vector_latitude,not_run+unchanged,2,
adm1,12653393B66876919073955,Khost,AFG,True,"[69.45871979343963,33.029535381417844,70.27517624306539,33.730900776725655]","[69.45871979343963,33.029535381417844,70.27517624306539,33.730900776725655]",0.425020636,0,0.81645645,within_safe_vector_latitude,not_run+unchanged,1,
adm1,12653393B16859990709200,Paktia,AFG,True,"[68.76070046472475,33.172270547134225,70.02879436363817,33.99780188318849]","[68.76070046472475,33.172270547134225,70.02879436363817,33.99780188318849]",0.464347628,0,1.268093899,within_safe_vector_latitude,not_run+unchanged,1,
adm1,12653393B769191277822,Logar,AFG,True,"[68.68691019455879,33.62258539600532,69.90366322420145,34.35479981005792]","[68.68691019455879,33.62258539600532,69.90366322420145,34.35479981005792]",0.564149786,0,1.21675303,within_safe_vector_latitude,not_run+unchanged,1,
adm1,12653393B94990201402617,Wardak,AFG,True,"[67.29231314606284,33.725847569345824,68.95672812892363,34.79914756023416]","[67.29231314606284,33.725847569345824,68.95672812892363,34.79914756023416]",0.616358309,0,1.664414983,within_safe_vector_latitude,not_run+unchanged,2,
adm1,12653393B60423242182357,Kabul,AFG,True,"[68.82598433018208,34.24319647686222,69.93603091452943,34.891348015260405]","[68.82598433018208,34.24319647686222,69.93603091452943,34.891348015260405]",0.564149786,0,1.110046584,within_safe_vector_latitude,not_run+unchanged,1,
adm1,12653393B37348667052817,Nangarhar,AFG,True,"[69.52087791488502,33.97564,71.125455781238,34.79701837196053]","[69.52087791488502,33.97564,71.125455781238,34.79701837196053]",0.613661224,0,1.604577866,within_safe_vector_latitude,not_run+unchanged,1,
adm1,12653393B74990608680346,Laghman,AFG,True,"[69.78937038605005,34.43585223619442,70.61463406179955,35.232967952015684]","[69.78937038605005,34.43585223619442,70.61463406179955,35.232967952015684]",0.400207369,0,0.825263676,within_safe_vector_latitude,not_run+unchanged,1,
adm1,12653393B3541911159736,Kapisa,AFG,True,"[69.2655103492615,34.68429098469319,69.93603091452943,35.29147622321518]","[69.2655103492615,34.68429098469319,69.93603091452943,35.29147622321518]",0.425962698,0,0.670520565,within_safe_vector_latitude,not_run+unchanged,1,
adm1,12653393B66863807863315,Parwan,AFG,True,"[68.16074438509897,34.65847306581068,69.69109714708769,35.43827944903804]","[68.16074438509897,34.65847306581068,69.69109714708769,35.43827944903804]",0.616358309,0,1.530352762,within_safe_vector_latitude,not_run+unchanged,1,
adm1,12653393B47875238778335,Panjshir,AFG,True,"[69.25045341404343,35.12962869107075,70.23181980500848,35.87195040385574]","[69.25045341404343,35.12962869107075,70.23181980500848,35.87195040385574]",0.454041051,0,0.981366391,within_safe_vector_latitude,not_run+unchanged,1,
adm1,12653393B2374338391952,Kunar,AFG,True,"[70.55486532603314,34.50506375921664,71.63539901781377,35.517641425967106]","[70.55486532603314,34.50506375921664,71.63539901781377,35.517641425967106]",0.422714084,0,1.080533692,within_safe_vector_latitude,not_run+unchanged,1,
adm1,12653393B50755551382850,Nuristan,AFG,True,"[69.9237196065881,34.916993797487656,71.57043267829842,36.032027515957516]","[69.9237196065881,34.916993797487656,71.57043267829842,36.032027515957516]",0.567385262,0,1.646713072,within_safe_vector_latitude,not_run+unchanged,1,
adm1,12653393B95407416206470,Baghlan,AFG,True,"[67.99147936446347,35.073993361632894,69.94777828811786,36.55703782651578]","[67.99147936446347,35.073993361632894,69.94777828811786,36.55703782651578]",0.460003581,0,1.956298924,within_safe_vector_latitude,not_run+unchanged,1,
adm1,12653393B40451261903281,Bamyan,AFG,True,"[66.41713706315616,33.96768406294475,68.20962602087988,35.48202990436684]","[66.41713706315616,33.96768406294475,68.20962602087988,35.48202990436684]",1.069048776,0,1.792488958,within_safe_vector_latitude,not_run+unchanged,2,
adm1,12653393B17428819721147,Samangan,AFG,True,"[66.92243058855436,35.4256880679291,68.4465040707901,36.57222567301766]","[66.92243058855436,35.4256880679291,68.4465040707901,36.57222567301766]",1.069048776,0,1.524073482,within_safe_vector_latitude,not_run+unchanged,2,
adm1,12653393B86260556017558,Kunduz,AFG,True,"[68.05254860869768,36.27667051389066,69.33547047349545,37.31000343963141]","[68.05254860869768,36.27667051389066,69.33547047349545,37.31000343963141]",0.459059029,0,1.282921865,within_safe_vector_latitude,not_run+unchanged,1,
adm1,12653393B65816425001124,Takhar,AFG,True,"[69.18419294042282,35.809170075797766,70.43615734058409,37.60100599800317]","[69.18419294042282,35.809170075797766,70.43615734058409,37.60100599800317]",0.460003581,0,1.2519644,within_safe_vector_latitude,not_run+unchanged,1,
adm1,12653393B32704257785092,Balkh,AFG,True,"[66.44782422077654,35.67825993680879,68.17313926278885,37.357635479924724]","[66.44782422077654,35.67825993680879,68.17313926278885,37.357635479924724]",0.430852506,0,1.725315042,within_safe_vector_latitude,not_run+unchanged,2,
adm1,12653393B88420098597995,Sar-e Pol,AFG,True,"[65.33566813755965,34.901077886038664,67.10263038107365,36.55564376104254]","[65.33566813755965,34.901077886038664,67.10263038107365,36.55564376104254]",0.542516525,0,1.766962244,within_safe_vector_latitude,not_run+unchanged,1,
adm1,12653393B68515507308334,Jowzjan,AFG,True,"[65.14644129028268,35.91543054312446,66.55098013025726,37.48819410853144]","[65.14644129028268,35.91543054312446,66.55098013025726,37.48819410853144]",0.542516525,0,1.40453884,within_safe_vector_latitude,not_run+unchanged,1,
adm1,12653393B15327610512620,Faryab,AFG,True,"[63.87298105385757,35.193135904939716,65.62480060542008,37.2377579173618]","[63.87298105385757,35.193135904939716,65.62480060542008,37.2377579173618]",0.382215583,0,1.751819552,within_safe_vector_latitude,not_run+unchanged,1,
adm1,12653393B49464330763444,Badghis,AFG,True,"[62.633495678480976,34.503758270791955,65.03402595022379,36.00636724176161]","[62.633495678480976,34.503758270791955,65.03402595022379,36.00636724176161]",0.589154533,0,2.400530272,within_safe_vector_latitude,not_run+unchanged,1,
adm1,12653393B10656178064549,Ghor,AFG,True,"[63.06911190015796,33.18733657810146,66.73503377707213,35.27744990759033]","[63.06911190015796,33.18733657810146,66.73503377707213,35.27744990759033]",0.697149325,0,3.665921877,within_safe_vector_latitude,not_run+unchanged,1,
adm1,12653393B41529784753429,Herat,AFG,True,"[60.51760336800004,32.79739152724035,64.44938281244143,35.58993618160855]","[60.51760336800004,32.79739152724035,64.44938281244143,35.58993618160855]",0.697149325,0,3.931779444,within_safe_vector_latitude,not_run+unchanged,1,
adm1,12653393B38600812522696,Farah,AFG,True,"[60.583154,31.386011528807835,64.66111647251128,33.546805298526564]","[60.583154,31.386011528807835,64.66111647251128,33.546805298526564]",0.833570152,0,4.077962473,within_safe_vector_latitude,not_run+unchanged,2,
adm1,12653393B2934199951965,Nimruz,AFG,True,"[60.882577039432974,29.388695,63.51022241634917,32.246273369386145]","[60.882577039432974,29.388695,63.51022241634917,32.246273369386145]",0.833570152,0,2.627645377,within_safe_vector_latitude,not_run+unchanged,2,
adm1,12653393B44617690613931,Helmand,AFG,True,"[62.55062777256604,29.400753975809916,65.33010585022905,33.363527595196565]","[62.55062777256604,29.400753975809916,65.33010585022905,33.363527595196565]",0.623794086,0,2.779478078,within_safe_vector_latitude,not_run+unchanged,2,
adm1,12653393B46637216309148,Badakhshan,AFG,True,"[69.99543102923245,35.497646518123204,74.7436288609614,38.4800829348479]","[69.99543102923245,35.497646518123204,74.7436288609614,38.4800829348479]",1.079223601,0,4.748197832,within_safe_vector_latitude,not_run+unchanged,1,
adm1,14339913B6930312138089,Northern Ireland,GBR,True,"[-8.151423999817666,54.03647200900008,-5.438172000237557,55.2510320002267]","[-8.151423999817666,54.03647200900008,-5.438172000237557,55.2510320002267]",0.365908507,0,2.713252,within_safe_vector_latitude,not_run+unchanged,1,
adm1,14339913B95766344400054,England,GBR,True,"[-5.71004600032262,49.98333200027167,1.754925999835052,55.81099608060979]","[-5.71004600032262,49.98333200027167,1.754925999835052,55.81099608060979]",0.369909964,0,7.464972,within_safe_vector_latitude,not_run+unchanged,4,
adm1,14339913B23556801435424,Scotland,GBR,True,"[-7.435038892491259,54.70761800017061,-0.992470999636851,60.657768999739574]","[-7.435038892491259,54.70761800017061,-0.992470999636851,60.657768999739574]",0.569939801,0,4.384205999,within_safe_vector_latitude,not_run+unchanged,2,
adm1,14339913B89763821047858,Wales,GBR,True,"[-5.292477000313283,51.38232599964522,-2.666091000099527,53.4138440003004]","[-5.292477000313283,51.38232599964522,-2.666091000099527,53.4138440003004]",0.398605006,0,2.626386,within_safe_vector_latitude,not_run+unchanged,1,
adm1,10019604B1094996199402,Berat,ALB,True,"[19.737452645000076,40.37740006400003,20.465731936000054,40.87425076200003]","[19.737452645000076,40.37740006400003,20.465731936000054,40.87425076200003]",0.347423293,0,0.728279291,within_safe_vector_latitude,not_run+unchanged,1,
adm1,10019604B38416360860341,Dibër,ALB,True,"[19.818117018000066,41.33670900100003,20.561153,41.88930189000007]","[19.818117018000066,41.33670900100003,20.561153,41.88930189000007]",0.194381312,0,0.743035982,within_safe_vector_latitude,not_run+unchanged,1,
adm1,10019604B56812167051250,Durrës,ALB,True,"[19.417833330000065,41.273064083000065,19.904852902000073,41.58223273167212]","[19.417833330000065,41.273064083000065,19.904852902000073,41.58223273167212]",0.259108081,0,0.487019572,within_safe_vector_latitude,not_run+unchanged,1,
adm1,10019604B8832247678249,Elbasan,ALB,True,"[19.67797661000003,40.708633863000045,20.594328605000044,41.40283232400003]","[19.67797661000003,40.708633863000045,20.594328605000044,41.40283232400003]",0.380979093,0,0.916351995,within_safe_vector_latitude,not_run+unchanged,2,
adm1,10019604B18588012879070,Fier,ALB,True,"[19.30876871400445,40.42027738300004,19.928602013000045,41.068863029000056]","[19.30876871400445,40.42027738300004,19.928602013000045,41.068863029000056]",0.191149368,0,0.619833299,within_safe_vector_latitude,not_run+unchanged,2,
adm1,10019604B29738820438867,Gjirokastër,ALB,True,"[19.745136959000035,39.81068260775244,20.625297508424417,40.53482812400006]","[19.745136959000035,39.81068260775244,20.625297508424417,40.53482812400006]",0.347423293,0,0.880160549,within_safe_vector_latitude,not_run+unchanged,1,
adm1,10019604B11091570243697,Korçë,ALB,True,"[20.30764307800007,40.08929100100005,21.153050493635583,41.09353784700005]","[20.30764307800007,40.08929100100005,21.153050493635583,41.09353784700005]",0.166056846,0,0.845407416,within_safe_vector_latitude,not_run+unchanged,2,
adm1,10019604B40645538692706,Kukës,ALB,True,"[19.82637358100004,41.81805455600005,20.620953822273226,42.55737471400005]","[19.82637358100004,41.81805455600005,20.620953822273226,42.55737471400005]",0.213171257,0,0.794580241,within_safe_vector_latitude,not_run+unchanged,1,
adm1,10019604B99204019868502,Lezhë,ALB,True,"[19.53485224899294,41.56817260400004,20.259024430000068,42.00179685200004]","[19.53485224899294,41.56817260400004,20.259024430000068,42.00179685200004]",0.308818353,0,0.724172181,within_safe_vector_latitude,not_run+unchanged,1,
adm1,10019604B9428140626415,Shkodër,ALB,True,"[19.2839987,41.835010751347646,20.237530321000065,42.661166939000054]","[19.2839987,41.835010751347646,20.237530321000065,42.661166939000054]",0.308818353,0,0.953531621,within_safe_vector_latitude,not_run+unchanged,1,
adm1,10019604B30424798991477,Tiranë,ALB,True,"[19.44602720123232,40.99894220373475,20.223852513000054,41.50621840000008]","[19.44602720123232,40.99894220373475,20.223852513000054,41.50621840000008]",0.380979093,0,0.777825312,within_safe_vector_latitude,not_run+unchanged,1,
adm1,10019604B59649873769490,Vlorë,ALB,True,"[19.29493529430603,39.644481996000025,20.322116036000068,40.652275583061936]","[19.29493529430603,39.644481996000025,20.322116036000068,40.652275583061936]",0.187001241,0,1.027180742,within_safe_vector_latitude,not_run+unchanged,1,
adm1,43142294B97480278452280,Tiaret,DZA,True,"[0.486753,34.073319,2.670846,35.711357]","[0.486753,34.073319,2.670846,35.711357]",0.103572,0,2.184093,within_safe_vector_latitude,not_run+unchanged,1,
adm1,43142294B70824426814000,Ouargla,DZA,True,"[2.996532,28.498373,9.470779723075324,33.9586677]","[2.996532,28.498373,9.470779723075324,33.9586677]",0.566821,0,6.474247723,within_safe_vector_latitude,not_run+unchanged,2,
adm1,43142294B16317854663637,Saïda,DZA,True,"[-0.347956,34.319696,0.933411,35.1670632]","[-0.347956,34.319696,0.933411,35.1670632]",0.102065,0,1.281367,within_safe_vector_latitude,not_run+unchanged,2,
adm1,43142294B13998567259459,Aïn Defla,DZA,True,"[1.5269042,35.860953,2.6261245,36.4567827]","[1.5269042,35.860953,2.6261245,36.4567827]",0.033541,0,1.0992203,within_safe_vector_latitude,not_run+unchanged,1,
adm1,43142294B43473078766346,Adrar,DZA,True,"[-5.667407232790549,20.028382,2.495601,31.659608]","[-5.667407232790549,20.028382,2.495601,31.659608]",0.3477561,0,8.163008233,within_safe_vector_latitude,not_run+unchanged,4,
adm1,43142294B30165394777555,Aïn Témouchent,DZA,True,"[-1.5878013,35.08999,-0.582419,35.63880780820682]","[-1.5878013,35.08999,-0.582419,35.63880780820682]",0.047117,0,1.0053823,within_safe_vector_latitude,not_run+unchanged,1,
adm1,43142294B57632161166824,Béchar,DZA,True,"[-5.499998,27.300564,0.383871,32.41795]","[-5.499998,27.300564,0.383871,32.41795]",0.216089,0,5.883869,within_safe_vector_latitude,not_run+unchanged,4,
adm1,43142294B80473805298321,Biskra,DZA,True,"[4.1312537,33.355255,6.772515,35.2856456]","[4.1312537,33.355255,6.772515,35.2856456]",0.121317,0,2.6412613,within_safe_vector_latitude,not_run+unchanged,1,
adm1,43142294B61154116750870,Bordj Bou Arreridj‎,DZA,True,"[4.066546,35.7622582,5.1940646,36.4301905]","[4.066546,35.7622582,5.1940646,36.4301905]",0.027572,0,1.1275186,within_safe_vector_latitude,not_run+unchanged,1,
adm1,43142294B40291105422873,Chlef,DZA,True,"[0.690843,35.851367,1.720334,36.55522052832405]","[0.690843,35.851367,1.720334,36.55522052832405]",0.023189,0,1.029491,within_safe_vector_latitude,not_run+unchanged,1,
adm1,43142294B54486011126442,Constantine,DZA,True,"[6.309767,36.092683,7.049118,36.624204]","[6.309767,36.092683,7.049118,36.624204]",0.021337,0,0.739351,within_safe_vector_latitude,not_run+unchanged,1,
adm1,43142294B15861145285183,El Tarf,DZA,True,"[7.666021,36.391082,8.6811291,36.9519587]","[7.666021,36.391082,8.6811291,36.9519587]",0.026439309,0,1.0151081,within_safe_vector_latitude,not_run+unchanged,1,
adm1,43142294B83676700490594,Ghardaia,DZA,True,"[1.903011,28.89785,5.025157,33.071012]","[1.903011,28.89785,5.025157,33.071012]",0.282323,0,3.122146,within_safe_vector_latitude,not_run+unchanged,2,
adm1,43142294B80449327613638,Tindouf,DZA,True,"[-8.668909,25.51381858111446,-2.980245,29.614681]","[-8.668909,25.51381858111446,-2.980245,29.614681]",0.1616856,0,5.688664,within_safe_vector_latitude,not_run+unchanged,1,
adm1,43142294B45005324618688,Skikda,DZA,True,"[6.239375353000071,36.419475,7.405151,37.0896792]","[6.239375353000071,36.419475,7.405151,37.0896792]",0.03488,0,1.165775647,within_safe_vector_latitude,not_run+unchanged,1,
adm1,43142294B44506325294932,Tipaza,DZA,True,"[1.6423576,36.3558653,2.832811,36.6986945]","[1.6423576,36.3558653,2.832811,36.6986945]",0.033541,0,1.1904534,within_safe_vector_latitude,not_run+unchanged,1,
adm1,43142294B82645808466854,Tissemsilt,DZA,True,"[1.257126,35.53633,2.314422,36.03547]","[1.257126,35.53633,2.314422,36.03547]",0.046276,0,1.057296,within_safe_vector_latitude,not_run+unchanged,1,
adm1,43142294B64913925424016,Tlemcen,DZA,True,"[-2.218498,34.096781362571654,-0.767631,35.2381746]","[-2.218498,34.096781362571654,-0.767631,35.2381746]",0.039071,0,1.450867,within_safe_vector_latitude,not_run+unchanged,1,
adm1,43142294B43001903647784,Sidi Bel Abbès,DZA,True,"[-1.125253,33.908456,0.040749,35.456157]","[-1.125253,33.908456,0.040749,35.456157]",0.078257,0,1.166002,within_safe_vector_latitude,not_run+unchanged,2,
adm1,43142294B67344016857851,Sétif,DZA,True,"[4.7296445,35.6151215,6.026243,36.595602]","[4.7296445,35.6151215,6.026243,36.595602]",0.0458252,0,1.2965985,within_safe_vector_latitude,not_run+unchanged,1,
adm1,43142294B36860814815957,Relizane,DZA,True,"[0.227202,35.445208,1.427721,36.228027]","[0.227202,35.445208,1.427721,36.228027]",0.030958,0,1.200519,within_safe_vector_latitude,not_run+unchanged,1,
adm1,43142294B35959348509380,Oum El Bouaghi,DZA,True,"[6.15411,35.422473,7.867395,36.198164]","[6.15411,35.422473,7.867395,36.198164]",0.070206,0,1.713285,within_safe_vector_latitude,not_run+unchanged,1,
adm1,43142294B58874984978475,Naâma,DZA,True,"[-1.7324754,32.145526,0.157292,34.325875]","[-1.7324754,32.145526,0.157292,34.325875]",0.162233,0,1.8897674,within_safe_vector_latitude,not_run+unchanged,2,
adm1,43142294B85855835528530,M'Sila,DZA,True,"[3.369487,34.216712,5.33783,36.042595]","[3.369487,34.216712,5.33783,36.042595]",0.084446,0,1.968343,within_safe_vector_latitude,not_run+unchanged,1,
adm1,43142294B52445945964546,Mila,DZA,True,"[5.7361265,35.876227,6.545281,36.624197]","[5.7361265,35.876227,6.545281,36.624197]",0.058793,0,0.8091545,within_safe_vector_latitude,not_run+unchanged,1,
adm1,43142294B64493603110073,Illizi,DZA,True,"[5.638444,22.506576508761597,11.993516519836433,30.558553532967498]","[5.638444,22.506576508761597,11.993516519836433,30.558553532967498]",0.44959138,0,6.35507252,within_safe_vector_latitude,not_run+unchanged,2,
adm1,43142294B94550777300099,Guelma,DZA,True,"[6.939499,36.0244092,7.959225,36.672902]","[6.939499,36.0244092,7.959225,36.672902]",0.041953,0,1.019726,within_safe_vector_latitude,not_run+unchanged,1,
adm1,43142294B74351585751074,Djelfa,DZA,True,"[2.012668,32.852914,5.078817,35.832375]","[2.012668,32.852914,5.078817,35.832375]",0.195211,0,3.066149,within_safe_vector_latitude,not_run+unchanged,1,
adm1,43142294B6851000275455,El Oued,DZA,True,"[5.182719,32.001433,9.065308,34.511089]","[5.182719,32.001433,9.065308,34.511089]",0.566821,0,3.882589,within_safe_vector_latitude,not_run+unchanged,1,
adm1,43142294B89976296243107,Batna,DZA,True,"[4.741007,34.753621,6.7927636,35.922747]","[4.741007,34.753621,6.7927636,35.922747]",0.058793,0,2.0517566,within_safe_vector_latitude,not_run+unchanged,1,
adm1,43142294B57836115778835,Algiers,DZA,True,"[2.7998673,36.5794268,3.382583,36.819708151210534]","[2.7998673,36.5794268,3.382583,36.819708151210534]",0.0296802,0,0.5827157,within_safe_vector_latitude,not_run+unchanged,1,
adm1,43142294B66953226377953,Laghouat,DZA,True,"[1.335249,32.8040363,4.479801,34.695157]","[1.335249,32.8040363,4.479801,34.695157]",0.189395,0,3.144552,within_safe_vector_latitude,not_run+unchanged,1,
adm1,43142294B41901445774444,Jijel,DZA,True,"[5.4198174,36.518827,6.510529,36.9397419]","[5.4198174,36.518827,6.510529,36.9397419]",0.026983652,0,1.0907116,within_safe_vector_latitude,not_run+unchanged,1,
adm1,43142294B97180369082904,Mascara,DZA,True,"[-0.521517,35.011227,0.902122,35.784642]","[-0.521517,35.011227,0.902122,35.784642]",0.0525847,0,1.423639,within_safe_vector_latitude,not_run+unchanged,2,
adm1,43142294B34216728731802,Médéa,DZA,True,"[2.142852,35.445586,3.629071,36.504563]","[2.142852,35.445586,3.629071,36.504563]",0.076859,0,1.486219,within_safe_vector_latitude,not_run+unchanged,1,
adm1,43142294B83605883333857,Mostaganem,DZA,True,"[-0.115647,35.672047,0.740988,36.33394035800006]","[-0.115647,35.672047,0.740988,36.33394035800006]",0.035983,0,0.856635,within_safe_vector_latitude,not_run+unchanged,2,
adm1,43142294B7086800589276,Tébessa,DZA,True,"[7.227512,34.24363883424433,8.4764,36.003776]","[7.227512,34.24363883424433,8.4764,36.003776]",0.107674,0,1.248888,within_safe_vector_latitude,not_run+unchanged,1,
adm1,43142294B98012200258451,Boumerdès,DZA,True,"[3.2235673,36.548606,4.035691,36.92330541668616]","[3.2235673,36.548606,4.035691,36.92330541668616]",0.0319638,0,0.8121237,within_safe_vector_latitude,not_run+unchanged,1,
adm1,43142294B83954267936020,Blida,DZA,True,"[2.4764792,36.3297501,3.307116,36.6725912]","[2.4764792,36.3297501,3.307116,36.6725912]",0.0296802,0,0.8306368,within_safe_vector_latitude,not_run+unchanged,1,
adm1,43142294B58957670986273,Bejaia,DZA,True,"[4.350452,36.2176051,5.482679,36.895941]","[4.350452,36.2176051,5.482679,36.895941]",0.029329073,0,1.132227,within_safe_vector_latitude,not_run+unchanged,1,
adm1,43142294B23379165901565,Tamanrasset,DZA,True,"[0.933021,18.968147,10.270553,29.758296]","[0.933021,18.968147,10.270553,29.758296]",0.3477561,0,9.337532,within_safe_vector_latitude,not_run+unchanged,2,
adm1,43142294B45118294569306,Khenchela,DZA,True,"[6.497299,34.154288,7.549142,35.6728814]","[6.497299,34.154288,7.549142,35.6728814]",0.073697,0,1.051843,within_safe_vector_latitude,not_run+unchanged,1,
adm1,43142294B89431929839902,Oran,DZA,True,"[-1.061482874790447,35.333953,-0.113693,35.909322718023226]","[-1.061482874790447,35.333953,-0.113693,35.909322718023226]",0.0525847,0,0.947789875,within_safe_vector_latitude,not_run+unchanged,1,
adm1,43142294B72736403696656,Bouira,DZA,True,"[3.29331,35.853751,4.394548,36.612833]","[3.29331,35.853751,4.394548,36.612833]",0.058344,0,1.101238,within_safe_vector_latitude,not_run+unchanged,1,
adm1,43142294B26097348484504,El Bayadh,DZA,True,"[-0.415873,30.701657,2.360306,34.448165]","[-0.415873,30.701657,2.360306,34.448165]",0.259596,0,2.776179,within_safe_vector_latitude,not_run+unchanged,4,
adm1,43142294B62233719624556,Annaba,DZA,True,"[7.287414735381676,36.602898,7.830145,37.0839393]","[7.287414735381676,36.602898,7.830145,37.0839393]",0.0233362,0,0.542730265,within_safe_vector_latitude,not_run+unchanged,1,
adm1,43142294B60721224304202,Souk Ahras,DZA,True,"[7.283261,35.806568,8.4096565,36.470146]","[7.283261,35.806568,8.4096565,36.470146]",0.033067,0,1.1263955,within_safe_vector_latitude,not_run+unchanged,1,
adm1,43142294B98309179755088,Tizi Ouzou,DZA,True,"[3.715829,36.452644,4.652958,36.91049937268121]","[3.715829,36.452644,4.652958,36.91049937268121]",0.029296,0,0.937129,within_safe_vector_latitude,not_run+unchanged,1,
adm1,66186276B69138566591314,Mississippi,USA,True,"[-91.65403309899995,30.180922253000062,-88.09789332599996,34.99602397100006]","[-91.65403309899995,30.180922253000062,-88.09789332599996,34.99602397100006]",0.411636112,0,3.556139773,within_safe_vector_latitude,not_run+unchanged,4,
adm1,66186276B6801956407400,North Carolina,USA,True,"[-84.32187325299998,33.843238468961594,-75.46188862899999,36.588124135000044]","[-84.32187325299998,33.843238468961594,-75.46188862899999,36.588124135000044]",0.383205117,0,8.604636666,within_safe_vector_latitude,not_run+unchanged,2,
adm1,66186276B83300161667341,Oklahoma,USA,True,"[-103.00252733099995,33.61583899500005,-94.43066908599997,37.002212315000065]","[-103.00252733099995,33.61583899500005,-94.43066908599997,37.002212315000065]",0.435876107,0,8.571858245,within_safe_vector_latitude,not_run+unchanged,2,
adm1,66186276B53580985925186,Virginia,USA,True,"[-83.67539916199996,36.54074520800003,-75.24226768499994,39.46601984800003]","[-83.67539916199996,36.54074520800003,-75.24226768499994,39.46601984800003]",0.383205117,0,7.804974039,within_safe_vector_latitude,not_run+unchanged,2,
adm1,66186276B64762166704956,West Virginia,USA,True,"[-82.63905795899996,37.20149026100006,-77.71952153399997,40.638808984000036]","[-82.63905795899996,37.20149026100006,-77.71952153399997,40.638808984000036]",0.456553141,0,4.919536425,within_safe_vector_latitude,not_run+unchanged,2,
adm1,66186276B41335105066757,Louisiana,USA,True,"[-94.04315380899999,28.931645209000067,-88.81702226899995,33.01946291400003]","[-94.04315380899999,28.931645209000067,-88.81702226899995,33.01946291400003]",0.420207111,0,5.036994519,within_safe_vector_latitude,not_run+unchanged,4,
adm1,66186276B37442548568489,Michigan,USA,True,"[-90.41814314199996,41.69612597300005,-82.41681755314869,48.19098378700005]","[-90.41814314199996,41.69612597300005,-82.41681755314869,48.19098378700005]",0.423075138,0,6.522674087,within_safe_vector_latitude,not_run+unchanged,2,
adm1,66186276B15934532614691,Massachusetts,USA,True,"[-73.50814337399999,41.23831868161377,-69.93014802399995,42.88459777600008]","[-73.50814337399999,41.23831868161377,-69.93014802399995,42.88459777600008]",0.455844149,0,3.57799535,within_safe_vector_latitude,not_run+unchanged,1,
adm1,66186276B48953429733047,Idaho,USA,True,"[-117.24268834399999,41.988558004000026,-111.04357584499996,49.000750262850055]","[-117.24268834399999,41.988558004000026,-111.04357584499996,49.000750262850055]",0.432941085,0,6.199112499,within_safe_vector_latitude,not_run+unchanged,4,
adm1,66186276B65591139260314,Florida,USA,True,"[-87.63494298199998,24.54580849242092,-80.03219880499995,31.000889802000074]","[-87.63494298199998,24.54580849242092,-80.03219880499995,31.000889802000074]",0.368506107,0,7.602744177,within_safe_vector_latitude,not_run+unchanged,1,
adm1,66186276B73402293045483,Nebraska,USA,True,"[-104.05352406199995,40.00000509000006,-95.30829771899994,43.00138493900005]","[-104.05352406199995,40.00000509000006,-95.30829771899994,43.00138493900005]",0.472526116,0,8.745226343,within_safe_vector_latitude,not_run+unchanged,4,
adm1,66186276B98555229882405,Washington,USA,True,"[-124.73184345599998,45.54354650500005,-116.91600259499995,49.00223182857521]","[-124.73184345599998,45.54354650500005,-116.91600259499995,49.00223182857521]",0.444215079,0,7.815840861,within_safe_vector_latitude,not_run+unchanged,4,
adm1,66186276B2592965416524,New Mexico,USA,True,"[-109.05018327799996,31.332369965000055,-103.00220835999994,37.00023813700005]","[-109.05018327799996,31.332369965000055,-103.00220835999994,37.00023813700005]",0.417787091,0,6.047974918,within_safe_vector_latitude,not_run+unchanged,2,
adm1,66186276B86072070009793,Puerto Rico,USA,True,"[-67.94468983999997,17.930068755000036,-65.24411200799995,18.51291656500007]","[-67.94468983999997,17.930068755000036,-65.24411200799995,18.51291656500007]",0.082475025,0,1.668157172,within_safe_vector_latitude,not_run+unchanged,2,
adm1,66186276B38006515706420,South Dakota,USA,True,"[-104.05788962399998,42.480043403000025,-96.43934338299994,45.94531727900005]","[-104.05788962399998,42.480043403000025,-96.43934338299994,45.94531727900005]",0.486733121,0,7.618546241,within_safe_vector_latitude,not_run+unchanged,2,
adm1,66186276B29106115751815,Texas,USA,True,"[-106.64530579299998,25.840121320000037,-93.51891858499994,36.50053213100006]","[-106.64530579299998,25.840121320000037,-93.51891858499994,36.50053213100006]",0.431738101,0,13.126387208,within_safe_vector_latitude,not_run+unchanged,4,
adm1,66186276B43071933723331,California,USA,True,"[-124.40861485099998,32.53430097800003,-114.13122247499996,42.00949027000007]","[-124.40861485099998,32.53430097800003,-114.13122247499996,42.00949027000007]",0.348723055,0,10.277392376,within_safe_vector_latitude,not_run+unchanged,4,
adm1,66186276B98021244841737,Alabama,USA,True,"[-88.47323226399999,30.22365053900006,-84.88908427199993,35.008034544000054]","[-88.47323226399999,30.22365053900006,-84.88908427199993,35.008034544000054]",0.437038125,0,3.584147992,within_safe_vector_latitude,not_run+unchanged,2,
adm1,66186276B75419826371250,Georgia,USA,True,"[-85.60516962299994,30.35893475100005,-80.84201304893223,35.00066564600007]","[-85.60516962299994,30.35893475100005,-80.84201304893223,35.00066564600007]",0.368506107,0,4.763156574,within_safe_vector_latitude,not_run+unchanged,2,
adm1,66186276B6628180846672,Pennsylvania,USA,True,"[-80.51942859999997,39.719807951000064,-74.69113070899994,42.26986832000006]","[-80.51942859999997,39.719807951000064,-74.69113070899994,42.26986832000006]",0.47824215,0,5.828297891,within_safe_vector_latitude,not_run+unchanged,4,
adm1,66186276B13694661525286,Missouri,USA,True,"[-95.77355690399997,35.99568964100007,-89.09959974899994,40.61364740500005]","[-95.77355690399997,35.99568964100007,-89.09959974899994,40.61364740500005]",0.394236109,0,6.673957155,within_safe_vector_latitude,not_run+unchanged,2,
adm1,66186276B35012827062242,Colorado,USA,True,"[-109.06007284599997,36.99243191100004,-102.04158319599998,41.00345044100004]","[-109.06007284599997,36.99243191100004,-102.04158319599998,41.00345044100004]",0.470025109,0,7.01848965,within_safe_vector_latitude,not_run+unchanged,2,
adm1,66186276B31593004124297,Utah,USA,True,"[-114.05297377499994,36.99800268400003,-109.04106880199998,42.00170824200006]","[-114.05297377499994,36.99800268400003,-109.04106880199998,42.00170824200006]",0.492266717,0,5.011904973,within_safe_vector_latitude,not_run+unchanged,4,
adm1,66186276B52324970173776,Tennessee,USA,True,"[-90.30988294899998,34.98297865200004,-81.64690356099999,36.67812488000004]","[-90.30988294899998,34.98297865200004,-81.64690356099999,36.67812488000004]",0.437038125,0,8.662979388,within_safe_vector_latitude,not_run+unchanged,2,
adm1,66186276B10933057601622,Wyoming,USA,True,"[-111.05456822899998,40.99475217200006,-104.05235009499995,45.005821731000026]","[-111.05456822899998,40.99475217200006,-104.05235009499995,45.005821731000026]",0.509891115,0,7.002218134,within_safe_vector_latitude,not_run+unchanged,1,
adm1,66186276B43575054209436,New York,USA,True,"[-79.76195438599996,40.49744967123924,-71.85621554399995,45.01582500100005]","[-79.76195438599996,40.49744967123924,-71.85621554399995,45.01582500100005]",0.473045151,0,6.519911003,within_safe_vector_latitude,not_run+unchanged,4,
adm1,66186276B64014601259366,Kansas,USA,True,"[-102.05175344199995,36.99302220200008,-94.58842044199997,40.003084657000045]","[-102.05175344199995,36.99302220200008,-94.58842044199997,40.003084657000045]",0.472526116,0,7.463333,within_safe_vector_latitude,not_run+unchanged,2,
adm1,66186276B62688952876525,Alaska,USA,True,"[-179.14685807599997,51.220508668000036,179.7730258585111,71.35175584100006]","[-179.14685807599997,51.220508668000036,179.7730258585111,71.35175584100006]",0.627994305,0,38.117136233,within_safe_vector_latitude,not_run+unchanged,24,
adm1,66186276B98615608994420,Nevada,USA,True,"[-120.00575901599996,35.00186217500004,-114.03966032199997,42.00182792900006]","[-120.00575901599996,35.00186217500004,-114.03966032199997,42.00182792900006]",0.428175076,0,5.966098694,within_safe_vector_latitude,not_run+unchanged,2,
adm1,66186276B11383391196245,Illinois,USA,True,"[-91.51298069799998,36.970304885000076,-87.49591043299995,42.508488784000065]","[-91.51298069799998,36.970304885000076,-87.49591043299995,42.508488784000065]",0.366962108,0,4.017070265,within_safe_vector_latitude,not_run+unchanged,4,
adm1,66186276B17406925856308,Vermont,USA,True,"[-73.43774148299997,42.72686169600007,-71.49601789599996,45.016617]","[-73.43774148299997,42.72686169600007,-71.49601789599996,45.016617]",0.455844149,0,1.941723587,within_safe_vector_latitude,not_run+unchanged,1,
adm1,66186276B80192890672447,Montana,USA,True,"[-116.049168985,44.35796832900007,-104.03970461999995,49.001008066000054]","[-116.049168985,44.35796832900007,-104.03970461999995,49.001008066000054]",0.509891115,0,12.009464365,within_safe_vector_latitude,not_run+unchanged,4,
adm1,66186276B63937528568220,Iowa,USA,True,"[-96.63971238799996,40.378271383000026,-90.14006749399994,43.50055790600004]","[-96.63971238799996,40.378271383000026,-90.14006749399994,43.50055790600004]",0.481483136,0,6.499644894,within_safe_vector_latitude,not_run+unchanged,2,
adm1,66186276B79689460185872,South Carolina,USA,True,"[-83.35324195599998,32.03536576122329,-78.54330560487858,35.21540182100006]","[-83.35324195599998,32.03536576122329,-78.54330560487858,35.21540182100006]",0.363267109,0,4.802494907,within_safe_vector_latitude,not_run+unchanged,2,
adm1,66186276B86627915353587,New Hampshire,USA,True,"[-72.55724811299996,42.696998730000075,-70.71195496899998,45.305414497887426]","[-72.55724811299996,42.696998730000075,-70.71195496899998,45.305414497887426]",0.451612149,0,1.845293144,within_safe_vector_latitude,not_run+unchanged,1,
adm1,66186276B89395128410123,Arizona,USA,True,"[-114.81631145399996,31.332340035000072,-109.04523371,37.00426568300003]","[-114.81631145399996,31.332340035000072,-109.04523371,37.00426568300003]",0.492266717,0,5.771077744,within_safe_vector_latitude,not_run+unchanged,4,
adm1,66186276B94082813086253,District of Columbia,USA,True,"[-77.11976132299998,38.79165276400005,-76.90939725499999,38.99511780500006]","[-77.11976132299998,38.79165276400005,-76.90939725499999,38.99511780500006]",0.131604047,0,0.210364068,within_safe_vector_latitude,not_run+unchanged,1,
adm1,66186276B68035916752114,American Samoa,USA,True,"[-170.84701755299997,-14.369054310835518,-169.44630432099999,-14.157808465668108]","[-170.84701755299997,-14.369054310835518,-169.44630432099999,-14.157808465668108]",0.035806001,0,0.14493015,within_safe_vector_latitude,not_run+unchanged,1,
adm1,66186276B43103824256708,United States Virgin Islands,USA,True,"[-65.04208373999995,17.680427701000042,-64.57720579099998,18.371271904000025]","[-65.04208373999995,17.680427701000042,-64.57720579099998,18.371271904000025]",0.039226012,0,0.3263491,within_safe_vector_latitude,not_run+unchanged,1,
adm1,66186276B73434888205604,New Jersey,USA,True,"[-75.55944787599998,38.92852686700007,-73.8964804299999,41.35743135700005]","[-75.55944787599998,38.92852686700007,-73.8964804299999,41.35743135700005]",0.279710097,0,1.662967446,within_safe_vector_latitude,not_run+unchanged,2,
adm1,66186276B21291522594454,Maryland,USA,True,"[-79.48765407799993,37.923171574835735,-75.04894064799998,39.722782875000064]","[-79.48765407799993,37.923171574835735,-75.04894064799998,39.722782875000064]",0.47824215,0,4.403422802,within_safe_vector_latitude,not_run+unchanged,2,
adm1,66186276B78821008370123,Maine,USA,True,"[-71.08391855070602,43.064726574000076,-66.97649451489478,47.45969563700004]","[-71.08391855070602,43.064726574000076,-66.97649451489478,47.45969563700004]",0.200365532,0,4.106660866,within_safe_vector_latitude,not_run+unchanged,2,
adm1,66186276B99594608635082,Hawaii,USA,True,"[-160.24750237446355,18.912447309431787,-154.80704373321328,22.229515379000077]","[-160.24750237446355,18.912447309431787,-154.80704373321328,22.229515379000077]",0.080434997,0,1.253729754,within_safe_vector_latitude,not_run+unchanged,3,
adm1,66186276B31549545599635,Delaware,USA,True,"[-75.78865994999995,38.45102076100005,-75.04894064799998,39.83901502800006]","[-75.78865994999995,38.45102076100005,-75.04894064799998,39.83901502800006]",0.243315077,0,0.739719302,within_safe_vector_latitude,not_run+unchanged,1,
adm1,66186276B63361112364184,Guam,USA,True,"[144.61929407457944,13.246270964000075,144.95541612472903,13.652207294476103]","[144.61929407457944,13.246270964000075,144.95541612472903,13.652207294476103]",0.036158177,0,0.33612205,within_safe_vector_latitude,not_run+unchanged,1,
adm1,66186276B16791499040259,Commonwealth of the Northern Mariana Islands,USA,True,"[145.12705993600002,14.112384694730377,145.85115907700003,19.683721543000047]","[145.12705993600002,14.112384694730377,145.85115907700003,19.683721543000047]",0.063614982,0,0.150307912,within_safe_vector_latitude,not_run+unchanged,1,
adm1,66186276B98073251815399,Rhode Island,USA,True,"[-71.86031887586286,41.306326445000025,-71.12057056199995,42.018806598000026]","[-71.86031887586286,41.306326445000025,-71.12057056199995,42.018806598000026]",0.238404078,0,0.630167114,within_safe_vector_latitude,not_run+unchanged,1,
adm1,66186276B22971435435932,Kentucky,USA,True,"[-89.57124684999997,36.49713584600005,-81.96801571499998,39.14666550800007]","[-89.57124684999997,36.49713584600005,-81.96801571499998,39.14666550800007]",0.401190115,0,7.449265089,within_safe_vector_latitude,not_run+unchanged,1,
adm1,66186276B76680759932915,Ohio,USA,True,"[-84.82016167599994,38.40514546400004,-80.51869654099994,41.977531233000036]","[-84.82016167599994,38.40514546400004,-80.51869654099994,41.977531233000036]",0.389409117,0,4.301465135,within_safe_vector_latitude,not_run+unchanged,2,
adm1,66186276B91272823970344,Wisconsin,USA,True,"[-92.88793673599997,42.49199089100006,-86.82438889799994,47.07718349500004]","[-92.88793673599997,42.49199089100006,-86.82438889799994,47.07718349500004]",0.423075138,0,5.917575809,within_safe_vector_latitude,not_run+unchanged,2,
adm1,66186276B97229519707655,Oregon,USA,True,"[-124.55931225199998,41.99179959400004,-116.463517433,46.26708601916539]","[-124.55931225199998,41.99179959400004,-116.463517433,46.26708601916539]",0.444215079,0,8.095794819,within_safe_vector_latitude,not_run+unchanged,2,
adm1,66186276B22881275445497,North Dakota,USA,True,"[-104.04891135299994,45.935144656000034,-96.55451584099995,49.000542033000045]","[-104.04891135299994,45.935144656000034,-96.55451584099995,49.000542033000045]",0.486733121,0,7.494395512,within_safe_vector_latitude,not_run+unchanged,4,
adm1,66186276B86295910312663,Arkansas,USA,True,"[-94.61792621899997,33.00411201600008,-89.64484382499995,36.49960654100005]","[-94.61792621899997,33.00411201600008,-89.64484382499995,36.49960654100005]",0.420207111,0,4.973082394,within_safe_vector_latitude,not_run+unchanged,2,
adm1,66186276B82803899326534,Indiana,USA,True,"[-88.09496153399994,37.77323009500003,-84.78641064899995,41.76059991500006]","[-88.09496153399994,37.77323009500003,-84.78641064899995,41.76059991500006]",0.391474117,0,3.308550885,within_safe_vector_latitude,not_run+unchanged,2,
adm1,66186276B10610315112087,Minnesota,USA,True,"[-97.23839654199998,43.49936377200004,-89.58101410199998,49.384366439000075]","[-97.23839654199998,43.49936377200004,-89.58101410199998,49.384366439000075]",0.481483136,0,7.65738244,within_safe_vector_latitude,not_run+unchanged,4,
adm1,66186276B83663796884405,Connecticut,USA,True,"[-73.72777638299993,40.987577022265725,-71.78699478799996,42.05059553500007]","[-73.72777638299993,40.987577022265725,-71.78699478799996,42.05059553500007]",0.392444128,0,1.940781595,within_safe_vector_latitude,not_run+unchanged,1,
adm1,39004313B39422738209134,Antarctica,ATA,False,"[-180.0,-89.99892578125002,180.0000000000001,-63.22626953125001]","[-180.0,-89.99892578125002,180.0,-63.22626953125001]",360.0,1,360.0,not_checked,antimeridian_split+make_valid,0,world_spanning_component
adm1,74100532B54294973205276,Redonda,ATG,True,"[-62.348159035011406,16.934204384424845,-62.34633254999994,16.942797977835863]","[-62.348159035011406,16.934204384424845,-62.34633254999994,16.942797977835863]",0.001557736,0,0.001826485,within_safe_vector_latitude,not_run+unchanged,1,
adm1,74100532B52002127383103,Saint Philip,ATG,True,"[-61.746531936899316,17.03223579344717,-61.67407619106331,17.103789546869333]","[-61.746531936899316,17.03223579344717,-61.67407619106331,17.103789546869333]",0.017988279,0,0.072455746,within_safe_vector_latitude,not_run+unchanged,1,
adm1,74100532B54588500691901,Saint John,ATG,True,"[-61.902777518874345,17.05041986758289,-61.791834605271156,17.173151355350797]","[-61.902777518874345,17.05041986758289,-61.791834605271156,17.173151355350797]",0.020447152,0,0.110942914,within_safe_vector_latitude,not_run+unchanged,1,
adm1,74100532B56248932917605,Barbuda,ATG,True,"[-61.88670472983938,17.549163963346302,-61.73297119099993,17.726983539462]","[-61.88670472983938,17.549163963346302,-61.73297119099993,17.726983539462]",0.018607834,0,0.127977573,within_safe_vector_latitude,not_run+unchanged,1,
adm1,74100532B19516932260818,Saint Mary,ATG,True,"[-61.903052391954304,17.004936567868356,-61.80813532708362,17.10913988649662]","[-61.903052391954304,17.004936567868356,-61.80813532708362,17.10913988649662]",0.020327499,0,0.094917065,within_safe_vector_latitude,not_run+unchanged,1,
adm1,74100532B93709990123087,Saint Paul,ATG,True,"[-61.81544325130494,16.999220295923703,-61.73307663927545,17.065031163657352]","[-61.81544325130494,16.999220295923703,-61.73307663927545,17.065031163657352]",0.026591125,0,0.082366612,within_safe_vector_latitude,not_run+unchanged,1,
adm1,74100532B3675352926720,Saint Peter,ATG,True,"[-61.79360145184546,17.06122453038779,-61.73029907953884,17.137313905112705]","[-61.79360145184546,17.06122453038779,-61.73029907953884,17.137313905112705]",0.026591125,0,0.063302372,within_safe_vector_latitude,not_run+unchanged,1,
adm1,74100532B88993889644511,Saint George,ATG,True,"[-61.81599785241889,17.080118989841385,-61.77390494915403,17.170613051251337]","[-61.81599785241889,17.080118989841385,-61.77390494915403,17.170613051251337]",0.015593023,0,0.042092903,within_safe_vector_latitude,not_run+unchanged,1,
adm1,19177384B97722443848736,Buenos Aires,ARG,True,"[-63.40605409212259,-41.03191842720501,-56.66836823799997,-30.151773712087106]","[-63.40605409212259,-41.03191842720501,-56.66836823799997,-30.151773712087106]",1.40127302,0,6.737685854,within_safe_vector_latitude,not_run+unchanged,3,
adm1,19177384B98145761763330,Catamarca,ARG,True,"[-69.10016,-30.116125268766098,-64.84489052407838,-25.131926287982733]","[-69.10016,-30.116125268766098,-64.84489052407838,-25.131926287982733]",1.358152468,0,4.255269476,within_safe_vector_latitude,not_run+unchanged,2,
adm1,19177384B38635755405886,Chaco,ARG,True,"[-63.27164701110064,-28.010021452827743,-58.370688299708036,-24.164427769825693]","[-63.27164701110064,-28.010021452827743,-58.370688299708036,-24.164427769825693]",2.820015572,0,4.900958711,within_safe_vector_latitude,not_run+unchanged,1,
adm1,19177384B69455221212116,Chubut,ARG,True,"[-72.14285831658094,-46.00364471231634,-63.60006226899998,-41.96982667985755]","[-72.14285831658094,-46.00364471231634,-63.60006226899998,-41.96982667985755]",2.496404797,0,8.542796048,within_safe_vector_latitude,not_run+unchanged,2,
adm1,19177384B49506124846693,Ciudad Autónoma de Buenos Aires,ARG,True,"[-58.74504626916996,-34.7873449852828,-58.33947428550982,-34.41013333638432]","[-58.74504626916996,-34.7873449852828,-58.33947428550982,-34.41013333638432]",0.270359595,0,0.405571984,within_safe_vector_latitude,not_run+unchanged,1,
adm1,19177384B39000171219781,Córdoba,ARG,True,"[-65.70202511037053,-35.00446423203863,-61.80637963281379,-29.427532745839528]","[-65.70202511037053,-35.00446423203863,-61.80637963281379,-29.427532745839528]",1.644538822,0,3.895645478,within_safe_vector_latitude,not_run+unchanged,2,
adm1,19177384B61983540054875,Corrientes,ARG,True,"[-59.61574515631389,-30.591262054699996,-55.616074545049145,-27.30151626256543]","[-59.61574515631389,-30.591262054699996,-55.616074545049145,-27.30151626256543]",0.696459973,0,3.999670611,within_safe_vector_latitude,not_run+unchanged,2,
adm1,19177384B45303095947895,Formosa,ARG,True,"[-62.313677375710256,-26.871786313999962,-57.573159148505624,-22.51250484272424]","[-62.313677375710256,-26.871786313999962,-57.573159148505624,-22.51250484272424]",1.09892362,0,4.740518227,within_safe_vector_latitude,not_run+unchanged,1,
adm1,19177384B3883129267492,Jujuy,ARG,True,"[-67.20529940337317,-24.589120509303996,-64.07987296436579,-21.843458410776375]","[-67.20529940337317,-24.589120509303996,-64.07987296436579,-21.843458410776375]",0.735110306,0,3.125426439,within_safe_vector_latitude,not_run+unchanged,2,
adm1,19177384B99972609216724,La Pampa,ARG,True,"[-68.16589422074168,-39.36424179832028,-63.341008222151686,-34.9965283310176]","[-68.16589422074168,-39.36424179832028,-63.341008222151686,-34.9965283310176]",1.780732794,0,4.824885999,within_safe_vector_latitude,not_run+unchanged,2,
adm1,19177384B72583408220290,La Roja,ARG,True,"[-69.63409263526688,-31.921212418818016,-65.32851636963471,-27.735848088618354]","[-69.63409263526688,-31.921212418818016,-65.32851636963471,-27.735848088618354]",1.011078628,0,4.305576266,within_safe_vector_latitude,not_run+unchanged,2,
adm1,19177384B51705615570562,Mendoza,ARG,True,"[-70.58369,-37.52731892482848,-66.45481012848461,-31.959946591661833]","[-70.58369,-37.52731892482848,-66.45481012848461,-31.959946591661833]",1.59893932,0,4.128879872,within_safe_vector_latitude,not_run+unchanged,2,
adm1,19177384B16625472822217,Misiones,ARG,True,"[-55.965575485233636,-28.125160806222734,-53.637481,-25.55461168235057]","[-55.965575485233636,-28.125160806222734,-53.637481,-25.55461168235057]",0.34950094,0,2.328094485,within_safe_vector_latitude,not_run+unchanged,1,
adm1,19177384B94928710157578,Neuquén,ARG,True,"[-71.94226751778079,-41.059492654162625,-68.16480207055906,-36.17103202610707]","[-71.94226751778079,-41.059492654162625,-68.16480207055906,-36.17103202610707]",1.353120418,0,3.777465447,within_safe_vector_latitude,not_run+unchanged,2,
adm1,19177384B64043309462999,Río Negro,ARG,True,"[-71.90626378746394,-42.00249008580615,-62.80006303199997,-37.54044626758116]","[-71.90626378746394,-42.00249008580615,-62.80006303199997,-37.54044626758116]",2.496404797,0,9.106200755,within_safe_vector_latitude,not_run+unchanged,4,
adm1,19177384B81563233036116,Salta,ARG,True,"[-68.5614646145846,-26.301955037494963,-62.275209214233826,-22.00075720128376]","[-68.5614646145846,-26.301955037494963,-62.275209214233826,-22.00075720128376]",1.358152468,0,6.2862554,within_safe_vector_latitude,not_run+unchanged,2,
adm1,19177384B47339545206363,San Juan,ARG,True,"[-70.55301296298734,-32.36731911333329,-66.71310373884643,-28.420612556424317]","[-70.55301296298734,-32.36731911333329,-66.71310373884643,-28.420612556424317]",0.739792625,0,3.839909224,within_safe_vector_latitude,not_run+unchanged,4,
adm1,19177384B8726453430521,San Luis,ARG,True,"[-67.32112887659633,-36.0001635937748,-64.83390989992188,-31.826866724719537]","[-67.32112887659633,-36.0001635937748,-64.83390989992188,-31.826866724719537]",1.556928257,0,2.487218977,within_safe_vector_latitude,not_run+unchanged,2,
adm1,19177384B63276911592202,Santa Cruz,ARG,True,"[-73.53118171266584,-52.36625512057731,-65.8040568409949,-45.96934673773366]","[-73.53118171266584,-52.36625512057731,-65.8040568409949,-45.96934673773366]",2.110532585,0,7.727124872,within_safe_vector_latitude,not_run+unchanged,4,
adm1,19177384B6836410786482,Santa Fe,ARG,True,"[-62.87247569579671,-34.384611783606886,-58.807222448357265,-28.009438862113768]","[-62.87247569579671,-34.384611783606886,-58.807222448357265,-28.009438862113768]",2.820015572,0,4.065253247,within_safe_vector_latitude,not_run+unchanged,2,
adm1,19177384B61792957744675,Santiago del Estero,ARG,True,"[-65.02251826450629,-30.120677596493863,-61.62723802041825,-25.579395801674877]","[-65.02251826450629,-30.120677596493863,-61.62723802041825,-25.579395801674877]",1.632883373,0,3.395280244,within_safe_vector_latitude,not_run+unchanged,1,
adm1,19177384B7010788354129,Tierra del Fuego,ARG,True,"[-68.54990026298668,-54.844036947147345,-65.77504926245085,-53.05273838167096]","[-68.54990026298668,-54.844036947147345,-65.77504926245085,-53.05273838167096]",1.38063757,0,2.751494288,within_safe_vector_latitude,not_run+unchanged,2,
adm1,19177384B70412318542153,Tucumán,ARG,True,"[-66.05598875287859,-27.936902001026453,-64.36884818019934,-26.083255445382463]","[-66.05598875287859,-27.936902001026453,-64.36884818019934,-26.083255445382463]",0.717400765,0,1.687140573,within_safe_vector_latitude,not_run+unchanged,1,
adm1,23515209B82836637605816,Sant Julia de Loria,AND,True,"[1.419277,42.42973835935783,1.564639942163808,42.50531095395149]","[1.419277,42.42973835935783,1.564639942163808,42.50531095395149]",0.062851031,0,0.145362942,within_safe_vector_latitude,not_run+unchanged,1,
adm1,23515209B25074230340039,Canillo,AND,True,"[1.566634277713661,42.54413346194593,1.785453208260839,42.62904040300739]","[1.566634277713661,42.54413346194593,1.785453208260839,42.62904040300739]",0.078824203,0,0.218818931,within_safe_vector_latitude,not_run+unchanged,1,
adm1,23515209B96881004874456,Ordino,AND,True,"[1.468601,42.5454348002138,1.606081342323307,42.65516246620011]","[1.468601,42.5454348002138,1.606081342323307,42.65516246620011]",0.023776697,0,0.137480342,within_safe_vector_latitude,not_run+unchanged,1,
adm1,23515209B12259378502884,La Massana,AND,True,"[1.41459030967562,42.51022375447798,1.564397093104901,42.60689375151691]","[1.41459030967562,42.51022375447798,1.564397093104901,42.60689375151691]",0.024691668,0,0.149806783,within_safe_vector_latitude,not_run+unchanged,1,
adm1,23515209B87138494217820,Encamp,AND,True,"[1.548666941755414,42.48978013100003,1.734944094979596,42.56714116991799]","[1.548666941755414,42.48978013100003,1.734944094979596,42.56714116991799]",0.078824203,0,0.186277153,within_safe_vector_latitude,not_run+unchanged,1,
adm1,23515209B43580600008856,Escaldes-Engordany,AND,True,"[1.523752058867956,42.450026,1.662965,42.52313478921832]","[1.523752058867956,42.450026,1.662965,42.52313478921832]",0.038545154,0,0.139212941,within_safe_vector_latitude,not_run+unchanged,1,
adm1,23515209B24107209170284,Andorra la Vella,AND,True,"[1.461062995829136,42.46422232965966,1.562297212830231,42.52072385220174]","[1.461062995829136,42.46422232965966,1.562297212830231,42.52072385220174]",0.062851031,0,0.101234217,within_safe_vector_latitude,not_run+unchanged,1,
adm1,26408823B1629995979425,Bengo,AGO,True,"[13.08791637400003,-8.945850371999938,14.99422359600004,-7.619830131999947]","[13.08791637400003,-8.945850371999938,14.99422359600004,-7.619830131999947]",0.041751861,0,1.906307222,within_safe_vector_latitude,not_run+unchanged,1,
adm1,26408823B75281746675067,Benguela,AGO,True,"[12.528155210000023,-13.875305175999927,15.11654472500004,-11.763142585999958]","[12.528155210000023,-13.875305175999927,15.11654472500004,-11.763142585999958]",0.06546402,0,2.588389515,within_safe_vector_latitude,not_run+unchanged,1,
adm1,26408823B27508642812365,Bié,AGO,True,"[15.754293443000051,-14.314503669999965,19.247320175000027,-10.569917678999957]","[15.754293443000051,-14.314503669999965,19.247320175000027,-10.569917678999957]",0.054674149,0,3.493026732,within_safe_vector_latitude,not_run+unchanged,2,
adm1,26408823B25821416016710,Cabinda,AGO,True,"[12.013805819000027,-5.772872,13.102718434000053,-4.388063362999958]","[12.013805819000027,-5.772872,13.102718434000053,-4.388063362999958]",0.180683613,0,1.088912615,within_safe_vector_latitude,not_run+unchanged,1,
adm1,26408823B93569072225888,Cunene,AGO,True,"[13.135041237000053,-17.438843,17.420440674000076,-15.145674705999966]","[13.135041237000053,-17.438843,17.420440674000076,-15.145674705999966]",0.131691,0,4.285399437,within_safe_vector_latitude,not_run+unchanged,1,
adm1,26408823B12021631761277,Huambo,AGO,True,"[14.79938984000006,-13.767397880999965,16.588111877000074,-11.434677123999961]","[14.79938984000006,-13.767397880999965,16.588111877000074,-11.434677123999961]",0.072843551,0,1.788722037,within_safe_vector_latitude,not_run+unchanged,1,
adm1,26408823B98547910937265,Huíla,AGO,True,"[13.212643623000076,-16.37251663199993,16.748420716000055,-13.332905768999979]","[13.212643623000076,-16.37251663199993,16.748420716000055,-13.332905768999979]",0.072843551,0,3.535777093,within_safe_vector_latitude,not_run+unchanged,1,
adm1,26408823B90515543724533,Cuando Cubango,AGO,True,"[16.46522712700005,-18.039104,23.437307818438914,-13.566351890999954]","[16.46522712700005,-18.039104,23.437307818438914,-13.566351890999954]",0.22770419,0,6.972080691,within_safe_vector_latitude,not_run+unchanged,2,
adm1,26408823B10526282327152,Cuanza Norte,AGO,True,"[14.062441826000054,-9.783843039999965,15.830588341000066,-7.933711051999978]","[14.062441826000054,-9.783843039999965,15.830588341000066,-7.933711051999978]",0.076229095,0,1.768146515,within_safe_vector_latitude,not_run+unchanged,1,
adm1,26408823B29177594449133,Cuanza Sul,AGO,True,"[13.499304771000027,-12.20698165899995,16.608688354000037,-9.677205085999958]","[13.499304771000027,-12.20698165899995,16.608688354000037,-9.677205085999958]",0.061755179,0,3.109383583,within_safe_vector_latitude,not_run+unchanged,2,
adm1,26408823B17220104796328,Luanda,AGO,True,"[12.992361070000072,-10.440387725999926,14.629871368000067,-8.74410533899993]","[12.992361070000072,-10.440387725999926,14.629871368000067,-8.74410533899993]",0.027514458,0,1.637510298,within_safe_vector_latitude,not_run+unchanged,1,
adm1,26408823B5362531623165,Lunda Norte,AGO,True,"[17.329423904000066,-10.282722472999978,21.928678390000073,-6.916666998999972]","[17.329423904000066,-10.282722472999978,21.928678390000073,-6.916666998999972]",0.248411642,0,4.599254486,within_safe_vector_latitude,not_run+unchanged,1,
adm1,26408823B58820355179323,Lunda Sul,AGO,True,"[18.44236564600004,-11.479976653999927,22.3283529,-8.314855086489056]","[18.44236564600004,-11.479976653999927,22.3283529,-8.314855086489056]",0.068528475,0,3.885987254,within_safe_vector_latitude,not_run+unchanged,2,
adm1,26408823B46264466320795,Malanje,AGO,True,"[15.109125137000035,-11.735819816999935,18.84775543300003,-7.319605826999975]","[15.109125137000035,-11.735819816999935,18.84775543300003,-7.319605826999975]",0.047716141,0,3.738630296,within_safe_vector_latitude,not_run+unchanged,2,
adm1,26408823B70921043256570,Moxico,AGO,True,"[17.93684005700004,-16.173488729999974,24.08749381750032,-10.58611965199998]","[17.93684005700004,-16.173488729999974,24.08749381750032,-10.58611965199998]",0.121447967,0,6.150653761,within_safe_vector_latitude,not_run+unchanged,4,
adm1,26408823B78028517006075,Namibe,AGO,True,"[11.670464565000032,-17.27376900099995,13.686599732000047,-13.512573241999974]","[11.670464565000032,-17.27376900099995,13.686599732000047,-13.512573241999974]",0.164833582,0,1.95467557,within_safe_vector_latitude,not_run+unchanged,1,
adm1,26408823B906914650007,Uíge,AGO,True,"[13.803742409000051,-8.41229915599996,17.10906899992971,-5.843538]","[13.803742409000051,-8.41229915599996,17.10906899992971,-5.843538]",0.146223642,0,3.305326591,within_safe_vector_latitude,not_run+unchanged,1,
adm1,26408823B68708736810578,Zaire,AGO,True,"[12.273424112000043,-7.801146029999927,14.985383034000051,-5.826602]","[12.273424112000043,-7.801146029999927,14.985383034000051,-5.826602]",0.090202688,0,2.711958922,within_safe_vector_latitude,not_run+unchanged,1,
adm1,6114869B91778422332839,Gegharkunik,ARM,True,"[44.76563708858083,39.87190350694135,45.945708300297895,40.73158287245167]","[44.76563708858083,39.87190350694135,45.945708300297895,40.73158287245167]",0.184999489,0,1.180071212,within_safe_vector_latitude,not_run+unchanged,2,
adm1,6114869B3680049481024,Syunik,ARM,True,"[45.68588660868011,38.850149667673065,46.57480130360935,39.87567801912536]","[45.68588660868011,38.850149667673065,46.57480130360935,39.87567801912536]",0.09510745,0,0.888914695,within_safe_vector_latitude,not_run+unchanged,1,
adm1,6114869B33842112003829,Tavush,ARM,True,"[44.73460601015927,40.64175711969534,45.58378503355249,41.29948628108497]","[44.73460601015927,40.64175711969534,45.58378503355249,41.29948628108497]",0.132475573,0,0.849179023,within_safe_vector_latitude,not_run+unchanged,4,
adm1,6114869B14983463018500,Shirak,ARM,True,"[43.4471395,40.41998364074455,44.18689899918951,41.17200364245098]","[43.4471395,40.41998364074455,44.18689899918951,41.17200364245098]",0.163803396,0,0.739759499,within_safe_vector_latitude,not_run+unchanged,2,
adm1,6114869B99267739496878,Lori,ARM,True,"[43.96747705722049,40.6633984845563,44.92564638437318,41.23530348816547]","[43.96747705722049,40.6633984845563,44.92564638437318,41.23530348816547]",0.122142479,0,0.958169327,within_safe_vector_latitude,not_run+unchanged,2,
adm1,6114869B17514330158920,Kotayk,ARM,True,"[44.408525334176886,40.09014884968974,45.00656398934339,40.700351283884686]","[44.408525334176886,40.09014884968974,45.00656398934339,40.700351283884686]",0.191659036,0,0.598038655,within_safe_vector_latitude,not_run+unchanged,2,
adm1,6114869B77774582045190,Vayots Dzor,ARM,True,"[45.071286516572044,39.5028543450915,45.78907916487162,39.99193738919922]","[45.071286516572044,39.5028543450915,45.78907916487162,39.99193738919922]",0.184999489,0,0.717792648,within_safe_vector_latitude,not_run+unchanged,1,
adm1,6114869B3426889126469,Armavir,ARM,True,"[43.65181051952971,40.01089769876984,44.43537585471199,40.27881202615413]","[43.65181051952971,40.01089769876984,44.43537585471199,40.27881202615413]",0.167979027,0,0.783565335,within_safe_vector_latitude,not_run+unchanged,1,
adm1,6114869B21685892816693,Aragatsotn,ARM,True,"[43.598028840822835,40.18576682727729,44.546766244866376,40.74151639346684]","[43.598028840822835,40.18576682727729,44.546766244866376,40.74151639346684]",0.167979027,0,0.948737404,within_safe_vector_latitude,not_run+unchanged,1,
adm1,6114869B51735422330893,Yerevan,ARM,True,"[44.41561542731017,40.0601558847863,44.64049536197143,40.22934407686773]","[44.41561542731017,40.0601558847863,44.64049536197143,40.22934407686773]",0.137945035,0,0.224879935,within_safe_vector_latitude,not_run+unchanged,1,
adm1,6114869B31075086997569,Ararat,ARM,True,"[44.345138422000616,39.71480823600007,45.093583019640676,40.16711231957395]","[44.345138422000616,39.71480823600007,45.093583019640676,40.16711231957395]",0.191659036,0,0.748444598,within_safe_vector_latitude,not_run+unchanged,2,
adm1,6811986B22599492826393,Groningen,NLD,True,"[6.175234584000066,52.83819740903319,7.226741711372469,53.547299002000045]","[6.175234584000066,52.83819740903319,7.226741711372469,53.547299002000045]",0.045801532,0,1.051507127,within_safe_vector_latitude,not_run+unchanged,1,
adm1,6811986B35805836723247,Drenthe,NLD,True,"[6.119820037000068,52.61219578600003,7.0927,53.20382196600008]","[6.119820037000068,52.61219578600003,7.0927,53.20382196600008]",0.046682231,0,0.972879963,within_safe_vector_latitude,not_run+unchanged,1,
adm1,6811986B73841275384957,Utrecht,NLD,True,"[4.792042501000026,51.85736085900004,5.627308719000041,52.30361871500003]","[4.792042501000026,51.85736085900004,5.627308719000041,52.30361871500003]",0.030013184,0,0.835266218,within_safe_vector_latitude,not_run+unchanged,1,
adm1,6811986B59803137683520,Flevoland,NLD,True,"[5.119083405000026,52.24952788000007,6.017299437000077,52.84398268600006]","[5.119083405000026,52.24952788000007,6.017299437000077,52.84398268600006]",0.069972515,0,0.745420358,within_safe_vector_latitude,not_run+unchanged,1,
adm1,6811986B65865334514334,Overijssel,NLD,True,"[5.777931330000058,52.11810461600004,7.072283473000027,52.854215355000065]","[5.777931330000058,52.11810461600004,7.072283473000027,52.854215355000065]",0.06329383,0,1.294352143,within_safe_vector_latitude,not_run+unchanged,1,
adm1,6811986B7118592816602,Noord-Holland,NLD,True,"[4.492444515000045,52.16592939000003,5.335461526000074,53.18375015300006]","[4.492444515000045,52.16592939000003,5.335461526000074,53.18375015300006]",0.03172207,0,0.843017011,within_safe_vector_latitude,not_run+unchanged,1,
adm1,6811986B62088949697264,Gelderland,NLD,True,"[4.993930013000067,51.73358050500008,6.83269,52.522025083000074]","[4.993930013000067,51.73358050500008,6.83269,52.522025083000074]",0.049521196,0,1.838759987,within_safe_vector_latitude,not_run+unchanged,1,
adm1,6811986B20589914738510,Zuid-Holland,NLD,True,"[3.835462534708302,51.65536117600004,5.031414086000041,52.328603423674]","[3.835462534708302,51.65536117600004,5.031414086000041,52.328603423674]",0.030626734,0,1.023942048,within_safe_vector_latitude,not_run+unchanged,1,
adm1,6811986B16797155540126,Fryslân,NLD,True,"[4.850833416000057,52.80071868300007,6.427615260000039,53.510417938000046]","[4.850833416000057,52.80071868300007,6.427615260000039,53.510417938000046]",0.05163908,0,1.093504046,within_safe_vector_latitude,not_run+unchanged,1,
adm1,6811986B61109061302483,Noord-Brabant,NLD,True,"[4.192416668000021,51.22105734128334,6.048119253000038,51.83073145900005]","[4.192416668000021,51.22105734128334,6.048119253000038,51.83073145900005]",0.082556496,0,1.855702585,within_safe_vector_latitude,not_run+unchanged,1,
adm1,6811986B81587772601460,Limburg,NLD,True,"[5.566857235273255,50.750822,6.22681,51.77862666800007]","[5.566857235273255,50.750822,6.22681,51.77862666800007]",0.107061562,0,0.659952765,within_safe_vector_latitude,not_run+unchanged,1,
adm1,6811986B50931527975892,Zeeland,NLD,True,"[3.358972918525635,51.20018255800005,4.277425009000069,51.76041768868967]","[3.358972918525635,51.20018255800005,4.277425009000069,51.76041768868967]",0.039666983,0,0.878468751,within_safe_vector_latitude,not_run+unchanged,1,
adm1,82085004B21656044714531,New South Wales,AUS,True,"[140.9992722830937,-37.505146559097,159.10542971822127,-28.15687949612952]","[140.9992722830937,-37.505146559097,159.10542971822127,-28.15687949612952]",0.175294978,0,12.639322249,within_safe_vector_latitude,not_run+unchanged,5,
adm1,82085004B60194602145168,Victoria,AUS,True,"[140.9618657997175,-39.13441966759137,149.97619755281158,-33.98063640290455]","[140.9618657997175,-39.13441966759137,149.97619755281158,-33.98063640290455]",0.156385816,0,9.014331753,within_safe_vector_latitude,not_run+unchanged,2,
adm1,82085004B13995298844162,Queensland,AUS,True,"[137.99465402088828,-29.179222794539143,153.55217713776298,-10.061305997999966]","[137.99465402088828,-29.179222794539143,153.55217713776298,-10.061305997999966]",0.401912456,0,15.547266099,within_safe_vector_latitude,not_run+unchanged,6,
adm1,82085004B14973555098025,South Australia,AUS,True,"[129.00184692623304,-38.06004554319659,141.00296253892674,-25.99637801830771]","[129.00184692623304,-38.06004554319659,141.00296253892674,-25.99637801830771]",0.401912456,0,12.001115613,within_safe_vector_latitude,not_run+unchanged,4,
adm1,82085004B93533858076668,Western Australia,AUS,True,"[112.92112451616318,-35.13467638749359,129.00192779455068,-13.74076818591449]","[112.92112451616318,-35.13467638749359,129.00192779455068,-13.74076818591449]",0.049029352,0,15.845647297,within_safe_vector_latitude,not_run+unchanged,6,
adm1,82085004B70793016411369,Tasmania,AUS,True,"[143.83708190900006,-43.643179915581555,148.47872924800004,-39.450589290653525]","[143.83708190900006,-43.643179915581555,148.47872924800004,-39.450589290653525]",0.018514797,0,3.743503241,within_safe_vector_latitude,not_run+unchanged,4,
adm1,82085004B70364588595557,Northern Territory,AUS,True,"[129.00044764018367,-25.998599059553925,137.99906130486545,-10.975417136999965]","[129.00044764018367,-25.998599059553925,137.99906130486545,-10.975417136999965]",0.345024051,0,8.998613665,within_safe_vector_latitude,not_run+unchanged,6,
adm1,82085004B40257551482390,Australian Capital Territory,AUS,True,"[148.76279568348403,-35.92051720811173,149.39929254760474,-35.12440293910884]","[148.76279568348403,-35.92051720811173,149.39929254760474,-35.12440293910884]",0.073590784,0,0.636496864,within_safe_vector_latitude,not_run+unchanged,1,
adm1,82085004B12086860067424,Other Territories,AUS,True,"[96.81705474900008,-35.200843288529775,167.98291015600012,-10.41234330991432]","[96.81705474900008,-35.200843288529775,167.98291015600012,-10.41234330991432]",0.039696339,0,0.179213969,within_safe_vector_latitude,not_run+unchanged,4,
adm1,97560089B12055607938436,Burgenland,AUT,True,"[15.99728683766434,46.83109315637833,17.24743855575041,48.11859044440589]","[15.99728683766434,46.83109315637833,17.24743855575041,48.11859044440589]",0.084809583,0,1.250151718,within_safe_vector_latitude,not_run+unchanged,1,
adm1,97560089B55365172259742,Kärnten,AUT,True,"[12.657453973649114,46.37265884260283,15.066024064894881,47.13177608448464]","[12.657453973649114,46.37265884260283,15.066024064894881,47.13177608448464]",0.336718823,0,2.408570091,within_safe_vector_latitude,not_run+unchanged,1,
adm1,97560089B30234814950985,Niederösterreich,AUT,True,"[14.453568042505418,47.422602064937315,17.069089702000042,49.02067668700005]","[14.453568042505418,47.422602064937315,17.069089702000042,49.02067668700005]",0.021163475,0,2.615521659,within_safe_vector_latitude,not_run+unchanged,2,
adm1,97560089B86772589826985,Oberösterreich,AUT,True,"[12.74997710667247,47.46161346279687,14.993183837658904,48.772711668000056]","[12.74997710667247,47.46161346279687,14.993183837658904,48.772711668000056]",0.063630522,0,2.243206731,within_safe_vector_latitude,not_run+unchanged,1,
adm1,97560089B65158936715310,Salzburg,AUT,True,"[12.076650137668437,46.94429481447807,13.996928225091242,48.04205673073389]","[12.076650137668437,46.94429481447807,13.996928225091242,48.04205673073389]",0.036252307,0,1.920278087,within_safe_vector_latitude,not_run+unchanged,1,
adm1,97560089B87855108402029,Steiermark,AUT,True,"[13.564108981525449,46.61234222427094,16.172886653292764,47.828384660087906]","[13.564108981525449,46.61234222427094,16.172886653292764,47.828384660087906]",0.023581827,0,2.608777672,within_safe_vector_latitude,not_run+unchanged,1,
adm1,97560089B46292059412713,Tirol,AUT,True,"[10.098088784933168,46.6518080714993,12.966639950513802,47.742990347000045]","[10.098088784933168,46.6518080714993,12.966639950513802,47.742990347000045]",0.046385213,0,2.602153786,within_safe_vector_latitude,not_run+unchanged,2,
adm1,97560089B20931628540879,Vorarlberg,AUT,True,"[9.5303844477351,46.841444752457406,10.237090508828357,47.596125853000046]","[9.5303844477351,46.841444752457406,10.237090508828357,47.596125853000046]",0.016691905,0,0.706706061,within_safe_vector_latitude,not_run+unchanged,1,
adm1,97560089B24691553772644,Wien,AUT,True,"[16.18300615282552,48.118392110625635,16.578742001821794,48.32317903410895]","[16.18300615282552,48.118392110625635,16.578742001821794,48.32317903410895]",0.01974655,0,0.395735849,within_safe_vector_latitude,not_run+unchanged,1,
adm1,63332228B45413776644545,Nakhchivan Autonomous Republic,AZE,True,"[44.77304196697809,38.84608894152161,46.14585112879782,39.79445115200008]","[44.77304196697809,38.84608894152161,46.14585112879782,39.79445115200008]",0.076531139,0,1.372809162,within_safe_vector_latitude,not_run+unchanged,2,
adm1,63332228B70486487350611,Contiguous Azerbaijan,AZE,True,"[44.971461,38.393365900000106,50.62181202700003,41.912340001000075]","[44.971461,38.393365900000106,50.62181202700003,41.912340001000075]",0.153671665,0,5.355013855,within_safe_vector_latitude,not_run+unchanged,3,
adm1,57655419B62229097939124,Acklins,BHS,True,"[-74.29258391629449,22.164583207000078,-73.4698638916016,22.727318042587]","[-74.29258391629449,22.164583207000078,-73.4698638916016,22.727318042587]",0.012496948,0,0.453125831,within_safe_vector_latitude,not_run+unchanged,1,
adm1,57655419B82083755348588,Biminis,BHS,True,"[-79.3059692382813,25.6879158020021,-79.240135192871,25.7790298461915]","[-79.3059692382813,25.6879158020021,-79.240135192871,25.7790298461915]",0.011197723,0,0.065834045,within_safe_vector_latitude,not_run+unchanged,1,
adm1,57655419B63031142172255,Berry Islands,BHS,True,"[-77.8990249633789,25.69327095010982,-77.81124877999997,25.8161144256592]","[-77.8990249633789,25.69327095010982,-77.81124877999997,25.8161144256592]",0.005970041,0,0.087776183,within_safe_vector_latitude,not_run+unchanged,1,
adm1,57655419B62023626616016,Black Point,BHS,True,"[-76.52600991180722,23.96291732800006,-76.31458282499995,24.283931312314472]","[-76.52600991180722,23.96291732800006,-76.31458282499995,24.283931312314472]",0.007774353,0,0.033629534,within_safe_vector_latitude,not_run+unchanged,1,
adm1,57655419B31009871091546,Cat Island,BHS,True,"[-75.7615280151366,24.1159725189208,-75.29513947353749,24.694555282000067]","[-75.7615280151366,24.1159725189208,-75.29513947353749,24.694555282000067]",0.009727478,0,0.466388542,within_safe_vector_latitude,not_run+unchanged,1,
adm1,57655419B6063467597350,Central Abaco,BHS,True,"[-77.3554153442383,26.2570343017578,-76.9945831298828,26.7048625946045]","[-77.3554153442383,26.2570343017578,-76.9945831298828,26.7048625946045]",0.020126343,0,0.360832214,within_safe_vector_latitude,not_run+unchanged,1,
adm1,57655419B10554343974074,Central Andros,BHS,True,"[-78.181526184082,24.145818899917657,-77.681526184082,24.604326514196163]","[-78.181526184082,24.145818899917657,-77.681526184082,24.604326514196163]",0.03792572,0,0.464464364,within_safe_vector_latitude,not_run+unchanged,1,
adm1,57655419B18095522454644,Central Eleuthera,BHS,True,"[-76.2523574829101,24.9929847717285,-76.11377715999998,25.2151393890382]","[-76.2523574829101,24.9929847717285,-76.11377715999998,25.2151393890382]",0.008392334,0,0.138580323,within_safe_vector_latitude,not_run+unchanged,1,
adm1,57655419B78426284582077,City of Freeport,BHS,True,"[-78.6900787353516,26.4904174804688,-78.59072404215136,26.5441608428955]","[-78.6900787353516,26.4904174804688,-78.59072404215136,26.5441608428955]",0.018661499,0,0.099354693,within_safe_vector_latitude,not_run+unchanged,1,
adm1,57655419B45053914770402,Crooked Island,BHS,True,"[-74.3818054199219,22.54291725300004,-73.66541290199996,23.100389482000026]","[-74.3818054199219,22.54291725300004,-73.66541290199996,23.100389482000026]",0.012443542,0,0.344517383,within_safe_vector_latitude,not_run+unchanged,1,
adm1,57655419B55305756041974,East Grand Bahama,BHS,True,"[-78.4566040039062,26.6010017395021,-77.88211059599996,26.7545833587648]","[-78.4566040039062,26.6010017395021,-77.88211059599996,26.7545833587648]",0.028465271,0,0.574493408,within_safe_vector_latitude,not_run+unchanged,1,
adm1,57655419B87015583910143,Exuma,BHS,True,"[-76.7968063354492,23.40209626692528,-75.51900336526171,24.557916643000056]","[-76.7968063354492,23.40209626692528,-75.51900336526171,24.557916643000056]",0.01247406,0,0.389724731,within_safe_vector_latitude,not_run+unchanged,1,
adm1,57655419B94344627065554,Grand Cay,BHS,True,"[-78.3450012207031,27.189556122000056,-78.2563858032227,27.2377777099609]","[-78.3450012207031,27.189556122000056,-78.2563858032227,27.2377777099609]",0.005831314,0,0.022506714,within_safe_vector_latitude,not_run+unchanged,1,
adm1,57655419B64917905581576,Harbour Island,BHS,True,"[-76.8109741210938,25.537523219675272,-76.74375152599998,25.551250458000027]","[-76.8109741210938,25.537523219675272,-76.74375152599998,25.551250458000027]",0.019634984,0,0.067222595,within_safe_vector_latitude,not_run+unchanged,1,
adm1,57655419B91019969534321,Hope Town,BHS,True,"[-77.3884735107421,26.49907831417482,-76.95710754299995,26.84530519482253]","[-77.3884735107421,26.49907831417482,-76.95710754299995,26.84530519482253]",0.008277892,0,0.08052063,within_safe_vector_latitude,not_run+unchanged,1,
adm1,57655419B81962321006014,Inagua,BHS,True,"[-73.7026367187499,20.9123611450196,-72.91322469134194,21.560417177000033]","[-73.7026367187499,20.9123611450196,-72.91322469134194,21.560417177000033]",0.013336182,0,0.693885803,within_safe_vector_latitude,not_run+unchanged,1,
adm1,57655419B2318826838910,Long Island,BHS,True,"[-75.3470840454102,22.854528428000037,-74.82963561999998,23.677290564697458]","[-75.3470840454102,22.854528428000037,-74.82963561999998,23.677290564697458]",0.017501831,0,0.517448425,within_safe_vector_latitude,not_run+unchanged,1,
adm1,57655419B49483307836090,Mangrove Cay,BHS,True,"[-77.9306945800781,23.9993076324464,-77.62211869113456,24.299554826000076]","[-77.9306945800781,23.9993076324464,-77.62211869113456,24.299554826000076]",0.01222229,0,0.308575889,within_safe_vector_latitude,not_run+unchanged,1,
adm1,57655419B31239819863643,Mayaguana,BHS,True,"[-73.1707983932233,22.284526826000047,-72.72791290299995,22.456527709961]","[-73.1707983932233,22.284526826000047,-72.72791290299995,22.456527709961]",0.015861511,0,0.44288549,within_safe_vector_latitude,not_run+unchanged,1,
adm1,57655419B38120742943128,Moore's Island,BHS,True,"[-77.581802368164,26.255388260000075,-77.53710937499994,26.33182615084643]","[-77.581802368164,26.255388260000075,-77.53710937499994,26.33182615084643]",0.006668091,0,0.044692993,within_safe_vector_latitude,not_run+unchanged,1,
adm1,57655419B75676267470758,New Providence,BHS,True,"[-77.5545806884766,24.976526260376,-77.25552118965459,25.0812492370606]","[-77.5545806884766,24.976526260376,-77.25552118965459,25.0812492370606]",0.015861511,0,0.299059499,within_safe_vector_latitude,not_run+unchanged,1,
adm1,57655419B79428110843392,North Abaco,BHS,True,"[-77.82284028764923,26.67420261190714,-77.3106918334961,26.9215278625489]","[-77.82284028764923,26.67420261190714,-77.3106918334961,26.9215278625489]",0.015838623,0,0.284899309,within_safe_vector_latitude,not_run+unchanged,1,
adm1,57655419B63159467904865,North Andros,BHS,True,"[-78.4615249633789,24.4337501525879,-77.74407102328966,25.2059726715088]","[-78.4615249633789,24.4337501525879,-77.74407102328966,25.2059726715088]",0.03792572,0,0.71745394,within_safe_vector_latitude,not_run+unchanged,1,
adm1,57655419B2538538242492,North Eleuthera,BHS,True,"[-76.79391384975857,25.201907824261475,-76.2449493408203,25.562741999198916]","[-76.79391384975857,25.201907824261475,-76.2449493408203,25.562741999198916]",0.010734051,0,0.548964509,within_safe_vector_latitude,not_run+unchanged,1,
adm1,57655419B98686837957667,Ragged Island,BHS,True,"[-75.8243026733398,22.168790178709138,-75.70791625999993,22.393501483276612]","[-75.8243026733398,22.168790178709138,-75.70791625999993,22.393501483276612]",0.005561829,0,0.044998169,within_safe_vector_latitude,not_run+unchanged,1,
adm1,57655419B42503330785161,Rum Cay,BHS,True,"[-74.9506912231445,23.6350708007813,-74.79291534399994,23.710388184000067]","[-74.9506912231445,23.6350708007813,-74.79291534399994,23.710388184000067]",0.01085663,0,0.157775879,within_safe_vector_latitude,not_run+unchanged,1,
adm1,57655419B6447054147513,San Salvador,BHS,True,"[-74.5698623657227,23.9415283203125,-74.4298639627832,24.124536905787515]","[-74.5698623657227,23.9415283203125,-74.4298639627832,24.124536905787515]",0.01499939,0,0.139998403,within_safe_vector_latitude,not_run+unchanged,1,
adm1,57655419B39711376309473,South Abaco,BHS,True,"[-77.4056930541992,25.844583513000032,-77.11759708325579,26.2827129364015]","[-77.4056930541992,25.844583513000032,-77.11759708325579,26.2827129364015]",0.020126343,0,0.288095971,within_safe_vector_latitude,not_run+unchanged,1,
adm1,57655419B29435673895959,South Andros,BHS,True,"[-77.8404159545898,23.7026386260987,-77.50541686999998,24.20958328200004]","[-77.8404159545898,23.7026386260987,-77.50541686999998,24.20958328200004]",0.019142151,0,0.334999085,within_safe_vector_latitude,not_run+unchanged,1,
adm1,57655419B57652232258076,South Eleuthera,BHS,True,"[-76.3459701538086,24.61488218482454,-76.13541412399996,24.99631690979]","[-76.3459701538086,24.61488218482454,-76.13541412399996,24.99631690979]",0.012420655,0,0.21055603,within_safe_vector_latitude,not_run+unchanged,1,
adm1,57655419B1305095208594,Spanish Wells,BHS,True,"[-76.8781967163086,25.5023612976075,-76.80789184599996,25.529590917832724]","[-76.8781967163086,25.5023612976075,-76.80789184599996,25.529590917832724]",0.011390686,0,0.07030487,within_safe_vector_latitude,not_run+unchanged,1,
adm1,57655419B65085412826087,West Grand Bahama,BHS,True,"[-78.9998626708984,26.4904174804688,-78.401252746582,26.798721315000023]","[-78.9998626708984,26.4904174804688,-78.401252746582,26.798721315000023]",0.028465271,0,0.374519458,within_safe_vector_latitude,not_run+unchanged,2,
adm1,18249212B61473051882148,Saint George,BRB,True,"[-59.581958855516746,13.097225086143576,-59.50639896833769,13.180883771169135]","[-59.581958855516746,13.097225086143576,-59.50639896833769,13.180883771169135]",0.034613596,0,0.075559887,within_safe_vector_latitude,not_run+unchanged,1,
adm1,18249212B83355432632114,Saint Lucy,BRB,True,"[-59.65070741061845,13.273785436448804,-59.57404358674946,13.334565960450789]","[-59.65070741061845,13.273785436448804,-59.57404358674946,13.334565960450789]",0.069186496,0,0.076663824,within_safe_vector_latitude,not_run+unchanged,1,
adm1,18249212B32162439805208,Saint Andrew,BRB,True,"[-59.600098702185036,13.204745573849209,-59.542354484134464,13.293716472437325]","[-59.600098702185036,13.204745573849209,-59.542354484134464,13.293716472437325]",0.022988373,0,0.057744218,within_safe_vector_latitude,not_run+unchanged,1,
adm1,18249212B80874946619424,Saint Peter,BRB,True,"[-59.64675336857306,13.225240296802326,-59.57330842514364,13.298185317898174]","[-59.64675336857306,13.225240296802326,-59.57330842514364,13.298185317898174]",0.069186496,0,0.073444943,within_safe_vector_latitude,not_run+unchanged,1,
adm1,18249212B3001356606985,Saint James,BRB,True,"[-59.64300471279722,13.136147013074265,-59.59754407060234,13.237419013897053]","[-59.64300471279722,13.136147013074265,-59.59754407060234,13.237419013897053]",0.042906011,0,0.045460642,within_safe_vector_latitude,not_run+unchanged,1,
adm1,18249212B6474479975640,Saint Thomas,BRB,True,"[-59.61657199749965,13.145268827961644,-59.5529708254432,13.216800718778188]","[-59.61657199749965,13.145268827961644,-59.5529708254432,13.216800718778188]",0.031527365,0,0.063601172,within_safe_vector_latitude,not_run+unchanged,1,
adm1,18249212B83249722744294,Saint Joseph,BRB,True,"[-59.57455569758736,13.168507757127315,-59.50972205143148,13.234272556682791]","[-59.57455569758736,13.168507757127315,-59.50972205143148,13.234272556682791]",0.030319806,0,0.064833646,within_safe_vector_latitude,not_run+unchanged,1,
adm1,18249212B50725355749374,Christ Church,BRB,True,"[-59.60708557174172,13.045057586038808,-59.474020048086686,13.124485085018705]","[-59.60708557174172,13.045057586038808,-59.474020048086686,13.124485085018705]",0.03966867,0,0.133065524,within_safe_vector_latitude,not_run+unchanged,1,
adm1,18249212B34902747010981,Saint Michael,BRB,True,"[-59.63605923784348,13.076746238847875,-59.56741690168628,13.157640565359827]","[-59.63605923784348,13.076746238847875,-59.56741690168628,13.157640565359827]",0.03966867,0,0.068642336,within_safe_vector_latitude,not_run+unchanged,1,
adm1,18249212B1074587975674,Saint Philip,BRB,True,"[-59.511325506666765,13.077300785103205,-59.42075747982712,13.181718587542832]","[-59.511325506666765,13.077300785103205,-59.42075747982712,13.181718587542832]",0.037305459,0,0.090568027,within_safe_vector_latitude,not_run+unchanged,1,
adm1,18249212B15509533795694,Saint John,BRB,True,"[-59.54004185694612,13.13629198918403,-59.45707647809695,13.210008469415357]","[-59.54004185694612,13.13629198918403,-59.45707647809695,13.210008469415357]",0.033642889,0,0.082965379,within_safe_vector_latitude,not_run+unchanged,1,
adm1,45462678B94500211462696,Gomel,BLR,True,"[27.281537810021973,51.27641526325385,31.79927,53.327566667467806]","[27.281537810021973,51.27641526325385,31.79927,53.327566667467806]",0.254645054,0,4.51773219,within_safe_vector_latitude,not_run+unchanged,1,
adm1,45462678B24636394065255,Vitebsk,BLR,True,"[26.209464067612657,54.234828483447814,31.20001685448278,56.17116878651576]","[26.209464067612657,54.234828483447814,31.20001685448278,56.17116878651576]",0.270173679,0,4.990552787,within_safe_vector_latitude,not_run+unchanged,2,
adm1,45462678B41589714648574,Grodno,BLR,True,"[23.511435155130194,52.74552504444529,26.68555378417983,55.004348392864074]","[23.511435155130194,52.74552504444529,26.68555378417983,55.004348392864074]",0.335841167,0,3.174118629,within_safe_vector_latitude,not_run+unchanged,1,
adm1,45462678B29468378769629,Brest,BLR,True,"[23.199211272763975,51.50320990378519,27.62792997838585,53.40297824834755]","[23.199211272763975,51.50320990378519,27.62792997838585,53.40297824834755]",0.335841167,0,4.428718706,within_safe_vector_latitude,not_run+unchanged,1,
adm1,45462678B58682879627750,Mogilev,BLR,True,"[28.11980056474431,52.684760946560516,32.73602036464814,54.480307]","[28.11980056474431,52.684760946560516,32.73602036464814,54.480307]",0.254645054,0,4.6162198,within_safe_vector_latitude,not_run+unchanged,1,
adm1,45462678B52111461583443,Minsk,BLR,True,"[26.013875971998573,52.391327857894396,29.48941136923935,55.009008809209206]","[26.013875971998573,52.391327857894396,29.48941136923935,55.009008809209206]",0.270173679,0,3.475535397,within_safe_vector_latitude,not_run+unchanged,1,
adm1,45462678B57724394311820,Minsk City,BLR,True,"[27.47509862330287,53.82319480029986,27.732981709338446,53.958272066902396]","[27.47509862330287,53.82319480029986,27.732981709338446,53.958272066902396]",0.158576572,0,0.257883086,within_safe_vector_latitude,not_run+unchanged,1,
adm1,27649430B17719898407236,Brussels Hoofdstedelijk,BEL,True,"[4.283083477000048,50.793103331000054,4.485078704000045,50.89895331000008]","[4.283083477000048,50.793103331000054,4.485078704000045,50.89895331000008]",0.201995227,0,0.201995227,within_safe_vector_latitude,not_run+unchanged,1,
adm1,27649430B69989386836371,Vlaams Gewest,BEL,True,"[2.546010999000032,50.70834349900008,5.788198802891984,51.46673077200006]","[2.546010999000032,50.70834349900008,5.788198802891984,51.46673077200006]",1.926484499,0,3.242187804,within_safe_vector_latitude,not_run+unchanged,1,
adm1,27649430B38670918582344,Wallonne Gewest,BEL,True,"[3.17699600100002,49.61711099900003,6.403955533755217,50.811923999000044]","[3.17699600100002,49.61711099900003,6.403955533755217,50.811923999000044]",1.926484499,0,3.226959533,within_safe_vector_latitude,not_run+unchanged,1,
adm1,66346737B60973332075708,Orange Walk,BLZ,True,"[-89.151961,17.331801035422885,-88.29489916687527,18.240576110493887]","[-89.151961,17.331801035422885,-88.29489916687527,18.240576110493887]",0.20258272,0,0.857061833,within_safe_vector_latitude,not_run+unchanged,1,
adm1,66346737B23604924227645,Corozal,BLZ,True,"[-88.60659125899997,17.95293797050482,-88.09064759599994,18.49226361513189]","[-88.60659125899997,17.95293797050482,-88.09064759599994,18.49226361513189]",0.153339535,0,0.515943663,within_safe_vector_latitude,not_run+unchanged,1,
adm1,66346737B58775340764376,Belize,BLZ,True,"[-88.64832809598283,17.10070921117017,-87.78607835249392,18.185174626000048]","[-88.64832809598283,17.10070921117017,-87.78607835249392,18.185174626000048]",0.243784377,0,0.472717793,within_safe_vector_latitude,not_run+unchanged,1,
adm1,66346737B25506523624111,Cayo,BLZ,True,"[-89.19376867342048,16.403519398975057,-88.5421872177264,17.48838907776826]","[-89.19376867342048,16.403519398975057,-88.5421872177264,17.48838907776826]",0.155832862,0,0.651581456,within_safe_vector_latitude,not_run+unchanged,1,
adm1,66346737B48775360277934,Stann Creek,BLZ,True,"[-88.77969544752148,16.511905092026154,-88.22518499906502,17.120847512740898]","[-88.77969544752148,16.511905092026154,-88.22518499906502,17.120847512740898]",0.243784377,0,0.554510448,within_safe_vector_latitude,not_run+unchanged,1,
adm1,66346737B22858594960980,Toledo,BLZ,True,"[-89.227588,15.885283788229103,-88.39114655899994,16.695280296934186]","[-89.227588,15.885283788229103,-88.39114655899994,16.695280296934186]",0.159421305,0,0.836441441,within_safe_vector_latitude,not_run+unchanged,1,
adm1,66845921B97990669910096,Trashigang,BTN,True,"[91.39746211600004,26.943414414000074,92.10606999600003,27.47800559800004]","[91.39746211600004,26.943414414000074,92.10606999600003,27.47800559800004]",0.206461391,0,0.70860788,within_safe_vector_latitude,not_run+unchanged,1,
adm1,66845921B83925222569127,Trashiyangtse,BTN,True,"[91.32056822004915,27.34803398400004,91.77816072800005,27.958111247000033]","[91.32056822004915,27.34803398400004,91.77816072800005,27.958111247000033]",0.206461391,0,0.457592508,within_safe_vector_latitude,not_run+unchanged,1,
adm1,66845921B85706545486898,Mongar,BTN,True,"[90.96196932100008,26.948261844000058,91.50895126700004,27.482590770491356]","[90.96196932100008,26.948261844000058,91.50895126700004,27.482590770491356]",0.173157685,0,0.546981946,within_safe_vector_latitude,not_run+unchanged,1,
adm1,66845921B11724657218086,Lhuntse,BTN,True,"[90.80978884500007,27.38514220600007,91.48558458655927,28.061394636659234]","[90.80978884500007,27.38514220600007,91.48558458655927,28.061394636659234]",0.145472082,0,0.675795742,within_safe_vector_latitude,not_run+unchanged,1,
adm1,66845921B56477857686012,Bumthang,BTN,True,"[90.52233338980994,27.33668884800005,91.08175677800006,28.06725856460311]","[90.52233338980994,27.33668884800005,91.08175677800006,28.06725856460311]",0.145472082,0,0.559423388,within_safe_vector_latitude,not_run+unchanged,1,
adm1,66845921B74484063825186,Sarpang,BTN,True,"[89.64307507359092,26.697153768820364,90.94032195500006,27.125058250000052]","[89.64307507359092,26.697153768820364,90.94032195500006,27.125058250000052]",0.192079887,0,1.297246881,within_safe_vector_latitude,not_run+unchanged,2,
adm1,66845921B42953625422300,Trongsa,BTN,True,"[90.28772012000007,27.023867950000067,90.75856784700005,27.823578395589312]","[90.28772012000007,27.023867950000067,90.75856784700005,27.823578395589312]",0.144978403,0,0.470847727,within_safe_vector_latitude,not_run+unchanged,1,
adm1,66845921B73017953941834,Tsirang,BTN,True,"[90.00550443100008,26.791510678000066,90.34431672900007,27.15849367100003]","[90.00550443100008,26.791510678000066,90.34431672900007,27.15849367100003]",0.141728724,0,0.338812298,within_safe_vector_latitude,not_run+unchanged,1,
adm1,66845921B15316385818209,Dagana,BTN,True,"[89.63464329958195,26.772198368000033,90.06854937911804,27.256358422000062]","[89.63464329958195,26.772198368000033,90.06854937911804,27.256358422000062]",0.143618935,0,0.43390608,within_safe_vector_latitude,not_run+unchanged,2,
adm1,66845921B16337540791352,Wangdue Phodrang,BTN,True,"[89.64323246900005,27.087507840663974,90.56346847400005,28.058079998569397]","[89.64323246900005,27.087507840663974,90.56346847400005,28.058079998569397]",0.213111967,0,0.920236005,within_safe_vector_latitude,not_run+unchanged,2,
adm1,66845921B22612990788005,Punakha,BTN,True,"[89.77665909200005,27.518383132000054,90.06601982300003,27.86748900500004]","[89.77665909200005,27.518383132000054,90.06601982300003,27.86748900500004]",0.13184319,0,0.289360731,within_safe_vector_latitude,not_run+unchanged,2,
adm1,66845921B82067974050695,Thimpu,BTN,True,"[89.40591839500007,27.11787860750871,89.89313939400006,27.97801372400005]","[89.40591839500007,27.11787860750871,89.89313939400006,27.97801372400005]",0.135798652,0,0.487220999,within_safe_vector_latitude,not_run+unchanged,1,
adm1,66845921B30697351958460,Gasa,BTN,True,"[89.52192905500004,27.73526809200007,90.4742518742004,28.236689544968655]","[89.52192905500004,27.73526809200007,90.4742518742004,28.236689544968655]",0.213111967,0,0.952322819,within_safe_vector_latitude,not_run+unchanged,2,
adm1,66845921B66499017593499,Chukha,BTN,True,"[89.25676785700006,26.752516249469217,89.80538287900004,27.236470721000046]","[89.25676785700006,26.752516249469217,89.80538287900004,27.236470721000046]",0.173439664,0,0.548615022,within_safe_vector_latitude,not_run+unchanged,1,
adm1,66845921B8526775626410,Samtse,BTN,True,"[88.74552155700007,26.808561507000036,89.36291839637288,27.27789374500003]","[88.74552155700007,26.808561507000036,89.36291839637288,27.27789374500003]",0.131404764,0,0.617396839,within_safe_vector_latitude,not_run+unchanged,1,
adm1,66845921B9034035402827,Haa,BTN,True,"[88.96818284071395,27.026846044000024,89.38361341700005,27.58893243684792]","[88.96818284071395,27.026846044000024,89.38361341700005,27.58893243684792]",0.131404764,0,0.415430576,within_safe_vector_latitude,not_run+unchanged,1,
adm1,66845921B43572720469260,Paro,BTN,True,"[89.14676178308945,27.14117084800006,89.57018139300004,27.850893748000033]","[89.14676178308945,27.14117084800006,89.57018139300004,27.850893748000033]",0.173439664,0,0.42341961,within_safe_vector_latitude,not_run+unchanged,1,
adm1,66845921B21774439433967,Pemagatshel,BTN,True,"[91.17722203700004,26.851416137000058,91.51664296600006,27.156716704000075]","[91.17722203700004,26.851416137000058,91.51664296600006,27.156716704000075]",0.173157685,0,0.339420929,within_safe_vector_latitude,not_run+unchanged,1,
adm1,66845921B95017424672663,Samdrup Jongkhar,BTN,True,"[91.00720823100005,26.783267466624906,92.10765204000006,27.14982640100004]","[91.00720823100005,26.783267466624906,92.10765204000006,27.14982640100004]",0.143306826,0,1.100443809,within_safe_vector_latitude,not_run+unchanged,1,
adm1,66845921B52582047921765,Zhemgang,BTN,True,"[90.51187684700005,26.78378191300004,91.1883435871535,27.37197763100005]","[90.51187684700005,26.78378191300004,91.1883435871535,27.37197763100005]",0.154774883,0,0.67646674,within_safe_vector_latitude,not_run+unchanged,1,
adm1,26024454B17172096462676,Beni,BOL,True,"[-67.56196732526664,-16.491651133446183,-61.53345375342383,-10.38121790476235]","[-67.56196732526664,-16.491651133446183,-61.53345375342383,-10.38121790476235]",1.106341331,0,6.028513572,within_safe_vector_latitude,not_run+unchanged,4,
adm1,26024454B30905576957948,Chuquisaca,BOL,True,"[-65.69513254573219,-21.51732302122077,-62.17937129443431,-18.347263778921896]","[-65.69513254573219,-21.51732302122077,-62.17937129443431,-18.347263778921896]",0.739850956,0,3.515761251,within_safe_vector_latitude,not_run+unchanged,1,
adm1,26024454B59884138823050,Cochabamba,BOL,True,"[-67.00556085246758,-18.681061582496927,-64.23410582473191,-15.779917435724942]","[-67.00556085246758,-18.681061582496927,-64.23410582473191,-15.779917435724942]",0.241328087,0,2.771455028,within_safe_vector_latitude,not_run+unchanged,1,
adm1,26024454B78392246351569,La Paz,BOL,True,"[-69.99036181841245,-18.042856,-66.73211343187673,-11.849681119915543]","[-69.99036181841245,-18.042856,-66.73211343187673,-11.849681119915543]",0.996006773,0,3.258248387,within_safe_vector_latitude,not_run+unchanged,2,
adm1,26024454B78289653685394,Oruro,BOL,True,"[-69.14234131144809,-19.88670988670621,-66.08610411761165,-17.324537178943366]","[-69.14234131144809,-19.88670988670621,-66.08610411761165,-17.324537178943366]",0.04691,0,3.056237194,within_safe_vector_latitude,not_run+unchanged,2,
adm1,26024454B66401228554177,Pando,BOL,True,"[-69.57356915768442,-12.498439765481182,-65.28656228899996,-9.669322998999974]","[-69.57356915768442,-12.498439765481182,-65.28656228899996,-9.669322998999974]",0.996006773,0,4.287006869,within_safe_vector_latitude,not_run+unchanged,4,
adm1,26024454B37550803023778,Potosí,BOL,True,"[-68.773705,-22.89809,-64.53301949199994,-17.807111058752866]","[-68.773705,-22.89809,-64.53301949199994,-17.807111058752866]",0.591808696,0,4.240685508,within_safe_vector_latitude,not_run+unchanged,4,
adm1,26024454B26939592883549,Santa Cruz,BOL,True,"[-64.84214685686968,-20.473213626024133,-57.454433527709995,-13.484677998999928]","[-64.84214685686968,-20.473213626024133,-57.454433527709995,-13.484677998999928]",1.106341331,0,7.387713329,within_safe_vector_latitude,not_run+unchanged,1,
adm1,26024454B43037921046937,Tarija,BOL,True,"[-65.41715199255009,-22.872849374955305,-62.260915,-20.885813077505333]","[-65.41715199255009,-22.872849374955305,-62.260915,-20.885813077505333]",0.853272753,0,3.156236993,within_safe_vector_latitude,not_run+unchanged,2,
adm1,54001226B82378099338701,Brčko District,BIH,True,"[18.541190897641854,44.71627234369373,19.005874524389867,44.96656163980788]","[18.541190897641854,44.71627234369373,19.005874524389867,44.96656163980788]",0.106934656,0,0.464683627,within_safe_vector_latitude,not_run+unchanged,1,
adm1,54001226B66267900922909,Republika Srpska,BIH,True,"[16.194912367112124,42.55719021065977,19.619963307760486,45.243810261800476]","[16.194912367112124,42.55719021065977,19.619963307760486,45.243810261800476]",0.300980141,0,2.550104339,within_safe_vector_latitude,not_run+unchanged,1,
adm1,54001226B17629474923252,Federation of Bosnia and Herzegovina,BIH,True,"[15.72985341386363,42.606672631836545,19.034869850663142,45.2305794]","[15.72985341386363,42.606672631836545,19.034869850663142,45.2305794]",0.300980141,0,3.305016437,within_safe_vector_latitude,not_run+unchanged,1,
adm1,57670837B20379019036464,South-East District,BWA,True,"[25.5390093,-25.4672945,26.1885947,-24.512628]","[25.5390093,-25.4672945,26.1885947,-24.512628]",0.1127586,0,0.6495854,within_safe_vector_latitude,not_run+unchanged,1,
adm1,57670837B30841156556030,Kgatleng District,BWA,True,"[25.8845061,-24.6867749,26.965426,-23.5811418]","[25.8845061,-24.6867749,26.965426,-23.5811418]",0.1420633,0,1.0809199,within_safe_vector_latitude,not_run+unchanged,1,
adm1,57670837B74109899498700,North-East District,BWA,True,"[27.2143202,-21.5676571,28.0128938,-20.46751]","[27.2143202,-21.5676571,28.0128938,-20.46751]",0.0627908,0,0.7985736,within_safe_vector_latitude,not_run+unchanged,1,
adm1,57670837B77729612727439,Central District,BWA,True,"[23.8841314,-23.9623164,29.3750099,-19.000034]","[23.8841314,-23.9623164,29.3750099,-19.000034]",0.6214266,0,5.4908785,within_safe_vector_latitude,not_run+unchanged,2,
adm1,57670837B99453960122440,Ghanzi District,BWA,True,"[19.999092,-23.3223326,25.4466186,-20.9954164]","[19.999092,-23.3223326,25.4466186,-20.9954164]",0.5879735,0,5.4475266,within_safe_vector_latitude,not_run+unchanged,4,
adm1,57670837B49806718353307,Kweneng District,BWA,True,"[22.964506,-24.7872764,26.0322134,-22.9472976]","[22.964506,-24.7872764,26.0322134,-22.9472976]",0.5879735,0,3.0677074,within_safe_vector_latitude,not_run+unchanged,1,
adm1,57670837B18017563073821,Southern District,BWA,True,"[23.0589963,-25.82460764043353,25.7156341,-24.0051005]","[23.0589963,-25.82460764043353,25.7156341,-24.0051005]",0.2373151,0,2.6566378,within_safe_vector_latitude,not_run+unchanged,1,
adm1,57670837B51384475500083,Kgalagadi District,BWA,True,"[19.998905,-26.9059669,24.5081511345946,-23.3185189]","[19.998905,-26.9059669,24.5081511345946,-23.3185189]",0.1608873,0,4.509246135,within_safe_vector_latitude,not_run+unchanged,2,
adm1,57670837B3917923701881,North-West District,BWA,True,"[20.971985789103154,-22.000342,25.1781856,-18.000786]","[20.971985789103154,-22.000342,25.1781856,-18.000786]",1.505644532,0,4.206199811,within_safe_vector_latitude,not_run+unchanged,4,
adm1,57670837B89802666826813,Chobe District,BWA,True,"[23.8819095,-19.0019242,25.9888045,-17.757511163688587]","[23.8819095,-19.0019242,25.9888045,-17.757511163688587]",1.1224228,0,2.106895,within_safe_vector_latitude,not_run+unchanged,1,
adm1,71437522B75605567014825,Vestfold og Telemark,NOR,True,"[7.096287398953054,58.77025705924808,10.529577299999971,60.18827181571405]","[7.096287398953054,58.77025705924808,10.529577299999971,60.18827181571405]",0.092969676,0,3.433289901,within_safe_vector_latitude,not_run+unchanged,1,
adm1,71437522B35395315697437,Agder,NOR,True,"[6.384083271000065,57.97980389999998,9.366075199999969,59.67268697626103]","[6.384083271000065,57.97980389999998,9.366075199999969,59.67268697626103]",0.072280458,0,2.981991929,within_safe_vector_latitude,not_run+unchanged,1,
adm1,71437522B91482774809601,Viken,NOR,True,"[7.438842391540357,58.87721599000008,11.94550520000007,61.09172049882229]","[7.438842391540357,58.87721599000008,11.94550520000007,61.09172049882229]",0.107475528,0,4.506662808,within_safe_vector_latitude,not_run+unchanged,2,
adm1,71437522B34429177417176,Rogaland,NOR,True,"[5.166000290320995,58.27802352584965,7.214666650102198,59.844574383578035]","[5.166000290320995,58.27802352584965,7.214666650102198,59.844574383578035]",0.119067953,0,1.992194459,within_safe_vector_latitude,not_run+unchanged,1,
adm1,71437522B77650769364207,Nordland,NOR,True,"[11.745746893625139,64.93949726797241,18.151354895282793,69.32471922762288]","[11.745746893625139,64.93949726797241,18.151354895282793,69.32471922762288]",0.223001236,0,6.108094276,within_safe_vector_latitude,not_run+unchanged,2,
adm1,71437522B77332488034218,Møre og Romsdal,NOR,True,"[5.340323,61.92344011559271,9.364831470657709,63.477705]","[5.340323,61.92344011559271,9.364831470657709,63.477705]",0.114118255,0,3.961007052,within_safe_vector_latitude,not_run+unchanged,1,
adm1,71437522B18029124622078,Vestland,NOR,True,"[4.641404400000026,59.47542080310011,8.322052971369214,62.215415954000036]","[4.641404400000026,59.47542080310011,8.322052971369214,62.215415954000036]",0.119067953,0,3.374608532,within_safe_vector_latitude,not_run+unchanged,2,
adm1,71437522B68338217323905,Oslo,NOR,True,"[10.489165172744224,59.80940264049475,10.95138944182126,60.13510637668019]","[10.489165172744224,59.80940264049475,10.95138944182126,60.13510637668019]",0.037034098,0,0.462224269,within_safe_vector_latitude,not_run+unchanged,1,
adm1,71437522B86105181076448,Trøndelag,NOR,True,"[8.1558751,62.25572673026219,14.325674981932961,65.14933984548692]","[8.1558751,62.25572673026219,14.325674981932961,65.14933984548692]",0.283014626,0,6.169799882,within_safe_vector_latitude,not_run+unchanged,2,
adm1,71437522B84427958303197,Troms og Finnmark,NOR,True,"[15.592541618359434,68.35721899500004,31.132669100000033,71.18374633900004]","[15.592541618359434,68.35721899500004,31.132669100000033,71.18374633900004]",0.228071337,0,14.607434375,within_safe_vector_latitude,not_run+unchanged,4,
adm1,71437522B26647745844979,Innlandet,NOR,True,"[7.342530396941902,59.84078459965995,12.870847040423767,62.69692794268321]","[7.342530396941902,59.84078459965995,12.870847040423767,62.69692794268321]",0.2698495,0,5.528316643,within_safe_vector_latitude,not_run+unchanged,4,
adm1,13589884B36646919284035,Caldas,COL,True,"[-75.9226211,4.8025144,-74.6233512,5.7786245]","[-75.9226211,4.8025144,-74.6233512,5.7786245]",0.0224644,0,1.2992699,within_safe_vector_latitude,not_run+unchanged,1,
adm1,13589884B76063723503478,Amazonas,COL,True,"[-74.39702288528883,-4.226294038760507,-69.395481,0.1117569]","[-74.39702288528883,-4.226294038760507,-69.395481,0.1117569]",0.387780114,0,5.001541885,within_safe_vector_latitude,not_run+unchanged,2,
adm1,13589884B75246552958907,Meta,COL,True,"[-74.9339283,1.6023133,-71.0774069,4.9246381]","[-74.9339283,1.6023133,-71.0774069,4.9246381]",0.0410097,0,3.8565214,within_safe_vector_latitude,not_run+unchanged,1,
adm1,13589884B23733272568917,Cundinamarca,COL,True,"[-74.8906663,3.725614,-73.0508345,5.8367025]","[-74.8906663,3.725614,-73.0508345,5.8367025]",0.0311385,0,1.8398318,within_safe_vector_latitude,not_run+unchanged,1,
adm1,13589884B56780975975491,Tolima,COL,True,"[-76.1077651,2.870708,-74.4755346,5.3183104]","[-76.1077651,2.870708,-74.4755346,5.3183104]",0.035158,0,1.6322305,within_safe_vector_latitude,not_run+unchanged,1,
adm1,13589884B3780741375954,Antioquia,COL,True,"[-77.1268897,5.4225525,-73.8795916,8.889743258840456]","[-77.1268897,5.4225525,-73.8795916,8.889743258840456]",0.3230853,0,3.2472981,within_safe_vector_latitude,not_run+unchanged,1,
adm1,13589884B77991835419453,Atlántico,COL,True,"[-75.2671431,10.2531833,-74.7132379,11.08238211834112]","[-75.2671431,10.2531833,-74.7132379,11.08238211834112]",0.0476198,0,0.5539052,within_safe_vector_latitude,not_run+unchanged,1,
adm1,13589884B96168520946689,Bolívar,COL,True,"[-75.70376811983816,7.0000494,-73.7477979,10.8009942]","[-75.70376811983816,7.0000494,-73.7477979,10.8009942]",0.1652694,0,1.95597022,within_safe_vector_latitude,not_run+unchanged,1,
adm1,13589884B76435085510886,Cesar,COL,True,"[-74.134907,7.6764009,-72.8859196340216,10.8674483]","[-74.134907,7.6764009,-72.8859196340216,10.8674483]",0.2468319,0,1.248987366,within_safe_vector_latitude,not_run+unchanged,1,
adm1,13589884B85940101840667,Magdalena,COL,True,"[-74.9455906,8.9171083,-73.5425502,11.3485247]","[-74.9455906,8.9171083,-73.5425502,11.3485247]",0.2468319,0,1.4030404,within_safe_vector_latitude,not_run+unchanged,2,
adm1,13589884B67390718500375,Sucre,COL,True,"[-75.7117685,8.276045,-74.533198,10.1484907]","[-75.7117685,8.276045,-74.533198,10.1484907]",0.0664773,0,1.1785705,within_safe_vector_latitude,not_run+unchanged,1,
adm1,13589884B54743798138783,Córdoba,COL,True,"[-76.5099352,7.357218,-74.7851374,9.43347714600003]","[-76.5099352,7.357218,-74.7851374,9.43347714600003]",0.3230853,0,1.7247978,within_safe_vector_latitude,not_run+unchanged,1,
adm1,13589884B66570655136682,La Guajira,COL,True,"[-73.6645877,10.3967067,-71.1132535,12.457324]","[-73.6645877,10.3967067,-71.1132535,12.457324]",0.20473725,0,2.5513342,within_safe_vector_latitude,not_run+unchanged,2,
adm1,13589884B53668371411224,Chocó,COL,True,"[-77.8890649,3.9646768,-76.0026127,8.6726377]","[-77.8890649,3.9646768,-76.0026127,8.6726377]",0.1181153,0,1.8864522,within_safe_vector_latitude,not_run+unchanged,1,
adm1,13589884B83777567082486,Valle del Cauca,COL,True,"[-77.53408009569277,3.0910888,-75.7048712,5.0368707]","[-77.53408009569277,3.0910888,-75.7048712,5.0368707]",0.0297095,0,1.829208896,within_safe_vector_latitude,not_run+unchanged,1,
adm1,13589884B27060143959141,Norte de Santander,COL,True,"[-73.6374286,6.8730846,-72.0475818,9.29126307137052]","[-73.6374286,6.8730846,-72.0475818,9.29126307137052]",0.0677323,0,1.5898468,within_safe_vector_latitude,not_run+unchanged,1,
adm1,13589884B61455559641217,Quindío,COL,True,"[-75.8937171,4.0739188,-75.3845479,4.7211651]","[-75.8937171,4.0739188,-75.3845479,4.7211651]",0.0297095,0,0.5091692,within_safe_vector_latitude,not_run+unchanged,1,
adm1,13589884B14692588923622,Vichada,COL,True,"[-71.0776631,2.736754,-67.4099105,6.3241912]","[-71.0776631,2.736754,-67.4099105,6.3241912]",0.0569916,0,3.6677526,within_safe_vector_latitude,not_run+unchanged,2,
adm1,13589884B22408468869829,Vaupés,COL,True,"[-72.032936,-1.2276712,-69.1156325,2.0801038]","[-72.032936,-1.2276712,-69.1156325,2.0801038]",0.2293242,0,2.9173035,within_safe_vector_latitude,not_run+unchanged,2,
adm1,13589884B55612798068582,Santander,COL,True,"[-74.5262361,5.7072106,-72.4764662,8.1434194]","[-74.5262361,5.7072106,-72.4764662,8.1434194]",0.110072,0,2.0497699,within_safe_vector_latitude,not_run+unchanged,1,
adm1,13589884B85526028135750,Risaralda,COL,True,"[-76.2065507,4.6647882,-75.3752623,5.5680411]","[-76.2065507,4.6647882,-75.3752623,5.5680411]",0.0236299,0,0.8312884,within_safe_vector_latitude,not_run+unchanged,1,
adm1,13589884B42325644495938,Putumayo,COL,True,"[-77.1867965,-0.5593278,-73.8413023,1.4677275]","[-77.1867965,-0.5593278,-73.8413023,1.4677275]",0.3035047,0,3.3454942,within_safe_vector_latitude,not_run+unchanged,2,
adm1,13589884B81785725414319,Nariño,COL,True,"[-79.00530126572717,0.361537359000067,-76.8341966,2.630235826000046]","[-79.00530126572717,0.361537359000067,-76.8341966,2.630235826000046]",0.07962427,0,2.171104666,within_safe_vector_latitude,not_run+unchanged,2,
adm1,13589884B51885004571697,Guaviare,COL,True,"[-73.6609698,0.6542651,-69.9946879,2.9248366]","[-73.6609698,0.6542651,-69.9946879,2.9248366]",0.4046787,0,3.6662819,within_safe_vector_latitude,not_run+unchanged,1,
adm1,13589884B67034552102836,Guainía,COL,True,"[-70.9424924,1.168342224174149,-66.8518822,4.044927311976905]","[-70.9424924,1.168342224174149,-66.8518822,4.044927311976905]",0.658063915,0,4.0906102,within_safe_vector_latitude,not_run+unchanged,2,
adm1,13589884B40908771570386,Bogota Capital District,COL,True,"[-74.4516651,3.7284407,-73.9974692,4.8369]","[-74.4516651,3.7284407,-73.9974692,4.8369]",0.0252888,0,0.4541959,within_safe_vector_latitude,not_run+unchanged,1,
adm1,13589884B25788978851461,Arauca,COL,True,"[-72.3681827,6.038487,-69.4304607,7.102742883000076]","[-72.3681827,6.038487,-69.4304607,7.102742883000076]",0.30329969,0,2.937722,within_safe_vector_latitude,not_run+unchanged,1,
adm1,13589884B62290921297491,Boyacá,COL,True,"[-74.6593289,4.6569049,-71.94225500996217,7.0548413]","[-74.6593289,4.6569049,-71.94225500996217,7.0548413]",0.028614,0,2.71707389,within_safe_vector_latitude,not_run+unchanged,1,
adm1,13589884B21818736641406,Casanare,COL,True,"[-73.0734483,4.2859966,-69.8264866,6.3067129]","[-73.0734483,4.2859966,-69.8264866,6.3067129]",0.0352554,0,3.2469617,within_safe_vector_latitude,not_run+unchanged,1,
adm1,13589884B79790550435280,Cauca,COL,True,"[-77.92572926999144,0.9587523,-75.7475052,3.3258844]","[-77.92572926999144,0.9587523,-75.7475052,3.3258844]",0.0547383,0,2.17822407,within_safe_vector_latitude,not_run+unchanged,1,
adm1,13589884B16144547040567,Caquetá,COL,True,"[-76.3029917,-0.7065597,-71.3203536,2.9331921]","[-76.3029917,-0.7065597,-71.3203536,2.9331921]",0.0410097,0,4.9826381,within_safe_vector_latitude,not_run+unchanged,2,
adm1,13589884B32024052187233,Huila,COL,True,"[-76.624259,1.5554725,-74.4128443,3.8448472]","[-76.624259,1.5554725,-74.4128443,3.8448472]",0.0547383,0,2.2114147,within_safe_vector_latitude,not_run+unchanged,1,
adm1,13589884B18807997781037,"Archipiélago de San Andrés, Providencia y Santa Catalina",COL,True,"[-81.7355371932315,12.483111382000061,-81.3495614,13.3858466]","[-81.7355371932315,12.483111382000061,-81.3495614,13.3858466]",0.01268981,0,0.046317673,within_safe_vector_latitude,not_run+unchanged,1,
adm1,22816118B12510721755829,Moheli,COM,True,"[43.622852006158126,-12.39086055699994,43.87002502293082,-12.249698]","[43.622852006158126,-12.39086055699994,43.87002502293082,-12.249698]",0.0138691,0,0.247173017,within_safe_vector_latitude,not_run+unchanged,1,
adm1,22816118B92166148047088,Anjouan,COM,True,"[44.20492400242958,-12.384343816279214,44.5359672,-12.068516730999931]","[44.20492400242958,-12.384343816279214,44.5359672,-12.068516730999931]",0.011322022,0,0.331043198,within_safe_vector_latitude,not_run+unchanged,1,
adm1,22816118B95538827312271,Grande Comore,COM,True,"[43.22880704116471,-11.93810932886169,43.5176721,-11.36614]","[43.22880704116471,-11.93810932886169,43.5176721,-11.36614]",0.008335114,0,0.288865059,within_safe_vector_latitude,not_run+unchanged,1,
adm1,14911670B45290909693812,Roraima,BRA,True,"[-64.80995904938898,-1.426312458999973,-58.87723031102663,5.2842873]","[-64.80995904938898,-1.426312458999973,-58.87723031102663,5.2842873]",0.550514896,0,5.932728738,within_safe_vector_latitude,not_run+unchanged,2,
adm1,14911670B26412867168762,Amapa,BRA,True,"[-54.91264046147424,-1.275150215999929,-49.92320038599996,4.236337884000022]","[-54.91264046147424,-1.275150215999929,-49.92320038599996,4.236337884000022]",0.376944154,0,4.989440075,within_safe_vector_latitude,not_run+unchanged,2,
adm1,14911670B46798344041190,Amazonas,BRA,True,"[-73.79155610363787,-9.766761886999973,-56.12894568699994,2.232406]","[-73.79155610363787,-9.766761886999973,-56.12894568699994,2.232406]",1.077533328,0,17.662610417,within_safe_vector_latitude,not_run+unchanged,6,
adm1,14911670B48776179681147,Para,BRA,True,"[-58.89674471025848,-9.846804441538914,-46.04411336399994,2.528525244000036]","[-58.89674471025848,-9.846804441538914,-46.04411336399994,2.528525244000036]",0.560631319,0,12.800016486,within_safe_vector_latitude,not_run+unchanged,4,
adm1,14911670B41041569544971,Maranhao,BRA,True,"[-48.51514569562781,-10.230195266999942,-41.82428531099998,-1.181626671459583]","[-48.51514569562781,-10.230195266999942,-41.82428531099998,-1.181626671459583]",0.194545356,0,6.690860385,within_safe_vector_latitude,not_run+unchanged,2,
adm1,14911670B7632012573600,Ceara,BRA,True,"[-41.43163372399994,-7.882165795999981,-37.23786057310656,-2.874452872999939]","[-41.43163372399994,-7.882165795999981,-37.23786057310656,-2.874452872999939]",0.27623759,0,4.193773151,within_safe_vector_latitude,not_run+unchanged,1,
adm1,14911670B91095571793858,Rio Granda do Norte,BRA,True,"[-38.523065195640775,-6.987007582999979,-34.96670045299993,-4.887510161157638]","[-38.523065195640775,-6.987007582999979,-34.96670045299993,-4.887510161157638]",0.488278645,0,3.556364743,within_safe_vector_latitude,not_run+unchanged,1,
adm1,14911670B97385369352280,Paraiba,BRA,True,"[-38.704476661999934,-8.3314865299999,-34.795061963999956,-6.062664512999959]","[-38.704476661999934,-8.3314865299999,-34.795061963999956,-6.062664512999959]",0.488278645,0,3.909414698,within_safe_vector_latitude,not_run+unchanged,1,
adm1,14911670B32365136910534,Piaui,BRA,True,"[-46.01409275999998,-10.92577321799996,-40.37961907699997,-2.860229895999964]","[-46.01409275999998,-10.92577321799996,-40.37961907699997,-2.860229895999964]",0.310952151,0,5.634473683,within_safe_vector_latitude,not_run+unchanged,2,
adm1,14911670B2612452665424,Pernambuco,BRA,True,"[-41.332526532999964,-9.508007652999936,-34.81006135399997,-7.297107024999946]","[-41.332526532999964,-9.508007652999936,-34.81006135399997,-7.297107024999946]",0.27623759,0,6.522465179,within_safe_vector_latitude,not_run+unchanged,1,
adm1,14911670B9724590061217,Alagoas,BRA,True,"[-38.17415514825309,-10.403205194641776,-35.138803660729536,-8.815943200999925]","[-38.17415514825309,-10.403205194641776,-35.138803660729536,-8.815943200999925]",0.227628412,0,3.035351488,within_safe_vector_latitude,not_run+unchanged,1,
adm1,14911670B96632893955983,Acre,BRA,True,"[-73.982817,-11.135864387108853,-66.6046659328039,-6.980472891677692]","[-73.982817,-11.135864387108853,-66.6046659328039,-6.980472891677692]",0.768247061,0,7.378151067,within_safe_vector_latitude,not_run+unchanged,2,
adm1,14911670B1613159902410,Rondonia,BRA,True,"[-66.765612126811,-13.689415225842037,-59.77314366,-7.894506066999952]","[-66.765612126811,-13.689415225842037,-59.77314366,-7.894506066999952]",0.746959618,0,6.992468467,within_safe_vector_latitude,not_run+unchanged,2,
adm1,14911670B86532577506919,Sergipe,BRA,True,"[-38.1791523699999,-11.552938592999965,-36.33753480299998,-9.533109329391232]","[-38.1791523699999,-11.552938592999965,-36.33753480299998,-9.533109329391232]",0.171218856,0,1.841617567,within_safe_vector_latitude,not_run+unchanged,2,
adm1,14911670B72497658138655,Tocantins,BRA,True,"[-50.746543143999986,-13.440121346999945,-45.67051171899993,-5.188969451479232]","[-50.746543143999986,-13.440121346999945,-45.67051171899993,-5.188969451479232]",0.299274998,0,5.076031425,within_safe_vector_latitude,not_run+unchanged,2,
adm1,14911670B19428866735507,Bahia,BRA,True,"[-46.60261931699995,-18.31060232782489,-37.41591357128428,-8.570179563999943]","[-46.60261931699995,-18.31060232782489,-37.41591357128428,-8.570179563999943]",0.367088804,0,9.186705746,within_safe_vector_latitude,not_run+unchanged,4,
adm1,14911670B2082355341666,Mato Grosso,BRA,True,"[-61.592028321999976,-18.07616241164463,-50.241802489429666,-7.315993847817531]","[-61.592028321999976,-18.07616241164463,-50.241802489429666,-7.315993847817531]",1.077533328,0,11.350225833,within_safe_vector_latitude,not_run+unchanged,4,
adm1,14911670B6484683145874,Goias,BRA,True,"[-53.24565015099995,-19.521027133718896,-45.90842338199997,-12.454364318999978]","[-53.24565015099995,-19.521027133718896,-45.90842338199997,-12.454364318999978]",0.641056509,0,7.337226769,within_safe_vector_latitude,not_run+unchanged,1,
adm1,14911670B84195346134564,Distrito Federal,BRA,True,"[-48.281711178999956,-16.044707874999972,-47.32171831499994,-15.534015895999971]","[-48.281711178999956,-16.044707874999972,-47.32171831499994,-15.534015895999971]",0.641056509,0,0.959992864,within_safe_vector_latitude,not_run+unchanged,1,
adm1,14911670B44044837234259,Minas Gerais,BRA,True,"[-51.05200346212927,-22.951724664999972,-39.83584630799993,-14.274772347999942]","[-51.05200346212927,-22.951724664999972,-39.83584630799993,-14.274772347999942]",0.367088804,0,11.216157154,within_safe_vector_latitude,not_run+unchanged,4,
adm1,14911670B28216513632935,Espirito Santo,BRA,True,"[-41.90090290650919,-21.29387702058592,-39.66750611599997,-17.911411991999955]","[-41.90090290650919,-21.29387702058592,-39.66750611599997,-17.911411991999955]",0.378161016,0,2.233396791,within_safe_vector_latitude,not_run+unchanged,1,
adm1,14911670B40722526455680,Mato Grosso do Sul,BRA,True,"[-58.130332040999974,-24.077127504999964,-50.93466125803028,-17.18161349099995]","[-58.130332040999974,-24.077127504999964,-50.93466125803028,-17.18161349099995]",0.351831038,0,7.195670783,within_safe_vector_latitude,not_run+unchanged,4,
adm1,14911670B85657526756793,Rio de Jeneiro,BRA,True,"[-44.92448570299996,-23.390071429772163,-40.96686319899993,-20.812675278826113]","[-44.92448570299996,-23.390071429772163,-40.96686319899993,-20.812675278826113]",0.318932932,0,3.957622504,within_safe_vector_latitude,not_run+unchanged,2,
adm1,14911670B46470234103867,Sao Paulo,BRA,True,"[-53.12926520236214,-25.326459387834095,-44.243445633999954,-19.809509512999966]","[-53.12926520236214,-25.326459387834095,-44.243445633999954,-19.809509512999966]",0.696691174,0,8.885819568,within_safe_vector_latitude,not_run+unchanged,4,
adm1,14911670B30315977547221,Parana,BRA,True,"[-54.619305,-26.728160269999933,-48.12798124849891,-22.55706957299998]","[-54.619305,-26.728160269999933,-48.12798124849891,-22.55706957299998]",0.696691174,0,6.407824263,within_safe_vector_latitude,not_run+unchanged,1,
adm1,14911670B90188072957077,Santa Catarina,BRA,True,"[-53.79847714614921,-29.377923770836734,-48.42160867999996,-26.04618551599998]","[-53.79847714614921,-29.377923770836734,-48.42160867999996,-26.04618551599998]",0.36749422,0,5.23282131,within_safe_vector_latitude,not_run+unchanged,1,
adm1,14911670B68448774564157,Rio Grande do Sul,BRA,True,"[-57.614616241737636,-33.73225077063498,-49.76544185199998,-27.11041066699994]","[-57.614616241737636,-33.73225077063498,-49.76544185199998,-27.11041066699994]",0.36749422,0,7.84917439,within_safe_vector_latitude,not_run+unchanged,4,
adm1,19338628B22645672383103,Île-de-France,FRA,True,"[1.446300057070426,48.12007725103844,3.559027106557363,49.24148775943226]","[1.446300057070426,48.12007725103844,3.559027106557363,49.24148775943226]",0.012223559,0,2.112727049,within_safe_vector_latitude,not_run+unchanged,2,
adm1,19338628B5758982491638,Centre-Val de Loire,FRA,True,"[0.052738841846039,46.34690109242024,3.128677660045099,48.94103403734606]","[0.052738841846039,46.34690109242024,3.128677660045099,48.94103403734606]",0.019435401,0,3.075938818,within_safe_vector_latitude,not_run+unchanged,2,
adm1,19338628B30439183828151,Bourgogne-Franche-Comté,FRA,True,"[2.844894817772869,46.15606501505189,7.143362828977243,48.40005310995869]","[2.844894817772869,46.15606501505189,7.143362828977243,48.40005310995869]",0.043645,0,4.298468011,within_safe_vector_latitude,not_run+unchanged,1,
adm1,19338628B74885379641265,Normandie,FRA,True,"[-1.947629992113785,48.1798896672768,1.802863031319563,50.072203720194054]","[-1.947629992113785,48.1798896672768,1.802863031319563,50.072203720194054]",0.034138874,0,3.750493023,within_safe_vector_latitude,not_run+unchanged,4,
adm1,19338628B36302232233914,Hauts-de-France,FRA,True,"[1.380217521711815,48.837526483006776,4.573052272083064,51.08866487173466]","[1.380217521711815,48.837526483006776,4.573052272083064,51.08866487173466]",0.42306505,0,3.19283475,within_safe_vector_latitude,not_run+unchanged,2,
adm1,19338628B74392602121343,Grand Est,FRA,True,"[3.383693920652668,47.420833,8.232632820000049,50.169104097768894]","[3.383693920652668,47.420833,8.232632820000049,50.169104097768894]",0.360425294,0,4.848938899,within_safe_vector_latitude,not_run+unchanged,2,
adm1,19338628B99642989531496,Pays de la Loire,FRA,True,"[-2.55852263459651,46.26683619222189,0.916650657911377,48.56799406443962]","[-2.55852263459651,46.26683619222189,0.916650657911377,48.56799406443962]",0.023361206,0,3.475173293,within_safe_vector_latitude,not_run+unchanged,2,
adm1,19338628B64983593182368,Bretagne,FRA,True,"[-5.140663660157226,47.279582978000064,-1.015612896689944,48.88127438868422]","[-5.140663660157226,47.279582978000064,-1.015612896689944,48.88127438868422]",0.034304642,0,3.779793114,within_safe_vector_latitude,not_run+unchanged,1,
adm1,19338628B12418907782041,Nouvelle-Aquitaine,FRA,True,"[-1.789638876999959,42.778170662846144,2.611284871277637,47.17599053241035]","[-1.789638876999959,42.778170662846144,2.611284871277637,47.17599053241035]",0.038524999,0,4.400923748,within_safe_vector_latitude,not_run+unchanged,2,
adm1,19338628B57683459369229,Occitanie,FRA,True,"[-0.327176135408518,42.33249900100003,4.845568850662445,45.04665423646346]","[-0.327176135408518,42.33249900100003,4.845568850662445,45.04665423646346]",0.029166699,0,5.172744986,within_safe_vector_latitude,not_run+unchanged,2,
adm1,19338628B73800214047876,Auvergne-Rhône-Alpes,FRA,True,"[2.062878147676085,44.11549261297615,7.185081462384457,46.804232108955254]","[2.062878147676085,44.11549261297615,7.185081462384457,46.804232108955254]",0.097869799,0,5.122203315,within_safe_vector_latitude,not_run+unchanged,1,
adm1,19338628B95725112529620,Provence-Alpes-Côte d'Azur,FRA,True,"[4.2302708610604,43.028720855000074,7.716943,45.12684420381057]","[4.2302708610604,43.028720855000074,7.716943,45.12684420381057]",0.029138566,0,3.486672139,within_safe_vector_latitude,not_run+unchanged,1,
adm1,19338628B22604203385446,Corse,FRA,True,"[8.539899700871295,41.36463874623944,9.559556007000026,43.01170894548083]","[8.539899700871295,41.36463874623944,9.559556007000026,43.01170894548083]",0.015806197,0,1.019656306,within_safe_vector_latitude,not_run+unchanged,1,
adm1,28894549B55881681467015,Upper Uele,COD,True,"[26.8697701,1.4698499,30.579242915000066,5.208636056466313]","[26.8697701,1.4698499,30.579242915000066,5.208636056466313]",0.1061767,0,3.709472815,within_safe_vector_latitude,not_run+unchanged,1,
adm1,28894549B71118016098951,Ituri,COD,True,"[27.3882661,0.5827008,31.276595927632076,3.68109879072278]","[27.3882661,0.5827008,31.276595927632076,3.68109879072278]",0.1061767,0,3.888329828,within_safe_vector_latitude,not_run+unchanged,1,
adm1,28894549B99726016901645,Tshopo,COD,True,"[22.2607298,-1.9810165,28.1821061,2.3999025]","[22.2607298,-1.9810165,28.1821061,2.3999025]",0.1914518,0,5.9213763,within_safe_vector_latitude,not_run+unchanged,4,
adm1,28894549B47695765788779,Lower Uele,COD,True,"[22.4334008,1.9382098,27.7020961,5.391931055643039]","[22.4334008,1.9382098,27.7020961,5.391931055643039]",0.176117527,0,5.2686953,within_safe_vector_latitude,not_run+unchanged,2,
adm1,28894549B51646896581942,Mongala,COD,True,"[19.2085301,0.7256176,23.579525,3.3333298]","[19.2085301,0.7256176,23.579525,3.3333298]",0.1635843,0,4.3709949,within_safe_vector_latitude,not_run+unchanged,2,
adm1,28894549B30663222433478,Nord-Ubangi,COD,True,"[19.01697603883673,2.8842723,23.5156819,5.150627001000032]","[19.01697603883673,2.8842723,23.5156819,5.150627001000032]",0.264767503,0,4.498705861,within_safe_vector_latitude,not_run+unchanged,2,
adm1,28894549B79800095019512,Tshuapa,COD,True,"[19.4599991,-2.6666049,24.4123887,1.7626171]","[19.4599991,-2.6666049,24.4123887,1.7626171]",0.2039742,0,4.9523896,within_safe_vector_latitude,not_run+unchanged,4,
adm1,28894549B37294008176905,Équateur,COD,True,"[16.174668,-2.790004113308737,20.7817595,2.1262722]","[16.174668,-2.790004113308737,20.7817595,2.1262722]",0.1635843,0,4.6070915,within_safe_vector_latitude,not_run+unchanged,2,
adm1,28894549B50925261891635,Haut-Katanga,COD,True,"[25.48687,-13.459034998999982,29.814759,-7.5803099]","[25.48687,-13.459034998999982,29.814759,-7.5803099]",0.111384,0,4.327889,within_safe_vector_latitude,not_run+unchanged,2,
adm1,28894549B30623489313038,Haut-Lomami,COD,True,"[23.6265697,-10.03467,27.86413,-6.1598907]","[23.6265697,-10.03467,27.86413,-6.1598907]",0.1020462,0,4.2375603,within_safe_vector_latitude,not_run+unchanged,1,
adm1,28894549B38138050967839,Kongo-Central,COD,True,"[12.202423710838685,-6.008276327603634,16.2675114,-4.2784502]","[12.202423710838685,-6.008276327603634,16.2675114,-4.2784502]",0.2285503,0,4.065087689,within_safe_vector_latitude,not_run+unchanged,1,
adm1,28894549B46890622863620,Kwango,COD,True,"[16.095955915259946,-8.130430998999941,19.9752279,-4.2912571]","[16.095955915259946,-8.130430998999941,19.9752279,-4.2912571]",0.248411642,0,3.879271985,within_safe_vector_latitude,not_run+unchanged,1,
adm1,28894549B87845660721216,Sankuru,COD,True,"[21.7010222,-5.857216,25.1167469,-1.6939097]","[21.7010222,-5.857216,25.1167469,-1.6939097]",0.1998176,0,3.4157247,within_safe_vector_latitude,not_run+unchanged,2,
adm1,28894549B79448475719999,Sud-Ubangi,COD,True,"[18.071944,1.8843323,20.9064333,4.7744403]","[18.071944,1.8843323,20.9064333,4.7744403]",0.151258005,0,2.8344893,within_safe_vector_latitude,not_run+unchanged,1,
adm1,28894549B79924508589254,Tanganyika,COD,True,"[25.9414692,-8.41897628688494,30.806972684995973,-3.3467787]","[25.9414692,-8.41897628688494,30.806972684995973,-3.3467787]",0.231213305,0,4.865503485,within_safe_vector_latitude,not_run+unchanged,1,
adm1,28894549B67590087528803,Kasai,COD,True,"[19.675492,-7.283333,22.5385608,-2.4652644]","[19.675492,-7.283333,22.5385608,-2.4652644]",0.2039742,0,2.8630688,within_safe_vector_latitude,not_run+unchanged,2,
adm1,28894549B87743923989415,Kasai-Oriental,COD,True,"[22.9324612,-6.7817697,24.1754037,-5.6366634]","[22.9324612,-6.7817697,24.1754037,-5.6366634]",0.1769293,0,1.2429425,within_safe_vector_latitude,not_run+unchanged,1,
adm1,28894549B38684068732321,Maniema,COD,True,"[24.4707881,-5.0,28.7998243,0.0095165]","[24.4707881,-5.0,28.7998243,0.0095165]",0.2336842,0,4.3290362,within_safe_vector_latitude,not_run+unchanged,2,
adm1,28894549B19306184040235,North Kivu,COD,True,"[27.2062397,-2.0657702,29.9872541,0.96417]","[27.2062397,-2.0657702,29.9872541,0.96417]",0.1020012,0,2.7810144,within_safe_vector_latitude,not_run+unchanged,2,
adm1,28894549B54646848790483,South Kivu,COD,True,"[26.8106492,-5.0103229,29.2645,-1.5837612]","[26.8106492,-5.0103229,29.2645,-1.5837612]",0.2336842,0,2.4538508,within_safe_vector_latitude,not_run+unchanged,1,
adm1,28894549B61915221715888,Central Kasai,COD,True,"[21.4069617,-7.9187414,23.7640269,-4.2018693]","[21.4069617,-7.9187414,23.7640269,-4.2018693]",0.1998176,0,2.3570652,within_safe_vector_latitude,not_run+unchanged,2,
adm1,28894549B21546057795066,Lomami,COD,True,"[23.0161788,-7.997032,26.2782604,-4.8136533]","[23.0161788,-7.997032,26.2782604,-4.8136533]",0.175157,0,3.2620816,within_safe_vector_latitude,not_run+unchanged,1,
adm1,28894549B83017556697567,Lualaba,COD,True,"[21.7515421,-11.7082938,27.1500397,-7.6575861]","[21.7515421,-11.7082938,27.1500397,-7.6575861]",0.08996,0,5.3984976,within_safe_vector_latitude,not_run+unchanged,4,
adm1,28894549B68389240291046,Kinshasa,COD,True,"[15.1282208,-5.0325362,16.5340748,-3.9276112]","[15.1282208,-5.0325362,16.5340748,-3.9276112]",0.2285503,0,1.405854,within_safe_vector_latitude,not_run+unchanged,1,
adm1,28894549B48772399836497,Kwilu,COD,True,"[16.4801731,-6.4011226,20.2029029,-3.2204361]","[16.4801731,-6.4011226,20.2029029,-3.2204361]",0.0956784,0,3.7227298,within_safe_vector_latitude,not_run+unchanged,1,
adm1,28894549B55201873792787,Mai-Ndombe,COD,True,"[15.8947221,-4.3826984,21.0052978,-0.73528]","[15.8947221,-4.3826984,21.0052978,-0.73528]",0.1544336,0,5.1105757,within_safe_vector_latitude,not_run+unchanged,1,
adm1,67827341B31154795269334,Bouenza,COG,True,"[12.6046367,-4.8020807,14.377345,-3.4580832]","[12.6046367,-4.8020807,14.377345,-3.4580832]",0.0910538,0,1.7727083,within_safe_vector_latitude,not_run+unchanged,1,
adm1,67827341B35635210457277,Cuvette,COG,True,"[14.371590188182893,-2.0258192,17.5257289,0.4652949]","[14.371590188182893,-2.0258192,17.5257289,0.4652949]",0.3982241,0,3.154138712,within_safe_vector_latitude,not_run+unchanged,2,
adm1,67827341B34965463898016,Cuvette-Ouest,COG,True,"[13.81816,-1.180359148966084,15.2852993,1.397778]","[13.81816,-1.180359148966084,15.2852993,1.397778]",0.233420181,0,1.4671393,within_safe_vector_latitude,not_run+unchanged,2,
adm1,67827341B19376310286278,Kouilou,COG,True,"[11.15338418906698,-5.0300478,12.780820784738605,-3.506944]","[11.15338418906698,-5.0300478,12.780820784738605,-3.506944]",0.134152,0,1.627436596,within_safe_vector_latitude,not_run+unchanged,2,
adm1,67827341B88704799146201,Likouala,COG,True,"[16.447901632958203,-0.7499939,18.65042119000003,3.729779185727969]","[16.447901632958203,-0.7499939,18.65042119000003,3.729779185727969]",0.435372061,0,2.202519557,within_safe_vector_latitude,not_run+unchanged,2,
adm1,67827341B50868074767684,Lékoumou,COG,True,"[12.6043266,-4.0521555,14.3409648,-2.092012591185998]","[12.6043266,-4.0521555,14.3409648,-2.092012591185998]",0.151010268,0,1.7366382,within_safe_vector_latitude,not_run+unchanged,1,
adm1,67827341B58284401685335,Niari,COG,True,"[11.518748,-4.9129324,13.5967842,-1.807501454260871]","[11.518748,-4.9129324,13.5967842,-1.807501454260871]",0.23254258,0,2.0780362,within_safe_vector_latitude,not_run+unchanged,1,
adm1,67827341B85700324143443,Plateaux,COG,True,"[14.1111147,-3.0806385,16.671111,-0.9369968]","[14.1111147,-3.0806385,16.671111,-0.9369968]",0.1106909,0,2.5599963,within_safe_vector_latitude,not_run+unchanged,1,
adm1,67827341B26824927831038,Pool,COG,True,"[13.8602706,-4.921605188580614,16.2133607,-2.7174566]","[13.8602706,-4.921605188580614,16.2133607,-2.7174566]",0.077618,0,2.3530901,within_safe_vector_latitude,not_run+unchanged,1,
adm1,67827341B91073241467510,Sangha,COG,True,"[13.122914699752402,0.0420649,17.0495333,2.714951781455498]","[13.122914699752402,0.0420649,17.0495333,2.714951781455498]",0.3982241,0,3.9266186,within_safe_vector_latitude,not_run+unchanged,1,
adm1,67827341B64489104323901,Brazzaville,COG,True,"[14.9537471,-4.5121629,15.962573199335779,-3.4282321]","[14.9537471,-4.5121629,15.962573199335779,-3.4282321]",0.070539047,0,1.008826099,within_safe_vector_latitude,not_run+unchanged,1,
adm1,67827341B24651927925898,Pointe-Noire,COG,True,"[11.82458600637916,-4.854910391488108,11.9325522,-4.7224155]","[11.82458600637916,-4.854910391488108,11.9325522,-4.7224155]",0.0705084,0,0.107966194,within_safe_vector_latitude,not_run+unchanged,1,
adm1,40311993B95835387341305,Northland Region,NZL,True,"[172.6437835690001,-36.39634276599576,174.74673421673373,-34.396278380999945]","[172.6437835690001,-36.39634276599576,174.74673421673373,-34.396278380999945]",0.037278015,0,1.972855232,within_safe_vector_latitude,not_run+unchanged,1,
adm1,40311993B8827335688438,Auckland Region,NZL,True,"[174.1620351805384,-37.29183225098791,175.55062414938146,-36.03929156455743]","[174.1620351805384,-37.29183225098791,175.55062414938146,-36.03929156455743]",0.0601398,0,1.129448203,within_safe_vector_latitude,not_run+unchanged,1,
adm1,40311993B15069482995997,Waikato Region,NZL,True,"[174.61341101671232,-39.30032621558519,176.50532476712206,-36.46958160299994]","[174.61341101671232,-39.30032621558519,176.50532476712206,-36.46958160299994]",0.081383866,0,1.89191375,within_safe_vector_latitude,not_run+unchanged,1,
adm1,40311993B61794104142346,Bay of Plenty Region,NZL,True,"[175.80592081708957,-39.005085265534255,178.1075549004474,-37.26763114277782]","[175.80592081708957,-39.005085265534255,178.1075549004474,-37.26763114277782]",0.081383866,0,2.301634083,within_safe_vector_latitude,not_run+unchanged,1,
adm1,40311993B37770658240242,Gisborne Region,NZL,True,"[177.12217079974818,-38.9728116658434,178.55045626835815,-37.53541564999995]","[177.12217079974818,-38.9728116658434,178.55045626835815,-37.53541564999995]",0.1029042,0,1.428285469,within_safe_vector_latitude,not_run+unchanged,1,
adm1,40311993B4436499338527,Hawke's Bay Region,NZL,True,"[176.0429473669379,-40.43129144861904,178.00167440060116,-38.58392093261349]","[176.0429473669379,-40.43129144861904,178.00167440060116,-38.58392093261349]",0.1029042,0,1.958727034,within_safe_vector_latitude,not_run+unchanged,1,
adm1,40311993B7212192632593,Taranaki Region,NZL,True,"[173.75288391100003,-39.86876994921003,174.99176466659148,-38.709988172502776]","[173.75288391100003,-39.86876994921003,174.99176466659148,-38.709988172502776]",0.025894165,0,1.238880756,within_safe_vector_latitude,not_run+unchanged,1,
adm1,40311993B31372788647917,Manawatu-Wanganui Region,NZL,True,"[174.67516493317677,-40.77958459921557,176.63295838356945,-38.47032719917711]","[174.67516493317677,-40.77958459921557,176.63295838356945,-38.47032719917711]",0.070465967,0,1.95779345,within_safe_vector_latitude,not_run+unchanged,1,
adm1,40311993B14632257030086,Wellington Region,NZL,True,"[174.613266517175,-41.613548915452505,176.33275956674424,-40.65921028191523]","[174.613266517175,-41.613548915452505,176.33275956674424,-40.65921028191523]",0.070465967,0,1.71949305,within_safe_vector_latitude,not_run+unchanged,2,
adm1,40311993B79805700367517,West Coast Region,NZL,True,"[168.0558850338808,-44.49906086595922,172.69209849974675,-40.77738747061499]","[168.0558850338808,-44.49906086595922,172.69209849974675,-40.77738747061499]",0.041273767,0,4.636213466,within_safe_vector_latitude,not_run+unchanged,4,
adm1,40311993B76352407092523,Canterbury Region,NZL,True,"[169.54249753385335,-45.08092934852932,174.06325933303373,-41.90738326557386]","[169.54249753385335,-45.08092934852932,174.06325933303373,-41.90738326557386]",0.049722102,0,4.520761799,within_safe_vector_latitude,not_run+unchanged,1,
adm1,40311993B75469314212010,Otago Region,NZL,True,"[168.1163932833142,-46.637971351850645,171.1406840567565,-43.95542469843436]","[168.1163932833142,-46.637971351850645,171.1406840567565,-43.95542469843436]",0.078608567,0,3.024290773,within_safe_vector_latitude,not_run+unchanged,2,
adm1,40311993B33496206587618,Southland Region,NZL,True,"[166.4269589946879,-47.289992514270644,169.2791662664351,-44.25512053180147]","[166.4269589946879,-47.289992514270644,169.2791662664351,-44.25512053180147]",0.078608567,0,2.852207272,within_safe_vector_latitude,not_run+unchanged,2,
adm1,40311993B18940272977460,Tasman Region,NZL,True,"[172.05058670008364,-42.30557146535978,173.30436718366136,-40.498755927884126]","[172.05058670008364,-42.30557146535978,173.30436718366136,-40.498755927884126]",0.041273767,0,1.253780484,within_safe_vector_latitude,not_run+unchanged,2,
adm1,40311993B93133537770676,Nelson Region,NZL,True,"[173.1996725600223,-41.3934222485607,173.59876176643596,-41.052287644102876]","[173.1996725600223,-41.3934222485607,173.59876176643596,-41.052287644102876]",0.02190325,0,0.399089206,within_safe_vector_latitude,not_run+unchanged,1,
adm1,40311993B74827549991310,Marlborough Region,NZL,True,"[172.71852988328607,-42.48812921511158,174.3914994450074,-40.690914992624336]","[172.71852988328607,-42.48812921511158,174.3914994450074,-40.690914992624336]",0.045249133,0,1.593541967,within_safe_vector_latitude,not_run+unchanged,2,
adm1,40311993B35256795067825,Chatham Islands Territory,NZL,True,"[-176.89299405905183,-44.35172191519022,-176.15710449299996,-43.69314391216096]","[-176.89299405905183,-44.35172191519022,-176.15710449299996,-43.69314391216096]",0.018247266,0,0.691715372,within_safe_vector_latitude,not_run+unchanged,1,
adm1,89281809B69825435871977,Belait,BRN,True,"[114.08057568924154,4.004994822155308,114.85411568400002,4.708672970000066]","[114.08057568924154,4.004994822155308,114.85411568400002,4.708672970000066]",0.107133301,0,0.773539995,within_safe_vector_latitude,not_run+unchanged,1,
adm1,89281809B59327831149370,Tutong,BRN,True,"[114.52339396700006,4.31873358100006,114.8835633970001,4.923978211000076]","[114.52339396700006,4.31873358100006,114.8835633970001,4.923978211000076]",0.064207681,0,0.36016943,within_safe_vector_latitude,not_run+unchanged,1,
adm1,89281809B42057356743122,Brunei-Muara,BRN,True,"[114.77861422700005,4.730445926000073,115.0634647041844,5.045394835302982]","[114.77861422700005,4.730445926000073,115.0634647041844,5.045394835302982]",0.116418839,0,0.284850477,within_safe_vector_latitude,not_run+unchanged,1,
adm1,89281809B70839875343945,Temburong,BRN,True,"[115.02579672900004,4.300401167328173,115.3634635200001,4.905177583000068]","[115.02579672900004,4.300401167328173,115.3634635200001,4.905177583000068]",0.031483578,0,0.337666791,within_safe_vector_latitude,not_run+unchanged,1,
adm1,22928101B16069235588997,Blagoevgrad,BGR,True,"[22.872763244228395,41.31651543000004,24.091122088413726,42.18567658260827]","[22.872763244228395,41.31651543000004,24.091122088413726,42.18567658260827]",0.177216721,0,1.218358844,within_safe_vector_latitude,not_run+unchanged,1,
adm1,22928101B44315306220510,Burgas,BGR,True,"[26.563872794493932,41.92678668771854,28.031883392275766,42.96598522513807]","[26.563872794493932,41.92678668771854,28.031883392275766,42.96598522513807]",0.205907193,0,1.468010598,within_safe_vector_latitude,not_run+unchanged,1,
adm1,22928101B87459279051229,Dobrich,BGR,True,"[27.213521054852833,43.31165654011727,28.60271825184127,44.007563928870326]","[27.213521054852833,43.31165654011727,28.60271825184127,44.007563928870326]",0.150906002,0,1.389197197,within_safe_vector_latitude,not_run+unchanged,1,
adm1,22928101B98033392474290,Gabrovo,BGR,True,"[24.85049364316717,42.73922291680424,25.630267896719207,43.210433708748724]","[24.85049364316717,42.73922291680424,25.630267896719207,43.210433708748724]",0.251074031,0,0.779774254,within_safe_vector_latitude,not_run+unchanged,1,
adm1,22928101B79406413645892,Haskovo,BGR,True,"[25.229351322105856,41.319639221000045,26.571190666116422,42.22057827020418]","[25.229351322105856,41.319639221000045,26.571190666116422,42.22057827020418]",0.205615567,0,1.341839344,within_safe_vector_latitude,not_run+unchanged,1,
adm1,22928101B68200013052436,Kardzhali,BGR,True,"[24.97863834098672,41.23534149300008,25.94397796676573,41.90974347088451]","[24.97863834098672,41.23534149300008,25.94397796676573,41.90974347088451]",0.149288121,0,0.965339626,within_safe_vector_latitude,not_run+unchanged,1,
adm1,22928101B44341321223640,Kyustendil,BGR,True,"[22.367163283094172,42.017331039096234,23.508589281770014,42.63721438791719]","[22.367163283094172,42.017331039096234,23.508589281770014,42.63721438791719]",0.193779369,0,1.141425999,within_safe_vector_latitude,not_run+unchanged,2,
adm1,22928101B46852240648203,Lovech,BGR,True,"[23.95753173570108,42.72315134565815,25.131495122601905,43.370242447630915]","[23.95753173570108,42.72315134565815,25.131495122601905,43.370242447630915]",0.237237241,0,1.173963387,within_safe_vector_latitude,not_run+unchanged,1,
adm1,22928101B62968334423713,Montana,BGR,True,"[22.7379744315748,43.11499348036489,23.633200899402027,43.85154000337646]","[22.7379744315748,43.11499348036489,23.633200899402027,43.85154000337646]",0.12490965,0,0.895226468,within_safe_vector_latitude,not_run+unchanged,1,
adm1,22928101B54448324978016,Pazardzhik,BGR,True,"[23.760337146941822,41.6763657046136,24.470942627400404,42.624566385929995]","[23.760337146941822,41.6763657046136,24.470942627400404,42.624566385929995]",0.177216721,0,0.71060548,within_safe_vector_latitude,not_run+unchanged,1,
adm1,22928101B96010659565513,Pernik,BGR,True,"[22.43941687800003,42.35719368154321,23.28049114924721,42.89382415465278]","[22.43941687800003,42.35719368154321,23.28049114924721,42.89382415465278]",0.193779369,0,0.841074271,within_safe_vector_latitude,not_run+unchanged,2,
adm1,22928101B31715207622661,Pleven,BGR,True,"[23.95202493860006,43.22182916588338,25.229182600296838,43.76485239409842]","[23.95202493860006,43.22182916588338,25.229182600296838,43.76485239409842]",0.15424589,0,1.277157662,within_safe_vector_latitude,not_run+unchanged,1,
adm1,22928101B63653503228719,Plovdiv,BGR,True,"[24.342745185242165,41.69771735647089,25.327770704954105,42.798381301256086]","[24.342745185242165,41.69771735647089,25.327770704954105,42.798381301256086]",0.136260195,0,0.98502552,within_safe_vector_latitude,not_run+unchanged,1,
adm1,22928101B37005697936135,Razgrad,BGR,True,"[26.04768781983705,43.33937038643421,26.99837387025798,43.946467493979696]","[26.04768781983705,43.33937038643421,26.99837387025798,43.946467493979696]",0.17184763,0,0.95068605,within_safe_vector_latitude,not_run+unchanged,1,
adm1,22928101B77314555344177,Ruse,BGR,True,"[25.454077310819287,43.318788080305694,26.532128353141047,44.018868734604496]","[25.454077310819287,43.318788080305694,26.532128353141047,44.018868734604496]",0.190750245,0,1.078051042,within_safe_vector_latitude,not_run+unchanged,1,
adm1,22928101B51752222739071,Shumen,BGR,True,"[26.52344465414751,42.89925272703181,27.428170556273127,43.717541488748736]","[26.52344465414751,42.89925272703181,27.428170556273127,43.717541488748736]",0.205907193,0,0.904725902,within_safe_vector_latitude,not_run+unchanged,1,
adm1,22928101B76058973774161,Silistra,BGR,True,"[26.339819233370974,43.665511729782565,27.695121887273444,44.13620197074442]","[26.339819233370974,43.665511729782565,27.695121887273444,44.13620197074442]",0.196219829,0,1.355302654,within_safe_vector_latitude,not_run+unchanged,1,
adm1,22928101B44229797432023,Sliven,BGR,True,"[25.79570348872174,42.24485831705081,26.698745695557477,43.03830953685571]","[25.79570348872174,42.24485831705081,26.698745695557477,43.03830953685571]",0.170434038,0,0.903042207,within_safe_vector_latitude,not_run+unchanged,1,
adm1,22928101B66285988905372,Smolyan,BGR,True,"[24.07802826170148,41.310479402000055,25.176387535655476,41.92694697372389]","[24.07802826170148,41.310479402000055,25.176387535655476,41.92694697372389]",0.154540868,0,1.098359274,within_safe_vector_latitude,not_run+unchanged,1,
adm1,22928101B17014479854950,Sofia,BGR,True,"[22.744009327382937,42.09608237650053,24.478262237412366,43.20637649018295]","[22.744009327382937,42.09608237650053,24.478262237412366,43.20637649018295]",0.237237241,0,1.73425291,within_safe_vector_latitude,not_run+unchanged,1,
adm1,22928101B40975042441370,Sofia City,BGR,True,"[23.031118384605804,42.41705377731,23.63903767215089,42.89240931164045]","[23.031118384605804,42.41705377731,23.63903767215089,42.89240931164045]",0.162039151,0,0.607919288,within_safe_vector_latitude,not_run+unchanged,1,
adm1,22928101B69206981842261,Stara Zagora,BGR,True,"[24.975480358132074,42.02412392248107,26.173648791855946,42.791133873152404]","[24.975480358132074,42.02412392248107,26.173648791855946,42.791133873152404]",0.251074031,0,1.198168434,within_safe_vector_latitude,not_run+unchanged,1,
adm1,22928101B13229128735183,Targovishte,BGR,True,"[25.93618796780055,42.94901547048761,26.763875837400008,43.55957869739899]","[25.93618796780055,42.94901547048761,26.763875837400008,43.55957869739899]",0.122452048,0,0.82768787,within_safe_vector_latitude,not_run+unchanged,1,
adm1,22928101B59958785683132,Varna,BGR,True,"[27.08159284893088,42.828016512252304,28.050882585463,43.59705833831393]","[27.08159284893088,42.828016512252304,28.050882585463,43.59705833831393]",0.140001759,0,0.969289737,within_safe_vector_latitude,not_run+unchanged,1,
adm1,22928101B33485564928872,Veliko Tarnovo,BGR,True,"[25.068243384824427,42.7627905890762,26.171846492121972,43.64850009640236]","[25.068243384824427,42.7627905890762,26.171846492121972,43.64850009640236]",0.204920775,0,1.103603107,within_safe_vector_latitude,not_run+unchanged,1,
adm1,22928101B21472932183906,Vidin,BGR,True,"[22.3571459,43.39238928273926,23.046649078292376,44.19722537195338]","[22.3571459,43.39238928273926,23.046649078292376,44.19722537195338]",0.150325562,0,0.689503178,within_safe_vector_latitude,not_run+unchanged,2,
adm1,22928101B85643102977503,Vratsa,BGR,True,"[23.314854739254883,43.00404008338319,24.30381659066319,43.801360191119954]","[23.314854739254883,43.00404008338319,24.30381659066319,43.801360191119954]",0.176474438,0,0.988961851,within_safe_vector_latitude,not_run+unchanged,1,
adm1,22928101B84935851538926,Yambol,BGR,True,"[26.156306265397767,41.93422012925561,27.044737228540328,42.703638407186816]","[26.156306265397767,41.93422012925561,27.044737228540328,42.703638407186816]",0.205615567,0,0.888430963,within_safe_vector_latitude,not_run+unchanged,1,
adm1,92566538B14190085014946,Centre,BFA,True,"[-1.826851688999966,12.051309512000046,-1.06402053599993,12.68485736100007]","[-1.826851688999966,12.051309512000046,-1.06402053599993,12.68485736100007]",0.085359362,0,0.762831153,within_safe_vector_latitude,not_run+unchanged,1,
adm1,92566538B5930876876994,Boucle du Mouhoun,BFA,True,"[-4.650181592999957,11.239414574000023,-2.445542885999942,13.714905522000038]","[-4.650181592999957,11.239414574000023,-2.445542885999942,13.714905522000038]",0.148862521,0,2.184112472,within_safe_vector_latitude,not_run+unchanged,1,
adm1,92566538B65696039363280,Cascades,BFA,True,"[-5.537854771653964,9.594848291000062,-3.674275346999934,11.022591502000068]","[-5.537854771653964,9.594848291000062,-3.674275346999934,11.022591502000068]",0.090616323,0,1.863579425,within_safe_vector_latitude,not_run+unchanged,1,
adm1,92566538B37033565003987,Centre-Est,BFA,True,"[-0.90210236799993,10.910460540000031,0.588260596000055,12.55972343600007]","[-0.90210236799993,10.910460540000031,0.588260596000055,12.55972343600007]",0.099317934,0,1.490362964,within_safe_vector_latitude,not_run+unchanged,4,
adm1,92566538B59117792838125,Centre-Nord,BFA,True,"[-1.900661243999934,12.479383632000065,-0.213014972999929,13.998738348000074]","[-1.900661243999934,12.479383632000065,-0.213014972999929,13.998738348000074]",0.096316055,0,1.687646271,within_safe_vector_latitude,not_run+unchanged,1,
adm1,92566538B57875752774417,Centre-Ouest,BFA,True,"[-2.928884636999953,10.977,-1.309292242999959,12.841254008000021]","[-2.928884636999953,10.977,-1.309292242999959,12.841254008000021]",0.155256157,0,1.619592394,within_safe_vector_latitude,not_run+unchanged,2,
adm1,92566538B49759193106183,Centre-Sud,BFA,True,"[-2.050537636999934,10.963199181386784,-0.558263023999928,12.204348229000061]","[-2.050537636999934,10.963199181386784,-0.558263023999928,12.204348229000061]",0.093436333,0,1.492274613,within_safe_vector_latitude,not_run+unchanged,2,
adm1,92566538B57532963969301,Est,BFA,True,"[-0.390303371999948,10.931,2.428991655422167,13.578306448000035]","[-0.390303371999948,10.931,2.428991655422167,13.578306448000035]",0.28939,0,2.819295027,within_safe_vector_latitude,not_run+unchanged,4,
adm1,92566538B19127906733451,Hauts-Bassins,BFA,True,"[-5.48840044834071,10.683764802000042,-2.829970401999958,12.107662900000037]","[-5.48840044834071,10.683764802000042,-2.829970401999958,12.107662900000037]",0.124168646,0,2.658430046,within_safe_vector_latitude,not_run+unchanged,2,
adm1,92566538B60283727543208,Nord,BFA,True,"[-2.95371,12.61623540200003,-1.532084794999946,14.29787]","[-2.95371,12.61623540200003,-1.532084794999946,14.29787]",0.19586,0,1.419839143,within_safe_vector_latitude,not_run+unchanged,1,
adm1,92566538B74906977122081,Plateau Central,BFA,True,"[-2.082986414999937,11.874417063000067,-0.411943475999976,12.930108476000044]","[-2.082986414999937,11.874417063000067,-0.411943475999976,12.930108476000044]",0.134712775,0,1.671042939,within_safe_vector_latitude,not_run+unchanged,1,
adm1,92566538B81581720767285,Sahel,BFA,True,"[-2.102071429105084,12.96993330600003,1.285810132000051,15.084033447000024]","[-2.102071429105084,12.96993330600003,1.285810132000051,15.084033447000024]",0.269573751,0,3.387881561,within_safe_vector_latitude,not_run+unchanged,2,
adm1,92566538B26761698110708,Sud-Ouest,BFA,True,"[-3.9956104399999,9.408219303000067,-2.60619982299994,11.368110647000037]","[-3.9956104399999,9.408219303000067,-2.60619982299994,11.368110647000037]",0.124168646,0,1.389410617,within_safe_vector_latitude,not_run+unchanged,2,
adm1,87207978B95213924600823,Gitega,BDI,True,"[29.72057352434871,-3.826699617393388,30.102768925545547,-3.057926656090274]","[29.72057352434871,-3.826699617393388,30.102768925545547,-3.057926656090274]",0.061337212,0,0.382195401,within_safe_vector_latitude,not_run+unchanged,1,
adm1,87207978B16018837471159,Kirundo,BDI,True,"[29.92153466449321,-2.782954666924297,30.41626887930539,-2.32690110470968]","[29.92153466449321,-2.782954666924297,30.41626887930539,-2.32690110470968]",0.077189016,0,0.494734215,within_safe_vector_latitude,not_run+unchanged,1,
adm1,87207978B26491438187770,Muyinga,BDI,True,"[30.077118485529752,-3.15382715569865,30.545410770522818,-2.316243741655285]","[30.077118485529752,-3.15382715569865,30.545410770522818,-2.316243741655285]",0.069618719,0,0.468292285,within_safe_vector_latitude,not_run+unchanged,1,
adm1,87207978B61642532121810,Ngozi,BDI,True,"[29.65137347630491,-3.086031043797561,30.1767714945089,-2.648383715823686]","[29.65137347630491,-3.086031043797561,30.1767714945089,-2.648383715823686]",0.077189016,0,0.525398018,within_safe_vector_latitude,not_run+unchanged,1,
adm1,87207978B35376687740120,Makamba,BDI,True,"[29.53825365388309,-4.4621957,30.183992155179197,-4.010555561389992]","[29.53825365388309,-4.4621957,30.183992155179197,-4.010555561389992]",0.078871371,0,0.645738501,within_safe_vector_latitude,not_run+unchanged,1,
adm1,87207978B60452886876050,Rutana,BDI,True,"[29.814607776927403,-4.093424872859543,30.40695537249252,-3.632828431886594]","[29.814607776927403,-4.093424872859543,30.40695537249252,-3.632828431886594]",0.078871371,0,0.592347596,within_safe_vector_latitude,not_run+unchanged,1,
adm1,87207978B85164203636576,Ruyigi,BDI,True,"[30.043425336510097,-3.724596237326466,30.67517677338941,-3.187246368525052]","[30.043425336510097,-3.724596237326466,30.67517677338941,-3.187246368525052]",0.091602284,0,0.631751437,within_safe_vector_latitude,not_run+unchanged,1,
adm1,87207978B60812330206497,Cankuzo,BDI,True,"[30.320013798597984,-3.381529678251979,30.8462486,-2.895482071740162]","[30.320013798597984,-3.381529678251979,30.8462486,-2.895482071740162]",0.076424231,0,0.526234801,within_safe_vector_latitude,not_run+unchanged,1,
adm1,87207978B19413274687877,Karuzi,BDI,True,"[29.9001717297416,-3.378199298958407,30.350519511965956,-2.904771029759161]","[29.9001717297416,-3.378199298958407,30.350519511965956,-2.904771029759161]",0.069618719,0,0.450347782,within_safe_vector_latitude,not_run+unchanged,1,
adm1,87207978B68487327478732,Cibitoke,BDI,True,"[29.00111227740076,-3.100743853346441,29.485082021218375,-2.591181119122304]","[29.00111227740076,-3.100743853346441,29.485082021218375,-2.591181119122304]",0.08411221,0,0.483969744,within_safe_vector_latitude,not_run+unchanged,1,
adm1,87207978B90339845453995,Kayanza,BDI,True,"[29.43170683600175,-3.226793813583583,29.868528554749048,-2.790608874200132]","[29.43170683600175,-3.226793813583583,29.868528554749048,-2.790608874200132]",0.060961132,0,0.436821719,within_safe_vector_latitude,not_run+unchanged,1,
adm1,87207978B36636371084075,Bubanza,BDI,True,"[29.22603,-3.312756067138764,29.56120227686364,-2.916075182323766]","[29.22603,-3.312756067138764,29.56120227686364,-2.916075182323766]",0.089223139,0,0.335172277,within_safe_vector_latitude,not_run+unchanged,1,
adm1,87207978B78895752231307,Muramvya,BDI,True,"[29.502550975147415,-3.424065149586909,29.82357025586265,-3.107262999487773]","[29.502550975147415,-3.424065149586909,29.82357025586265,-3.107262999487773]",0.058374824,0,0.321019281,within_safe_vector_latitude,not_run+unchanged,1,
adm1,87207978B39611815861631,Bujumbura Rural,BDI,True,"[29.211414,-3.675186460686575,29.597727680588036,-3.255718302057971]","[29.211414,-3.675186460686575,29.597727680588036,-3.255718302057971]",0.11379335,0,0.386313681,within_safe_vector_latitude,not_run+unchanged,1,
adm1,87207978B47636051590360,Bujumbura Mairie,BDI,True,"[29.310732509297907,-3.442720905545286,29.42452585918113,-3.305715342289147]","[29.310732509297907,-3.442720905545286,29.42452585918113,-3.305715342289147]",0.11379335,0,0.11379335,within_safe_vector_latitude,not_run+unchanged,1,
adm1,87207978B31722215463268,Bururi,BDI,True,"[29.494722574587172,-4.157504529210598,29.91515421739325,-3.558628498606254]","[29.494722574587172,-4.157504529210598,29.91515421739325,-3.558628498606254]",0.070524853,0,0.420431643,within_safe_vector_latitude,not_run+unchanged,1,
adm1,87207978B17615748265547,Mwaro,BDI,True,"[29.566553591974753,-3.705642214016905,29.870569570629243,-3.298050842272517]","[29.566553591974753,-3.705642214016905,29.870569570629243,-3.298050842272517]",0.061337212,0,0.304015979,within_safe_vector_latitude,not_run+unchanged,1,
adm1,87207978B49849916836933,Rumonge,BDI,True,"[29.320178888245152,-4.192688593203968,29.606785917536115,-3.568125296245398]","[29.320178888245152,-4.192688593203968,29.606785917536115,-3.568125296245398]",0.060470261,0,0.286607029,within_safe_vector_latitude,not_run+unchanged,1,
adm1,35879248B70460974689380,Boa Vista,CPV,True,"[-22.9659823,15.96842624396515,-22.667498295048546,16.230849926901787]","[-22.9659823,15.96842624396515,-22.667498295048546,16.230849926901787]",0.015649796,0,0.298484005,within_safe_vector_latitude,not_run+unchanged,1,
adm1,35879248B86099575470036,Brava,CPV,True,"[-24.747615,14.807033539000031,-24.66388954552138,14.9013819]","[-24.747615,14.807033539000031,-24.66388954552138,14.9013819]",0.00798467,0,0.083725454,within_safe_vector_latitude,not_run+unchanged,1,
adm1,35879248B49116351933928,Maio,CPV,True,"[-23.2342935,15.116709142147233,-23.0887382,15.33398182584975]","[-23.2342935,15.116709142147233,-23.0887382,15.33398182584975]",0.0092923,0,0.1455553,within_safe_vector_latitude,not_run+unchanged,1,
adm1,35879248B31219630131339,Sal,CPV,True,"[-22.99419403099995,16.58605003400004,-22.87287712099993,16.85493454757095]","[-22.99419403099995,16.58605003400004,-22.87287712099993,16.85493454757095]",0.009838104,0,0.12131691,within_safe_vector_latitude,not_run+unchanged,1,
adm1,35879248B41743840760019,São Vicente,CPV,True,"[-25.085966674276424,16.7770063,-24.859458774272387,16.92258812236694]","[-25.085966674276424,16.7770063,-24.859458774272387,16.92258812236694]",0.0109669,0,0.2265079,within_safe_vector_latitude,not_run+unchanged,1,
adm1,35879248B49995424745322,Ribeira Brava,CPV,True,"[-24.3580328,16.4832453,-24.00903892499997,16.6802969]","[-24.3580328,16.4832453,-24.00903892499997,16.6802969]",0.0222266,0,0.348993875,within_safe_vector_latitude,not_run+unchanged,1,
adm1,35879248B27983455382142,Tarrafal de São Nicolau,CPV,True,"[-24.7906159,16.4814752,-24.3030392,16.806076622866325]","[-24.7906159,16.4814752,-24.3030392,16.806076622866325]",0.0222266,0,0.124119995,within_safe_vector_latitude,not_run+unchanged,1,
adm1,35879248B16121613622578,Porto Novo,CPV,True,"[-25.360916137999936,16.907225330181184,-24.9819771,17.128936452650976]","[-25.360916137999936,16.907225330181184,-24.9819771,17.128936452650976]",0.038854889,0,0.378939038,within_safe_vector_latitude,not_run+unchanged,1,
adm1,35879248B32096079392942,Ribeira Grande,CPV,True,"[-25.23135208875653,17.0729104,-25.0161364,17.204636821363838]","[-25.23135208875653,17.0729104,-25.0161364,17.204636821363838]",0.038854889,0,0.215215689,within_safe_vector_latitude,not_run+unchanged,1,
adm1,35879248B70239090782327,Paul,CPV,True,"[-25.0677749,17.0668365,-24.9634748,17.1631747]","[-25.0677749,17.0668365,-24.9634748,17.1631747]",0.0245014,0,0.1043001,within_safe_vector_latitude,not_run+unchanged,1,
adm1,35879248B60508126620075,Mosteiros,CPV,True,"[-24.4023259,14.9483108,-24.286332,15.050849555230005]","[-24.4023259,14.9483108,-24.286332,15.050849555230005]",0.0264311,0,0.1159939,within_safe_vector_latitude,not_run+unchanged,1,
adm1,35879248B48710154896989,Santa Catarina do Fogo,CPV,True,"[-24.3953861,14.81529426700007,-24.278938292999953,14.9921553]","[-24.3953861,14.81529426700007,-24.278938292999953,14.9921553]",0.0264311,0,0.116447807,within_safe_vector_latitude,not_run+unchanged,1,
adm1,35879248B42709825939270,São Filipe,CPV,True,"[-24.50309427433807,14.815822058490108,-24.3613409,15.0281681]","[-24.50309427433807,14.815822058490108,-24.3613409,15.0281681]",0.024521,0,0.141753374,within_safe_vector_latitude,not_run+unchanged,1,
adm1,35879248B58765438888265,São Miguel,CPV,True,"[-23.6903742,15.1315977,-23.581905,15.247995]","[-23.6903742,15.1315977,-23.581905,15.247995]",0.0214896,0,0.1084692,within_safe_vector_latitude,not_run+unchanged,1,
adm1,35879248B2594883865860,Tarrafal,CPV,True,"[-23.772313362801963,15.192716,-23.6559336,15.33905029400006]","[-23.772313362801963,15.192716,-23.6559336,15.33905029400006]",0.0225443,0,0.116379763,within_safe_vector_latitude,not_run+unchanged,1,
adm1,35879248B65851114160010,Santa Catarina,CPV,True,"[-23.781221,14.9734403,-23.6136724,15.204677]","[-23.781221,14.9734403,-23.6136724,15.204677]",0.0225443,0,0.1675486,within_safe_vector_latitude,not_run+unchanged,1,
adm1,35879248B13195842681213,Santa Cruz,CPV,True,"[-23.6247982,15.0468205,-23.48607113308321,15.1785832]","[-23.6247982,15.0468205,-23.48607113308321,15.1785832]",0.0318158,0,0.138727067,within_safe_vector_latitude,not_run+unchanged,1,
adm1,35879248B8506465148242,São Salvador do Mundo,CPV,True,"[-23.6568636,15.0580907,-23.5923968,15.1184346]","[-23.6568636,15.0580907,-23.5923968,15.1184346]",0.0318158,0,0.0644668,within_safe_vector_latitude,not_run+unchanged,1,
adm1,35879248B32254847060203,São Lourenço dos Órgãos,CPV,True,"[-23.6366961,15.0365161,-23.5547094,15.103826]","[-23.6366961,15.0365161,-23.5547094,15.103826]",0.0191307,0,0.0819867,within_safe_vector_latitude,not_run+unchanged,1,
adm1,35879248B61929302069698,São Domingos,CPV,True,"[-23.6253428,14.972342,-23.4298324,15.086690494771876]","[-23.6253428,14.972342,-23.4298324,15.086690494771876]",0.0393289,0,0.1955104,within_safe_vector_latitude,not_run+unchanged,1,
adm1,35879248B53857372811673,Praia,CPV,True,"[-23.5860073,14.901896478000026,-23.45698613960853,14.9968293]","[-23.5860073,14.901896478000026,-23.45698613960853,14.9968293]",0.0393289,0,0.12902116,within_safe_vector_latitude,not_run+unchanged,1,
adm1,35879248B5815864302343,Ribeira Grande de Santiago,CPV,True,"[-23.7078567,14.905525333547805,-23.548143538459577,15.0629622]","[-23.7078567,14.905525333547805,-23.548143538459577,15.0629622]",0.0158722,0,0.159713162,within_safe_vector_latitude,not_run+unchanged,1,
adm1,37992800B90729700897308,Stung Treng,KHM,True,"[105.5198215,13.1137034,106.7891167,14.5916695]","[105.5198215,13.1137034,106.7891167,14.5916695]",0.044489364,0,1.2692952,within_safe_vector_latitude,not_run+unchanged,1,
adm1,37992800B94509217911919,Preah Vihear,KHM,True,"[104.3583042,13.0553454,105.89914834164206,14.4374188]","[104.3583042,13.0553454,105.89914834164206,14.4374188]",0.0545082,0,1.540844142,within_safe_vector_latitude,not_run+unchanged,1,
adm1,37992800B59838984331544,Kampong Thom,KHM,True,"[104.1734824,12.1894856,105.7345622,13.4495556]","[104.1734824,12.1894856,105.7345622,13.4495556]",0.176052,0,1.5610798,within_safe_vector_latitude,not_run+unchanged,1,
adm1,37992800B83627159640807,Phnom Penh,KHM,True,"[104.7126649,11.4226617,105.0408513,11.7260612]","[104.7126649,11.4226617,105.0408513,11.7260612]",0.0369818,0,0.3281864,within_safe_vector_latitude,not_run+unchanged,1,
adm1,37992800B81044157598883,Koh Kong,KHM,True,"[102.77603300006027,10.860201014450126,104.0644748,12.1161339]","[102.77603300006027,10.860201014450126,104.0644748,12.1161339]",0.1749262,0,1.2884418,within_safe_vector_latitude,not_run+unchanged,2,
adm1,37992800B18832544789315,Kep,KHM,True,"[104.2659346,10.4456043,104.4253735,10.5908859]","[104.2659346,10.4456043,104.4253735,10.5908859]",0.0270436,0,0.1594389,within_safe_vector_latitude,not_run+unchanged,1,
adm1,37992800B68844415613683,Kampot,KHM,True,"[103.9161583,10.40476589295484,104.7237541,11.1722266]","[103.9161583,10.40476589295484,104.7237541,11.1722266]",0.0466063,0,0.8075958,within_safe_vector_latitude,not_run+unchanged,1,
adm1,37992800B77204168518017,Takeo,KHM,True,"[104.4102721,10.517929,105.0983022,11.3530403]","[104.4102721,10.517929,105.0983022,11.3530403]",0.041490061,0,0.6880301,within_safe_vector_latitude,not_run+unchanged,2,
adm1,37992800B57023840568534,Kandal,KHM,True,"[104.656659,10.896346499843428,105.2971605,11.8943134]","[104.656659,10.896346499843428,105.2971605,11.8943134]",0.0440418,0,0.6405015,within_safe_vector_latitude,not_run+unchanged,2,
adm1,37992800B18682012537966,Pursat,KHM,True,"[102.70375100013503,11.8432598,104.3925992,13.0899469]","[102.70375100013503,11.8432598,104.3925992,13.0899469]",0.2988168,0,1.6888482,within_safe_vector_latitude,not_run+unchanged,1,
adm1,37992800B4485162085463,Ratanakiri Province,KHM,True,"[106.5301893,13.172362,107.62765590416176,14.6894944]","[106.5301893,13.172362,107.62765590416176,14.6894944]",0.1035658,0,1.097466604,within_safe_vector_latitude,not_run+unchanged,1,
adm1,37992800B66153290508063,Kampong Chhnang,KHM,True,"[104.1710946,11.7345719,104.9019904,12.6074435]","[104.1710946,11.7345719,104.9019904,12.6074435]",0.0977331,0,0.7308958,within_safe_vector_latitude,not_run+unchanged,1,
adm1,37992800B9891185734672,Pailin,KHM,True,"[102.4864278,12.663855,102.7533088,13.1148526]","[102.4864278,12.663855,102.7533088,13.1148526]",0.1487174,0,0.266881,within_safe_vector_latitude,not_run+unchanged,1,
adm1,37992800B60639331187871,Bantey Meanchey,KHM,True,"[102.33391803817065,13.3579351,103.4427283,14.241412701521183]","[102.33391803817065,13.3579351,103.4427283,14.241412701521183]",0.1641113,0,1.108810262,within_safe_vector_latitude,not_run+unchanged,1,
adm1,37992800B4812755629120,Siem Reap,KHM,True,"[103.3902689,12.7720495,104.6831968,13.9711771]","[103.3902689,12.7720495,104.6831968,13.9711771]",0.2988168,0,1.2929279,within_safe_vector_latitude,not_run+unchanged,1,
adm1,37992800B73119019658513,Oddar Meanchey,KHM,True,"[103.035529,13.8774711,104.5085632,14.440047142603868]","[103.035529,13.8774711,104.5085632,14.440047142603868]",0.1171731,0,1.4730342,within_safe_vector_latitude,not_run+unchanged,1,
adm1,37992800B62393256715912,Kampong Cham,KHM,True,"[104.8205538,11.7345602,105.7759428,12.5013071]","[104.8205538,11.7345602,105.7759428,12.5013071]",0.0442045,0,0.955389,within_safe_vector_latitude,not_run+unchanged,1,
adm1,37992800B84760754839946,Mondulkiri,KHM,True,"[106.338587,12.0619636,107.60327954547716,13.4175148]","[106.338587,12.0619636,107.60327954547716,13.4175148]",0.105480808,0,1.264692545,within_safe_vector_latitude,not_run+unchanged,1,
adm1,37992800B82444097829687,Kratie,KHM,True,"[105.5871802,11.9494727,106.8019914,13.4073182]","[105.5871802,11.9494727,106.8019914,13.4073182]",0.1002441,0,1.2148112,within_safe_vector_latitude,not_run+unchanged,1,
adm1,37992800B42158555562772,Prey Veng,KHM,True,"[105.1039948,10.8613833,105.8091078,11.8704025]","[105.1039948,10.8613833,105.8091078,11.8704025]",0.0378952,0,0.705113,within_safe_vector_latitude,not_run+unchanged,2,
adm1,37992800B46036584412355,Kampong Speu,KHM,True,"[103.7732264,11.0780067,104.7923943,12.0768453]","[103.7732264,11.0780067,104.7923943,12.0768453]",0.0440418,0,1.0191679,within_safe_vector_latitude,not_run+unchanged,2,
adm1,37992800B528078583451,Svay Rieng,KHM,True,"[105.5799732,10.79026200100003,106.20592715981898,11.5995257]","[105.5799732,10.79026200100003,106.20592715981898,11.5995257]",0.113663032,0,0.62595396,within_safe_vector_latitude,not_run+unchanged,2,
adm1,37992800B48601233133149,Preah Sihanouk,KHM,True,"[103.1818448,10.4423653,104.076769,11.436044]","[103.1818448,10.4423653,104.076769,11.436044]",0.0461779,0,0.58218587,within_safe_vector_latitude,not_run+unchanged,2,
adm1,37992800B90014860566901,Tbong Khmum,KHM,True,"[105.4084616,11.5995257,106.466681,12.3005412]","[105.4084616,11.5995257,106.466681,12.3005412]",0.075211657,0,1.0582194,within_safe_vector_latitude,not_run+unchanged,1,
adm1,37992800B82526494497621,Battambang,KHM,True,"[102.3450807,12.3712973,103.8746656,13.4793632]","[102.3450807,12.3712973,103.8746656,13.4793632]",0.1657107,0,1.5295849,within_safe_vector_latitude,not_run+unchanged,1,
adm1,27767025B11866847137657,Centre,CMR,True,"[10.259376415589145,3.141917925971541,13.23284042964218,6.263505050117999]","[10.259376415589145,3.141917925971541,13.23284042964218,6.263505050117999]",0.449756143,0,2.973464014,within_safe_vector_latitude,not_run+unchanged,2,
adm1,27767025B65184844379073,Far North,CMR,True,"[13.398793590032064,9.9334816,15.689687,13.079035233789057]","[13.398793590032064,9.9334816,15.689687,13.079035233789057]",0.374203132,0,2.29089341,within_safe_vector_latitude,not_run+unchanged,2,
adm1,27767025B7666404469333,North,CMR,True,"[12.243795,7.020773700346069,15.591449,10.219157951278476]","[12.243795,7.020773700346069,15.591449,10.219157951278476]",0.527835558,0,3.347654,within_safe_vector_latitude,not_run+unchanged,1,
adm1,27767025B74489197250691,North-West,CMR,True,"[9.58660704228123,5.74023122159366,11.196550251761876,7.07605291196967]","[9.58660704228123,5.74023122159366,11.196550251761876,7.07605291196967]",0.447013727,0,1.609719544,within_safe_vector_latitude,not_run+unchanged,1,
adm1,27767025B32580592296844,Adamaoua,CMR,True,"[11.194540103642908,5.989661277545963,15.243063,8.18336138821752]","[11.194540103642908,5.989661277545963,15.243063,8.18336138821752]",0.970472287,0,4.048522896,within_safe_vector_latitude,not_run+unchanged,2,
adm1,27767025B81519146961984,East,CMR,True,"[12.520498001281794,1.790505493034118,16.18684641692863,6.086644501542537]","[12.520498001281794,1.790505493034118,16.18684641692863,6.086644501542537]",0.970472287,0,3.666348416,within_safe_vector_latitude,not_run+unchanged,1,
adm1,27767025B67924123829422,South,CMR,True,"[9.821197316064826,2.172199250806869,13.67473811896906,3.667530463959793]","[9.821197316064826,2.172199250806869,13.67473811896906,3.667530463959793]",0.899863506,0,3.853540803,within_safe_vector_latitude,not_run+unchanged,2,
adm1,27767025B54850051814081,South-West,CMR,True,"[8.515079635316965,3.917621717738498,10.100864799470969,6.529626001000054]","[8.515079635316965,3.917621717738498,10.100864799470969,6.529626001000054]",0.311538403,0,1.585785164,within_safe_vector_latitude,not_run+unchanged,1,
adm1,27767025B65871807342439,West,CMR,True,"[9.87050189524632,4.897761575936045,11.299437496543305,6.298260965771021]","[9.87050189524632,4.897761575936045,11.299437496543305,6.298260965771021]",0.447013727,0,1.428935601,within_safe_vector_latitude,not_run+unchanged,2,
adm1,27767025B72594666306589,Littoral,CMR,True,"[9.335348691463553,3.274990631930968,11.12367608678204,5.355908713316524]","[9.335348691463553,3.274990631930968,11.12367608678204,5.355908713316524]",0.358049768,0,1.677041932,within_safe_vector_latitude,not_run+unchanged,1,
adm1,82249235B96958463903898,Newfoundland and Labrador,CAN,True,"[-67.82168528799997,46.61142920803973,-52.62180709799998,60.37774401300004]","[-67.82168528799997,46.61142920803973,-52.62180709799998,60.37774401300004]",1.167297755,0,12.199142161,within_safe_vector_latitude,not_run+unchanged,8,
adm1,82249235B3191732862561,Prince Edward Island,CAN,True,"[-64.41357498899998,45.94829352463119,-61.9714172738197,47.05624965730805]","[-64.41357498899998,45.94829352463119,-61.9714172738197,47.05624965730805]",0.018554688,0,2.442157715,within_safe_vector_latitude,not_run+unchanged,1,
adm1,82249235B69645938038492,Nova Scotia,CAN,True,"[-66.33544549299995,43.40761869600004,-59.710672397946695,47.04196830300003]","[-66.33544549299995,43.40761869600004,-59.710672397946695,47.04196830300003]",0.102611032,0,5.247191326,within_safe_vector_latitude,not_run+unchanged,1,
adm1,82249235B4167839012994,New Brunswick,CAN,True,"[-69.05299350499996,44.59872055200003,-63.77308930799995,48.07178376600007]","[-69.05299350499996,44.59872055200003,-63.77308930799995,48.07178376600007]",0.102611032,0,5.279904197,within_safe_vector_latitude,not_run+unchanged,2,
adm1,82249235B52639524229375,Quebec,CAN,True,"[-79.76266287716273,44.991325,-57.10548639999996,62.5815356741386]","[-79.76266287716273,44.991325,-57.10548639999996,62.5815356741386]",1.167297755,0,22.657176477,within_safe_vector_latitude,not_run+unchanged,12,
adm1,82249235B66370767641120,Ontario,CAN,True,"[-97.17628636440598,41.68132030400005,-74.34347167199996,56.85461686500008]","[-97.17628636440598,41.68132030400005,-74.34347167199996,56.85461686500008]",0.460320132,0,22.832814692,within_safe_vector_latitude,not_run+unchanged,9,
adm1,82249235B50381585000441,Manitoba,CAN,True,"[-102.00760914199998,48.99887797100007,-88.99028709396622,60.00006152600008]","[-102.00760914199998,48.99887797100007,-88.99028709396622,60.00006152600008]",0.209663365,0,13.017322048,within_safe_vector_latitude,not_run+unchanged,6,
adm1,82249235B71336988791422,Saskatchewan,CAN,True,"[-110.01039300599996,48.998921978000055,-101.36190171199996,60.000061525000035]","[-110.01039300599996,48.998921978000055,-101.36190171199996,60.000061525000035]",0.404687143,0,8.648491294,within_safe_vector_latitude,not_run+unchanged,2,
adm1,82249235B5553315981608,Alberta,CAN,True,"[-120.00269820199998,48.99673996400003,-109.99964079599994,60.000061525000035]","[-120.00269820199998,48.99673996400003,-109.99964079599994,60.000061525000035]",0.243044662,0,10.003057406,within_safe_vector_latitude,not_run+unchanged,4,
adm1,82249235B24619009834807,British Columbia,CAN,True,"[-139.052201041,48.309471132000056,-114.05375826399995,60.000061532000075]","[-139.052201041,48.309471132000056,-114.05375826399995,60.000061532000075]",0.387363304,0,24.998442777,within_safe_vector_latitude,not_run+unchanged,8,
adm1,82249235B9619254975586,Yukon,CAN,True,"[-141.00261749799995,59.99999998700008,-123.789324836,69.64631482700008]","[-141.00261749799995,59.99999998700008,-123.789324836,69.64631482700008]",0.627994305,0,17.213292662,within_safe_vector_latitude,not_run+unchanged,6,
adm1,82249235B82395866892480,Northwest Territories,CAN,True,"[-136.468689693,59.999999986000034,-101.99999997099997,78.76538848800004]","[-136.468689693,59.999999986000034,-101.99999997099997,78.76538848800004]",2.137060581,0,34.468689722,within_safe_vector_latitude,not_run+unchanged,20,
adm1,82249235B23927232378620,Nunavut,CAN,False,"[-120.72454064879732,51.25548096279532,-61.10169601399997,83.13708640800007]","[-120.72454064879732,51.25548096279532,-61.10169601399997,83.13708640800007]",2.137060581,0,39.534619371,rejected_outside_safe_vector_latitude,not_run+unchanged,0,outside_safe_vector_latitude
adm1,80129987B30917059240714,Provincia Heredia,CRI,True,"[-84.1997558,9.9593118,-83.7106848,10.791617604048987]","[-84.1997558,9.9593118,-83.7106848,10.791617604048987]",0.0184814,0,0.489071,within_safe_vector_latitude,not_run+unchanged,1,
adm1,80129987B99098477815223,Provincia Guanacaste,CRI,True,"[-85.9348199,9.7379101,-84.7669989,11.219568207967175]","[-85.9348199,9.7379101,-84.7669989,11.219568207967175]",0.056956105,0,1.167821,within_safe_vector_latitude,not_run+unchanged,2,
adm1,80129987B16009817839121,Provincia Alajuela,CRI,True,"[-85.43202,9.8278395,-84.1555931,11.084402]","[-85.43202,9.8278395,-84.1555931,11.084402]",0.064773058,0,1.2764269,within_safe_vector_latitude,not_run+unchanged,1,
adm1,80129987B28144345958142,Provincia San José,CRI,True,"[-84.59283,9.07996,-83.42514,10.1872534]","[-84.59283,9.07996,-83.42514,10.1872534]",0.04727,0,1.16769,within_safe_vector_latitude,not_run+unchanged,1,
adm1,80129987B82779638600484,Provincia Puntarenas,CRI,True,"[-87.09425128099997,5.49961,-82.71200498876502,10.33608]","[-87.09425128099997,5.49961,-82.71200498876502,10.33608]",0.05275,0,2.366677211,within_safe_vector_latitude,not_run+unchanged,1,
adm1,80129987B41200343148036,Provincia Cartago,CRI,True,"[-84.0881161,9.5004661,-83.3107428,10.1467379]","[-84.0881161,9.5004661,-83.3107428,10.1467379]",0.16676,0,0.7773733,within_safe_vector_latitude,not_run+unchanged,1,
adm1,80129987B40271573243189,Provincia Limón,CRI,True,"[-83.9471742,9.06969,-82.552657,10.937859846000038]","[-83.9471742,9.06969,-82.552657,10.937859846000038]",0.16676,0,1.3945172,within_safe_vector_latitude,not_run+unchanged,1,
adm1,83157122B96959932745266,Bas-Sassandra,CIV,True,"[-7.601067,4.360553222000021,-5.381098410999925,6.556310728000028]","[-7.601067,4.360553222000021,-5.381098410999925,6.556310728000028]",0.167580072,0,2.219968589,within_safe_vector_latitude,not_run+unchanged,1,
adm1,83157122B12160353323799,Denguele,CIV,True,"[-8.15897556899995,8.514977029000022,-6.586209654999948,10.459590285000047]","[-8.15897556899995,8.514977029000022,-6.586209654999948,10.459590285000047]",0.104797834,0,1.572765914,within_safe_vector_latitude,not_run+unchanged,1,
adm1,83157122B76853064397847,District Autonome D'Abidjan,CIV,True,"[-4.461135171999956,5.219217314239961,-3.716346514999941,5.605082891000052]","[-4.461135171999956,5.219217314239961,-3.716346514999941,5.605082891000052]",0.099809244,0,0.744788657,within_safe_vector_latitude,not_run+unchanged,1,
adm1,83157122B30232425959699,District Autonome De Yamoussoukro,CIV,True,"[-5.529889909999952,6.551194787000043,-4.954415816999926,7.079446250000046]","[-5.529889909999952,6.551194787000043,-4.954415816999926,7.079446250000046]",0.06416345,0,0.575474093,within_safe_vector_latitude,not_run+unchanged,1,
adm1,83157122B34711482467037,Goh-Djiboua,CIV,True,"[-6.412118924999959,5.15959850400003,-4.936360898999965,6.650207721000072]","[-6.412118924999959,5.15959850400003,-4.936360898999965,6.650207721000072]",0.17338431,0,1.475758026,within_safe_vector_latitude,not_run+unchanged,1,
adm1,83157122B20352934117266,Lacs,CIV,True,"[-5.674946960999932,6.186370921000048,-3.495731555999953,8.048031355000035]","[-5.674946960999932,6.186370921000048,-3.495731555999953,8.048031355000035]",0.184853602,0,2.179215405,within_safe_vector_latitude,not_run+unchanged,1,
adm1,83157122B69310198422077,Montagnes,CIV,True,"[-8.584146518999944,5.617935381000052,-6.973072867999974,8.154556721000063]","[-8.584146518999944,5.617935381000052,-6.973072867999974,8.154556721000063]",0.167580072,0,1.611073651,within_safe_vector_latitude,not_run+unchanged,1,
adm1,83157122B74959515955757,Sassandra-Marahoue,CIV,True,"[-7.085183206999943,6.260993804000066,-5.399740210999937,7.803231507000021]","[-7.085183206999943,6.260993804000066,-5.399740210999937,7.803231507000021]",0.204127451,0,1.685442996,within_safe_vector_latitude,not_run+unchanged,1,
adm1,83157122B28791092437733,Savanes,CIV,True,"[-6.967831029999957,8.538627098000063,-3.79770048499995,10.740010487130345]","[-6.967831029999957,8.538627098000063,-3.79770048499995,10.740010487130345]",0.346744363,0,3.170130545,within_safe_vector_latitude,not_run+unchanged,1,
adm1,83157122B62906982633778,Valle Du Bandama,CIV,True,"[-5.771609524999974,7.231243333000066,-3.89995298499997,9.422105076000037]","[-5.771609524999974,7.231243333000066,-3.89995298499997,9.422105076000037]",0.346744363,0,1.87165654,within_safe_vector_latitude,not_run+unchanged,1,
adm1,83157122B58892240487392,Woroba,CIV,True,"[-8.241921,7.543700385000022,-5.347855012999958,9.20969453500004]","[-8.241921,7.543700385000022,-5.347855012999958,9.20969453500004]",0.204127451,0,2.894065987,within_safe_vector_latitude,not_run+unchanged,1,
adm1,83157122B79983119233374,Zanzan,CIV,True,"[-4.30703839499995,7.056672358000071,-2.494104356999969,9.958484585000065]","[-4.30703839499995,7.056672358000071,-2.494104356999969,9.958484585000065]",0.057460312,0,1.812934038,within_safe_vector_latitude,not_run+unchanged,1,
adm1,83157122B73612976130091,Lagunes,CIV,True,"[-5.50683734699993,5.091548048183748,-3.299340724999979,6.64300576200003]","[-5.50683734699993,5.091548048183748,-3.299340724999979,6.64300576200003]",0.184853602,0,2.207496622,within_safe_vector_latitude,not_run+unchanged,1,
adm1,83157122B96325295181308,Comoe,CIV,True,"[-3.850876823938309,5.092757701583555,-2.724146,7.354411650000031]","[-3.850876823938309,5.092757701583555,-2.724146,7.354411650000031]",0.091062,0,1.077750341,within_safe_vector_latitude,not_run+unchanged,1,
adm1,27960609B96515887411853,Osijek-Baranja,HRV,True,"[17.8841419,45.209935,19.098713770000074,45.91803237928878]","[17.8841419,45.209935,19.098713770000074,45.91803237928878]",0.09470628,0,1.21457187,within_safe_vector_latitude,not_run+unchanged,1,
adm1,27960609B91393345169260,Vukovar-Syrmia,HRV,True,"[18.4955241,44.8498014,19.446960626082745,45.4891528]","[18.4955241,44.8498014,19.446960626082745,45.4891528]",0.065765985,0,0.951436526,within_safe_vector_latitude,not_run+unchanged,1,
adm1,27960609B28391940023517,Brod-Posavina,HRV,True,"[17.076453,45.043768716000045,18.5723722,45.3928924]","[17.076453,45.043768716000045,18.5723722,45.3928924]",0.072670288,0,1.4959192,within_safe_vector_latitude,not_run+unchanged,1,
adm1,27960609B44621704912163,Virovitica-Podravina,HRV,True,"[17.1139238,45.4725567,18.0732689,45.99909822510066]","[17.1139238,45.4725567,18.0732689,45.99909822510066]",0.04597646,0,0.9593451,within_safe_vector_latitude,not_run+unchanged,1,
adm1,27960609B23297644769428,Požega-Slavonia,HRV,True,"[16.9288964,45.1823804,18.1115591,45.5814187]","[16.9288964,45.1823804,18.1115591,45.5814187]",0.0573323,0,1.1826627,within_safe_vector_latitude,not_run+unchanged,1,
adm1,27960609B22901197758589,Sisak-Moslavina,HRV,True,"[15.7675521,44.99568884900003,17.1928593,45.6704006]","[15.7675521,44.99568884900003,17.1928593,45.6704006]",0.062740898,0,1.4253072,within_safe_vector_latitude,not_run+unchanged,1,
adm1,27960609B61435151319217,Bjelovar-Bilogora,HRV,True,"[16.4890336,45.4706157,17.4967336,46.0905172]","[16.4890336,45.4706157,17.4967336,46.0905172]",0.0389865,0,1.0077,within_safe_vector_latitude,not_run+unchanged,1,
adm1,27960609B88841376316079,Međimurje,HRV,True,"[16.24085718448482,46.2907027,16.853065708687446,46.55484739525715]","[16.24085718448482,46.2907027,16.853065708687446,46.55484739525715]",0.077577968,0,0.612208524,within_safe_vector_latitude,not_run+unchanged,1,
adm1,27960609B42477591474793,Koprivnica-Križevci,HRV,True,"[16.3416995,45.8841833,17.305690474315366,46.35730812749557]","[16.3416995,45.8841833,17.305690474315366,46.35730812749557]",0.126472474,0,0.963990974,within_safe_vector_latitude,not_run+unchanged,1,
adm1,27960609B77748153160451,Varaždin,HRV,True,"[15.8715045,46.0097384,16.7619043,46.4052022]","[15.8715045,46.0097384,16.7619043,46.4052022]",0.0403301,0,0.8903998,within_safe_vector_latitude,not_run+unchanged,1,
adm1,27960609B56351017883583,Krapina-Zagorje,HRV,True,"[15.5961165,45.9038397,16.2527709,46.2782062]","[15.5961165,45.9038397,16.2527709,46.2782062]",0.0234219,0,0.6566544,within_safe_vector_latitude,not_run+unchanged,1,
adm1,27960609B76540875123137,City of Zagreb,HRV,True,"[15.7736053,45.6142055,16.2269382,45.9690158]","[15.7736053,45.6142055,16.2269382,45.9690158]",0.0194107,0,0.4533329,within_safe_vector_latitude,not_run+unchanged,1,
adm1,27960609B38772394949462,Zagreb County,HRV,True,"[15.3227524,45.4653678,16.7108588,46.0695048]","[15.3227524,45.4653678,16.7108588,46.0695048]",0.0359159,0,1.3881064,within_safe_vector_latitude,not_run+unchanged,1,
adm1,27960609B19965518381645,Karlovac,HRV,True,"[14.936984566281504,44.8866602,15.9250316,45.7625465]","[14.936984566281504,44.8866602,15.9250316,45.7625465]",0.362440874,0,0.988047034,within_safe_vector_latitude,not_run+unchanged,1,
adm1,27960609B78128465472925,Istria,HRV,True,"[13.490408132471806,44.766083,14.2285548,45.51995348000003]","[13.490408132471806,44.766083,14.2285548,45.51995348000003]",0.196955495,0,0.738146668,within_safe_vector_latitude,not_run+unchanged,1,
adm1,27960609B11106490836175,Primorje-Gorski Kotar,HRV,True,"[14.107188,44.4738877,15.2277504,45.6729436]","[14.107188,44.4738877,15.2277504,45.6729436]",0.073155621,0,1.1205624,within_safe_vector_latitude,not_run+unchanged,1,
adm1,27960609B98529903349666,Lika-Senj,HRV,True,"[14.7322157,44.2704727,16.140955027000075,45.1236372]","[14.7322157,44.2704727,16.140955027000075,45.1236372]",0.063296083,0,1.261981127,within_safe_vector_latitude,not_run+unchanged,1,
adm1,27960609B22947218853156,Zadar County,HRV,True,"[14.8186718,43.848325,16.218703902000073,44.53835866713834]","[14.8186718,43.848325,16.218703902000073,44.53835866713834]",0.0397079,0,1.107273402,within_safe_vector_latitude,not_run+unchanged,1,
adm1,27960609B2739070191620,Šibenik-Knin,HRV,True,"[15.2204848,43.48704757783188,16.544655576068788,44.21860407561501]","[15.2204848,43.48704757783188,16.544655576068788,44.21860407561501]",0.066695177,0,0.990424876,within_safe_vector_latitude,not_run+unchanged,1,
adm1,27960609B66558805034122,Split-Dalmatia,HRV,True,"[16.013088092140116,43.0056362442825,17.4490613,43.974109]","[16.013088092140116,43.0056362442825,17.4490613,43.974109]",0.0548673,0,1.435629852,within_safe_vector_latitude,not_run+unchanged,1,
adm1,27960609B17332035414986,Dubrovnik-Neretva,HRV,True,"[16.6276383,42.3921782,18.533661857750698,43.1774676]","[16.6276383,42.3921782,18.533661857750698,43.1774676]",0.129578367,0,1.532648858,within_safe_vector_latitude,not_run+unchanged,1,
adm1,62585838B26845086877570,Isle of Youth,CUB,True,"[-83.1921566,21.440416336000055,-81.361688,21.9434787]","[-83.1921566,21.440416336000055,-81.361688,21.9434787]",0.017640138,0,0.650591119,within_safe_vector_latitude,not_run+unchanged,2,
adm1,62585838B98598405728349,Havana,CUB,True,"[-82.5473327,22.9337108,-82.0814213,23.1806588]","[-82.5473327,22.9337108,-82.0814213,23.1806588]",0.0244667,0,0.4659114,within_safe_vector_latitude,not_run+unchanged,1,
adm1,62585838B94185778840180,Matanzas,CUB,True,"[-82.1578413,22.037889480000047,-80.46869878999996,23.22282036400003]","[-82.1578413,22.037889480000047,-80.46869878999996,23.22282036400003]",0.0996923,0,1.6400021,within_safe_vector_latitude,not_run+unchanged,1,
adm1,62585838B58507132395917,Pinar del Rio,CUB,True,"[-84.95206391520708,21.755127991778853,-83.08061064436131,22.9141631]","[-84.95206391520708,21.755127991778853,-83.08061064436131,22.9141631]",0.0442246,0,1.871453271,within_safe_vector_latitude,not_run+unchanged,2,
adm1,62585838B24327284023075,Camagüey,CUB,True,"[-78.95557910007281,20.535417556000027,-76.95008235637489,22.3171846]","[-78.95557910007281,20.535417556000027,-76.95008235637489,22.3171846]",0.0911681,0,1.699010258,within_safe_vector_latitude,not_run+unchanged,3,
adm1,62585838B567940379550,Ciego de Avila,CUB,True,"[-79.44978380297155,20.836196090837916,-78.06612861451573,22.55777606499156]","[-79.44978380297155,20.836196090837916,-78.06612861451573,22.55777606499156]",0.060170645,0,1.0603693,within_safe_vector_latitude,not_run+unchanged,4,
adm1,62585838B17336275888454,Cienfuegos,CUB,True,"[-80.9393669,21.8208086,-80.0268559,22.5843936]","[-80.9393669,21.8208086,-80.0268559,22.5843936]",0.0996923,0,0.912511,within_safe_vector_latitude,not_run+unchanged,2,
adm1,62585838B22586118760086,Granma,CUB,True,"[-77.74112945537394,19.82670831966949,-76.1962755,20.7609394]","[-77.74112945537394,19.82670831966949,-76.1962755,20.7609394]",0.1571375,0,1.544853955,within_safe_vector_latitude,not_run+unchanged,1,
adm1,62585838B4011009881530,Guantánamo,CUB,True,"[-75.4914369,19.88047703918321,-74.13378143299997,20.551695404161276]","[-75.4914369,19.88047703918321,-74.13378143299997,20.551695404161276]",0.0259151,0,1.357655467,within_safe_vector_latitude,not_run+unchanged,1,
adm1,62585838B34474886411004,Holguín,CUB,True,"[-76.7279636,20.3844425,-74.71627807599998,21.24784328046926]","[-76.7279636,20.3844425,-74.71627807599998,21.24784328046926]",0.0769238,0,2.011685524,within_safe_vector_latitude,not_run+unchanged,1,
adm1,62585838B38318635518113,Las Tunas,CUB,True,"[-77.8340858,20.6434496,-76.30825329677951,21.45708275000004]","[-77.8340858,20.6434496,-76.30825329677951,21.45708275000004]",0.1571375,0,1.525832503,within_safe_vector_latitude,not_run+unchanged,1,
adm1,62585838B40246336572844,Santiago de Cuba,CUB,True,"[-77.061933,19.8803563,-75.3554563,20.5660391]","[-77.061933,19.8803563,-75.3554563,20.5660391]",0.0553616,0,1.7064767,within_safe_vector_latitude,not_run+unchanged,1,
adm1,62585838B35888323934872,Sancti Spiritus,CUB,True,"[-80.1135728,21.5434986,-78.9233934,22.4514366]","[-80.1135728,21.5434986,-78.9233934,22.4514366]",0.0583293,0,1.1901794,within_safe_vector_latitude,not_run+unchanged,2,
adm1,62585838B76057111414661,Villa Clara,CUB,True,"[-80.7563477,21.9517521,-78.9584789,23.118621114000064]","[-80.7563477,21.9517521,-78.9584789,23.118621114000064]",0.0419472,0,1.4470828,within_safe_vector_latitude,not_run+unchanged,1,
adm1,62585838B98876754300684,Artemisa,CUB,True,"[-83.4005068,22.4877937,-82.3952743,23.0750219]","[-83.4005068,22.4877937,-82.3952743,23.0750219]",0.0442246,0,1.0052325,within_safe_vector_latitude,not_run+unchanged,1,
adm1,62585838B35712467652927,Mayabeque,CUB,True,"[-82.4685048,22.5705825,-81.5808191,23.1870513]","[-82.4685048,22.5705825,-81.5808191,23.1870513]",0.068588,0,0.8876857,within_safe_vector_latitude,not_run+unchanged,1,
adm1,63714938B78522502559544,Mbomou,CAF,True,"[21.74703701604551,4.1150127,25.161543048672797,6.745761559148661]","[21.74703701604551,4.1150127,25.161543048672797,6.745761559148661]",0.85020637,0,3.414506033,within_safe_vector_latitude,not_run+unchanged,2,
adm1,63714938B76474956810594,Sangha-Mbaéré,CAF,True,"[15.283401438785285,2.177295,17.41885203519331,4.241910923450405]","[15.283401438785285,2.177295,17.41885203519331,4.241910923450405]",0.790010641,0,2.135450596,within_safe_vector_latitude,not_run+unchanged,1,
adm1,63714938B93412376758102,Mambéré-Kadéï,CAF,True,"[14.685717279728749,3.676119416411964,17.05581374400913,5.378780236518764]","[14.685717279728749,3.676119416411964,17.05581374400913,5.378780236518764]",0.949379757,0,2.370096464,within_safe_vector_latitude,not_run+unchanged,1,
adm1,63714938B21760912511834,Lobaye,CAF,True,"[16.74871003034366,3.570656580436889,18.5977792,4.983699243825072]","[16.74871003034366,3.570656580436889,18.5977792,4.983699243825072]",0.599149437,0,1.84906917,within_safe_vector_latitude,not_run+unchanged,1,
adm1,63714938B83899487779446,Nana-Mambéré,CAF,True,"[14.424229698373825,4.983315005782913,16.53780614837214,6.688657622851053]","[14.424229698373825,4.983315005782913,16.53780614837214,6.688657622851053]",0.949379757,0,2.11357645,within_safe_vector_latitude,not_run+unchanged,1,
adm1,63714938B70915793391768,Ombella-M'Poko,CAF,True,"[16.52204767715864,3.892763870864134,19.10564847419778,5.884434185089617]","[16.52204767715864,3.892763870864134,19.10564847419778,5.884434185089617]",0.599149437,0,2.583600797,within_safe_vector_latitude,not_run+unchanged,1,
adm1,63714938B19002536101711,Ouham-Pendé,CAF,True,"[14.941832979408503,5.552178804408356,16.98171258956438,7.787635451522002]","[14.941832979408503,5.552178804408356,16.98171258956438,7.787635451522002]",0.303801523,0,2.03987961,within_safe_vector_latitude,not_run+unchanged,1,
adm1,63714938B89906779781300,Ouham,CAF,True,"[16.703304911392593,5.704135961805264,19.046917182282186,8.540987079090485]","[16.703304911392593,5.704135961805264,19.046917182282186,8.540987079090485]",0.598494283,0,2.343612271,within_safe_vector_latitude,not_run+unchanged,1,
adm1,63714938B97127275381956,Nana-Grébizi,CAF,True,"[18.697426257715676,6.434916237694267,20.129955814309426,8.554037133810317]","[18.697426257715676,6.434916237694267,20.129955814309426,8.554037133810317]",0.667650977,0,1.432529557,within_safe_vector_latitude,not_run+unchanged,1,
adm1,63714938B4314817363012,Kémo,CAF,True,"[18.626995965891183,4.943837323833463,20.00304199159467,6.541234791452496]","[18.626995965891183,4.943837323833463,20.00304199159467,6.541234791452496]",0.667650977,0,1.376046026,within_safe_vector_latitude,not_run+unchanged,1,
adm1,63714938B35477763827744,Vakaga,CAF,True,"[20.765377,8.592840579928861,23.669964408675316,11.001839410060768]","[20.765377,8.592840579928861,23.669964408675316,11.001839410060768]",0.672729827,0,2.904587409,within_safe_vector_latitude,not_run+unchanged,2,
adm1,63714938B6521805151082,Bamingui-Bangoran,CAF,True,"[18.87172839037044,7.023559647160027,22.390863769647297,9.754955179438014]","[18.87172839037044,7.023559647160027,22.390863769647297,9.754955179438014]",0.639618737,0,3.519135379,within_safe_vector_latitude,not_run+unchanged,1,
adm1,63714938B18739157330103,Ouaka,CAF,True,"[19.499041664241474,4.530947095332237,21.92677949967424,7.725167844020859]","[19.499041664241474,4.530947095332237,21.92677949967424,7.725167844020859]",0.504000327,0,2.427737835,within_safe_vector_latitude,not_run+unchanged,1,
adm1,63714938B99123991024226,Basse-Kotto,CAF,True,"[20.46738705686721,4.224675719508923,22.11794374560742,5.680886351923675]","[20.46738705686721,4.224675719508923,22.11794374560742,5.680886351923675]",0.433237196,0,1.650556689,within_safe_vector_latitude,not_run+unchanged,1,
adm1,63714938B17486447780615,Haute-Kotto,CAF,True,"[21.111626298914587,5.468115168080601,24.561359454175545,9.132349310875734]","[21.111626298914587,5.468115168080601,24.561359454175545,9.132349310875734]",0.85020637,0,3.449733155,within_safe_vector_latitude,not_run+unchanged,2,
adm1,63714938B95555008029378,Haut-Mbomou,CAF,True,"[24.262496375907062,4.92574259824238,27.27724216463502,8.279288230189698]","[24.262496375907062,4.92574259824238,27.27724216463502,8.279288230189698]",0.312328735,0,3.014745789,within_safe_vector_latitude,not_run+unchanged,1,
adm1,63714938B39161688438046,Bangui,CAF,True,"[18.480976392546552,4.32424794459007,18.660762060588034,4.498410403417438]","[18.480976392546552,4.32424794459007,18.660762060588034,4.498410403417438]",0.106808741,0,0.179785668,within_safe_vector_latitude,not_run+unchanged,1,
adm1,23847190B76461278489523,Tibesti,TCD,True,"[14.998588514000062,17.00731761153706,21.0134635538485,23.452361116000077]","[14.998588514000062,17.00731761153706,21.0134635538485,23.452361116000077]",2.2555302,0,6.01487504,within_safe_vector_latitude,not_run+unchanged,2,
adm1,23847190B42201300909064,Borkou,TCD,True,"[15.533894749866814,15.309,20.834,18.8263979]","[15.533894749866814,15.309,20.834,18.8263979]",2.2555302,0,5.30010525,within_safe_vector_latitude,not_run+unchanged,1,
adm1,23847190B77249644038093,Ennedi-Ouest,TCD,True,"[19.1912089,15.744,22.3501643,21.045391039385]","[19.1912089,15.744,22.3501643,21.045391039385]",0.9838879,0,3.1589554,within_safe_vector_latitude,not_run+unchanged,1,
adm1,23847190B87163061266246,Wadi Fira,TCD,True,"[20.043,13.908056,23.1107143,15.9848665]","[20.043,13.908056,23.1107143,15.9848665]",0.2497416,0,3.0677143,within_safe_vector_latitude,not_run+unchanged,2,
adm1,23847190B13389621272768,Salamat,TCD,True,"[18.874,9.100118974404532,22.385093014364728,12.123]","[18.874,9.100118974404532,22.385093014364728,12.123]",0.699387,0,3.511093014,within_safe_vector_latitude,not_run+unchanged,2,
adm1,23847190B78936858597948,Sila,TCD,True,"[19.889,10.92589893273494,22.975278,13.059]","[19.889,10.92589893273494,22.975278,13.059]",0.699387,0,3.086278,within_safe_vector_latitude,not_run+unchanged,4,
adm1,23847190B50657270888212,Ouaddaï,TCD,True,"[20.056,12.6131325,22.30090481700006,14.4166277]","[20.056,12.6131325,22.30090481700006,14.4166277]",0.2497416,0,2.244904817,within_safe_vector_latitude,not_run+unchanged,1,
adm1,23847190B67442151938208,Guéra,TCD,True,"[17.305,9.877,20.244,13.031]","[17.305,9.877,20.244,13.031]",0.489,0,2.939,within_safe_vector_latitude,not_run+unchanged,2,
adm1,23847190B10962291388144,Batha,TCD,True,"[16.958,12.125,20.369,16.109]","[16.958,12.125,20.369,16.109]",0.489,0,3.411,within_safe_vector_latitude,not_run+unchanged,1,
adm1,23847190B62369995372725,Hadjer-Lamis,TCD,True,"[14.5125617,11.4491352,17.68,13.393]","[14.5125617,11.4491352,17.68,13.393]",0.3224383,0,3.1674383,within_safe_vector_latitude,not_run+unchanged,1,
adm1,23847190B86845512760819,Bahr el Gazel,TCD,True,"[15.602,13.023,18.051,16.242]","[15.602,13.023,18.051,16.242]",1.155,0,2.449,within_safe_vector_latitude,not_run+unchanged,1,
adm1,23847190B36105987279194,Kanem,TCD,True,"[13.64423,13.154,16.687,16.803963336089158]","[13.64423,13.154,16.687,16.803963336089158]",1.15310525,0,3.04277,within_safe_vector_latitude,not_run+unchanged,1,
adm1,23847190B26801534542350,Chari-Baguirmi,TCD,True,"[15.0262043,9.826,17.543,12.432]","[15.0262043,9.826,17.543,12.432]",0.253,0,2.5167957,within_safe_vector_latitude,not_run+unchanged,2,
adm1,23847190B4179112565003,Lac,TCD,True,"[13.47348,12.974553182135148,15.576,14.51582]","[13.47348,12.974553182135148,15.576,14.51582]",0.374203132,0,2.10252,within_safe_vector_latitude,not_run+unchanged,1,
adm1,23847190B3193897628622,Logone Occidental,TCD,True,"[15.263,8.271,16.6160329,9.2481769]","[15.263,8.271,16.6160329,9.2481769]",0.132,0,1.3530329,within_safe_vector_latitude,not_run+unchanged,1,
adm1,23847190B88704211588167,Logone Oriental,TCD,True,"[15.223785061841994,7.44488112820096,17.295,9.153]","[15.223785061841994,7.44488112820096,17.295,9.153]",0.214,0,2.071214938,within_safe_vector_latitude,not_run+unchanged,1,
adm1,23847190B9655016434554,Mandoul,TCD,True,"[17.046,7.8105429,18.2136183813006,9.641]","[17.046,7.8105429,18.2136183813006,9.641]",0.192610009,0,1.167618381,within_safe_vector_latitude,not_run+unchanged,1,
adm1,23847190B50411308984007,Mayo-Kebbi Est,TCD,True,"[14.7212,9.20751,16.263,11.212]","[14.7212,9.20751,16.263,11.212]",0.166,0,1.5418,within_safe_vector_latitude,not_run+unchanged,2,
adm1,23847190B16040038484355,Mayo-Kebbi Ouest,TCD,True,"[13.976274,8.460955098990386,15.441,10.003113748885083]","[13.976274,8.460955098990386,15.441,10.003113748885083]",0.269353945,0,1.464726,within_safe_vector_latitude,not_run+unchanged,1,
adm1,23847190B97640124965572,Moyen-Chari,TCD,True,"[17.3810009,8.024770741821412,19.986071105092208,10.588]","[17.3810009,8.024770741821412,19.986071105092208,10.588]",0.421453187,0,2.605070205,within_safe_vector_latitude,not_run+unchanged,1,
adm1,23847190B20750693231580,Tandjilé,TCD,True,"[15.421,9.023,17.591,10.265]","[15.421,9.023,17.591,10.265]",0.253,0,2.17,within_safe_vector_latitude,not_run+unchanged,1,
adm1,23847190B51844892814608,N'Djamena Region,TCD,True,"[14.8869995,12.0548093,15.1825726,12.2534873]","[14.8869995,12.0548093,15.1825726,12.2534873]",0.1232722,0,0.2955731,within_safe_vector_latitude,not_run+unchanged,1,
adm1,23847190B43219597202588,Ennedi-Est,TCD,True,"[22.0152672,15.6938958,24.0,20.368333590557015]","[22.0152672,15.6938958,24.0,20.368333590557015]",0.1821756,0,1.9847328,within_safe_vector_latitude,not_run+unchanged,2,
adm1,47653553B40993810137393,RegiÃ³n de Antofagasta,CHL,True,"[-70.73712808299993,-26.06100769099993,-66.9905,-20.93461359433782]","[-70.73712808299993,-26.06100769099993,-66.9905,-20.93461359433782]",0.129721849,0,3.746628083,within_safe_vector_latitude,not_run+unchanged,4,
adm1,47653553B1207481020383,RegiÃ³n de Arica y Parinacota,CHL,True,"[-70.37734644112392,-19.22934160799994,-68.91235407163593,-17.498399998999957]","[-70.37734644112392,-19.22934160799994,-68.91235407163593,-17.498399998999957]",0.087696962,0,1.464992369,within_safe_vector_latitude,not_run+unchanged,1,
adm1,47653553B71653813080592,RegiÃ³n de Atacama,CHL,True,"[-71.525607566,-29.53515117199992,-68.26308888499993,-25.285839682999914]","[-71.525607566,-29.53515117199992,-68.26308888499993,-25.285839682999914]",0.196217057,0,3.262518681,within_safe_vector_latitude,not_run+unchanged,1,
adm1,47653553B77266651052380,RegiÃ³n de AysÃ©n del Gral.IbaÃ±ez del Campo,CHL,True,"[-75.62557855671973,-49.21130385507824,-71.09165314599996,-43.638121806999955]","[-75.62557855671973,-49.21130385507824,-71.09165314599996,-43.638121806999955]",0.368944606,0,4.533925411,within_safe_vector_latitude,not_run+unchanged,2,
adm1,47653553B91907313612474,RegiÃ³n de Coquimbo,CHL,True,"[-71.71745471099999,-32.28215550199994,-69.80919,-29.037866426999972]","[-71.71745471099999,-32.28215550199994,-69.80919,-29.037866426999972]",0.155752116,0,1.908264711,within_safe_vector_latitude,not_run+unchanged,2,
adm1,47653553B84299910343297,RegiÃ³n de La AraucanÃ­a,CHL,True,"[-73.51837542899995,-39.63713654899996,-70.82738097,-37.58173278799995]","[-73.51837542899995,-39.63713654899996,-70.82738097,-37.58173278799995]",0.355706718,0,2.690994459,within_safe_vector_latitude,not_run+unchanged,1,
adm1,47653553B69224850096491,RegiÃ³n de Los Lagos,CHL,True,"[-74.83357136699993,-44.06703579799996,-71.58118318599998,-40.23680936226182]","[-74.83357136699993,-44.06703579799996,-71.58118318599998,-40.23680936226182]",0.176652209,0,2.364518475,within_safe_vector_latitude,not_run+unchanged,2,
adm1,47653553B67595840047202,RegiÃ³n de Los RÃ­os,CHL,True,"[-73.72397759699999,-40.68097974199996,-71.59274603225622,-39.28773682799991]","[-73.72397759699999,-40.68097974199996,-71.59274603225622,-39.28773682799991]",0.091334637,0,2.131231565,within_safe_vector_latitude,not_run+unchanged,1,
adm1,47653553B86325292267162,RegiÃ³n de Magallanes y AntÃ¡rtica Chilena,CHL,True,"[-75.66013134077653,-55.913952992999974,-66.42790806702412,-48.596947695594686]","[-75.66013134077653,-55.913952992999974,-66.42790806702412,-48.596947695594686]",0.928197667,0,6.281913919,within_safe_vector_latitude,not_run+unchanged,5,
adm1,47653553B32293817275864,RegiÃ³n de Ãuble,CHL,True,"[-72.88439054399996,-37.197621032,-70.95288978373317,-36.00572757499994]","[-72.88439054399996,-37.197621032,-70.95288978373317,-36.00572757499994]",0.08547598,0,1.93150076,within_safe_vector_latitude,not_run+unchanged,1,
adm1,47653553B97418467345315,RegiÃ³n de TarapacÃ¡,CHL,True,"[-70.28530398099997,-21.630211553999978,-68.404933,-18.936706152655386]","[-70.28530398099997,-21.630211553999978,-68.404933,-18.936706152655386]",0.082927491,0,1.880370981,within_safe_vector_latitude,not_run+unchanged,1,
adm1,47653553B5611469222723,RegiÃ³n de ValparaÃ­so,CHL,True,"[-109.44986086899993,-33.95588790699995,-69.98923507042811,-26.287350197845118]","[-109.44986086899993,-33.95588790699995,-69.98923507042811,-26.287350197845118]",0.141234009,0,1.853909194,within_safe_vector_latitude,not_run+unchanged,4,
adm1,47653553B66835736668351,RegiÃ³n del BÃ­o-BÃ­o,CHL,True,"[-73.684209409,-38.49246286799997,-70.98331874183627,-36.44326798599995]","[-73.684209409,-38.49246286799997,-70.98331874183627,-36.44326798599995]",0.031324866,0,2.700890667,within_safe_vector_latitude,not_run+unchanged,1,
adm1,47653553B66141875659978,RegiÃ³n del Libertador Bernardo O'Higgins,CHL,True,"[-72.05626088899999,-35.00528871699997,-69.86158003736621,-33.850598439999956]","[-72.05626088899999,-35.00528871699997,-69.86158003736621,-33.850598439999956]",0.353139652,0,2.194680852,within_safe_vector_latitude,not_run+unchanged,1,
adm1,47653553B65340542415201,RegiÃ³n del Maule,CHL,True,"[-72.7859004969999,-36.54356465599993,-70.31257993299994,-34.684626206]","[-72.7859004969999,-36.54356465599993,-70.31257993299994,-34.684626206]",0.309252164,0,2.473320564,within_safe_vector_latitude,not_run+unchanged,1,
adm1,47653553B78904739401519,RegiÃ³n Metropolitana de Santiago,CHL,True,"[-71.71449182399996,-34.29066938299992,-69.73230575320792,-32.922479031999984]","[-71.71449182399996,-34.29066938299992,-69.73230575320792,-32.922479031999984]",0.125990565,0,1.982186071,within_safe_vector_latitude,not_run+unchanged,1,
adm1,43563684B67556328368055,Hainan Province,CHN,True,"[108.64790320990875,18.197916031000034,110.92511515700005,20.01458358900004]","[108.64790320990875,18.197916031000034,110.92511515700005,20.01458358900004]",0.512954933,0,2.277211947,within_safe_vector_latitude,not_run+unchanged,1,
adm1,43563684B59914390554750,Guangxi Zhuang Autonomous Region,CHN,True,"[104.58104757100006,21.546600053000077,112.076879082,26.469079374000046]","[104.58104757100006,21.546600053000077,112.076879082,26.469079374000046]",1.12551959,0,7.495831511,within_safe_vector_latitude,not_run+unchanged,2,
adm1,43563684B30737817496648,Fujian Province,CHN,True,"[115.96841599700008,23.659459079993404,120.54140008200011,28.390088225000056]","[115.96841599700008,23.659459079993404,120.54140008200011,28.390088225000056]",1.194465426,0,4.572984085,within_safe_vector_latitude,not_run+unchanged,1,
adm1,43563684B84540832148656,Yunnan Province,CHN,True,"[97.77332366100006,21.142470701000036,106.20385541500008,29.340099191000036]","[97.77332366100006,21.142470701000036,106.20385541500008,29.340099191000036]",1.436336979,0,8.430531754,within_safe_vector_latitude,not_run+unchanged,4,
adm1,43563684B78583622565599,Guizhou Province,CHN,True,"[103.85054070700005,24.780522356000063,109.57543716000004,29.18813428900006]","[103.85054070700005,24.780522356000063,109.57543716000004,29.18813428900006]",1.991340793,0,5.724896453,within_safe_vector_latitude,not_run+unchanged,1,
adm1,43563684B87813050901813,Jiangxi Province,CHN,True,"[113.67845004600008,24.58754335900005,118.59094838800002,29.973697161000075]","[113.67845004600008,24.58754335900005,118.59094838800002,29.973697161000075]",1.485162764,0,4.912498342,within_safe_vector_latitude,not_run+unchanged,1,
adm1,43563684B64987462919315,Hunan Province,CHN,True,"[109.32884620600004,24.857424712000068,114.3175584600001,30.23649897300004]","[109.32884620600004,24.857424712000068,114.3175584600001,30.23649897300004]",1.998891251,0,4.988712254,within_safe_vector_latitude,not_run+unchanged,2,
adm1,43563684B73528730180553,Zhejiang Province,CHN,True,"[118.29055000100004,27.28741374300006,121.96125236195017,31.22506099000003]","[118.29055000100004,27.28741374300006,121.96125236195017,31.22506099000003]",1.449447317,0,3.670702361,within_safe_vector_latitude,not_run+unchanged,1,
adm1,43563684B32591653033375,Shanghai Municipality,CHN,True,"[121.0018690170001,30.742094348465145,121.41454768065407,31.499584199000026]","[121.0018690170001,30.742094348465145,121.41454768065407,31.499584199000026]",0.381451633,0,0.412678664,within_safe_vector_latitude,not_run+unchanged,1,
adm1,43563684B97743196909507,Chongqing Municipality,CHN,True,"[105.37303897000004,28.46541091200004,110.20564539700007,32.29969266300003]","[105.37303897000004,28.46541091200004,110.20564539700007,32.29969266300003]",1.991340793,0,4.832606427,within_safe_vector_latitude,not_run+unchanged,2,
adm1,43563684B41908353419915,Hubei Province,CHN,True,"[108.53165476900006,29.19659834600003,116.2457002110001,33.39372350700006]","[108.53165476900006,29.19659834600003,116.2457002110001,33.39372350700006]",1.998891251,0,7.714045442,within_safe_vector_latitude,not_run+unchanged,4,
adm1,43563684B14397599951889,Sichuan Province,CHN,True,"[97.43043593900006,26.32333983700005,108.73522263400008,34.323977564000074]","[97.43043593900006,26.32333983700005,108.73522263400008,34.323977564000074]",1.747685352,0,11.304786695,within_safe_vector_latitude,not_run+unchanged,4,
adm1,43563684B75549295130005,Anhui Province,CHN,True,"[115.34123655100007,29.512701785000047,119.73999731800006,34.73220183800004]","[115.34123655100007,29.512701785000047,119.73999731800006,34.73220183800004]",1.449447317,0,4.398760767,within_safe_vector_latitude,not_run+unchanged,2,
adm1,43563684B64367354813847,Jiangsu Province,CHN,True,"[116.45645125200008,31.09295347400007,121.90742079328567,35.14330254200247]","[116.45645125200008,31.09295347400007,121.90742079328567,35.14330254200247]",2.041432857,0,5.450969541,within_safe_vector_latitude,not_run+unchanged,2,
adm1,43563684B96917371447908,Henan Province,CHN,True,"[110.43970339000003,31.518355946000042,116.2696651010001,36.46220698500008]","[110.43970339000003,31.518355946000042,116.2696651010001,36.46220698500008]",1.736254017,0,5.829961711,within_safe_vector_latitude,not_run+unchanged,4,
adm1,43563684B19802372559419,Tibet Autonomous Region,CHN,True,"[78.393465,27.732481528065467,99.12145406400003,36.504495605000045]","[78.393465,27.732481528065467,99.12145406400003,36.504495605000045]",3.077819872,0,20.727989064,within_safe_vector_latitude,not_run+unchanged,6,
adm1,43563684B58995436924100,Shandong Province,CHN,True,"[114.94853007400002,34.545417789000055,121.56120468194548,38.27675208990894]","[114.94853007400002,34.545417789000055,121.56120468194548,38.27675208990894]",2.041432857,0,6.612674608,within_safe_vector_latitude,not_run+unchanged,1,
adm1,43563684B46172434476792,Qinghai Province,CHN,True,"[89.56228586600008,31.768251793000047,102.99460884900009,39.208353818000035]","[89.56228586600008,31.768251793000047,102.99460884900009,39.208353818000035]",3.077819872,0,13.432322983,within_safe_vector_latitude,not_run+unchanged,6,
adm1,43563684B64666899633249,Ningxia Ningxia Hui Autonomous Region,CHN,True,"[104.54273383900005,35.42025567400003,107.58140655100004,39.13163370600006]","[104.54273383900005,35.42025567400003,107.58140655100004,39.13163370600006]",1.362856024,0,3.038672712,within_safe_vector_latitude,not_run+unchanged,1,
adm1,43563684B62959128536432,Shaanxi Province,CHN,True,"[105.82575884100004,31.972288990000038,111.27180531600004,39.502719666000075]","[105.82575884100004,31.972288990000038,111.27180531600004,39.502719666000075]",1.747685352,0,5.446046475,within_safe_vector_latitude,not_run+unchanged,1,
adm1,43563684B84701301190484,Tianjin Municipality,CHN,True,"[116.90421809400004,38.706462270149444,118.1192513850001,40.30002925500003]","[116.90421809400004,38.706462270149444,118.1192513850001,40.30002925500003]",0.632974609,0,1.215033291,within_safe_vector_latitude,not_run+unchanged,1,
adm1,43563684B34303967365755,Shanxi Province,CHN,True,"[110.43970339000003,34.71986913400008,114.622318489,40.79157821800004]","[110.43970339000003,34.71986913400008,114.622318489,40.79157821800004]",1.359865074,0,4.182615099,within_safe_vector_latitude,not_run+unchanged,2,
adm1,43563684B17418114845297,Beijing Municipality,CHN,True,"[115.84186715900012,39.628526125000064,117.49548738900012,41.073364550000065]","[115.84186715900012,39.628526125000064,117.49548738900012,41.073364550000065]",1.062350935,0,1.65362023,within_safe_vector_latitude,not_run+unchanged,2,
adm1,43563684B11053367304830,Gansu Province,CHN,True,"[92.64618733400005,32.65425219600007,108.78256399700007,42.65992465800008]","[92.64618733400005,32.65425219600007,108.78256399700007,42.65992465800008]",2.360756013,0,16.136376663,within_safe_vector_latitude,not_run+unchanged,4,
adm1,43563684B58229551045164,Hebei Province,CHN,True,"[113.60887118700009,36.22023203300006,119.97126983200008,42.66284883800006]","[113.60887118700009,36.22023203300006,119.97126983200008,42.66284883800006]",1.736254017,0,6.362398645,within_safe_vector_latitude,not_run+unchanged,2,
adm1,43563684B26929678147954,Liaoning Province,CHN,True,"[118.9562724110001,39.14953307243474,125.7726957677141,43.43983521000007]","[118.9562724110001,39.14953307243474,125.7726957677141,43.43983521000007]",2.255100552,0,6.816423357,within_safe_vector_latitude,not_run+unchanged,4,
adm1,43563684B3982601277390,Jilin Province,CHN,True,"[122.14210579700011,40.87830272054362,131.30576481813807,46.34939295400005]","[122.14210579700011,40.87830272054362,131.30576481813807,46.34939295400005]",2.515657203,0,9.163659021,within_safe_vector_latitude,not_run+unchanged,4,
adm1,43563684B50492231896073,Xinjiang Uyghur Autonomous Region,CHN,True,"[73.60608328100005,34.39171646421399,96.40396180600004,49.17895]","[73.60608328100005,34.39171646421399,96.40396180600004,49.17895]",2.368352139,0,22.797878525,within_safe_vector_latitude,not_run+unchanged,9,
adm1,43563684B95381459098578,Inner Mongolia Autonomous Region,CHN,True,"[96.11657889658643,37.57352119500007,125.94666695500007,53.347183139443196]","[96.11657889658643,37.57352119500007,125.94666695500007,53.347183139443196]",2.548053957,0,29.830088058,within_safe_vector_latitude,not_run+unchanged,12,
adm1,43563684B55920014778896,Heilongjiang Province,CHN,True,"[121.33680561800008,43.45769963584958,134.7754563000001,53.5556]","[121.33680561800008,43.45769963584958,134.7754563000001,53.5556]",2.548053957,0,13.438650682,within_safe_vector_latitude,not_run+unchanged,4,
adm1,43563684B97104103456250,Macau Special Administrative Region,CHN,True,"[113.49713262300008,22.109952693000025,113.58767218500009,22.196775997447585]","[113.49713262300008,22.109952693000025,113.58767218500009,22.196775997447585]",0.032635306,0,0.048714705,within_safe_vector_latitude,not_run+unchanged,1,
adm1,43563684B69230098435171,Hong Kong Special Administrative Region,CHN,True,"[114.03961332353636,22.333801225803665,114.40023803392927,22.60404713300005]","[114.03961332353636,22.333801225803665,114.40023803392927,22.60404713300005]",0.215038429,0,0.36062471,within_safe_vector_latitude,not_run+unchanged,1,
adm1,43563684B38891657012300,Guangzhou Province,CHN,True,"[109.74212505200006,21.048753142000066,117.21544647200005,25.585525807000067]","[109.74212505200006,21.048753142000066,117.21544647200005,25.585525807000067]",1.485162764,0,7.450291293,within_safe_vector_latitude,not_run+unchanged,4,
adm1,96831152B734989497708,Larnaca,CYP,True,"[33.1286595,34.71859,33.749832999827575,35.1077378]","[33.1286595,34.71859,33.749832999827575,35.1077378]",0.0356507,0,0.5848305,within_safe_vector_latitude,not_run+unchanged,1,
adm1,96831152B93704515643255,Limassol,CYP,True,"[32.6406672,34.632303001000025,33.2767939,34.9597502]","[32.6406672,34.632303001000025,33.2767939,34.9597502]",0.0331307,0,0.6361267,within_safe_vector_latitude,not_run+unchanged,1,
adm1,96831152B51101341403775,Paphos,CYP,True,"[32.269213,34.6576271,32.7973004,35.1754079]","[32.269213,34.6576271,32.7973004,35.1754079]",0.0186736,0,0.5280874,within_safe_vector_latitude,not_run+unchanged,1,
adm1,96831152B68245934251938,Nicosia,CYP,True,"[32.5678312,34.8836033,33.5946691,35.2798216]","[32.5678312,34.8836033,33.5946691,35.2798216]",0.0224815,0,1.0268379,within_safe_vector_latitude,not_run+unchanged,1,
adm1,96831152B8781315468855,Famagusta,CYP,True,"[33.541426,34.9561219,34.5867486,35.694850531374726]","[33.541426,34.9561219,34.5867486,35.694850531374726]",0.0356507,0,1.0453226,within_safe_vector_latitude,not_run+unchanged,2,
adm1,96831152B33829437974548,Kyrenia,CYP,True,"[32.92038726800007,35.2284331,33.6717265,35.4031115]","[32.92038726800007,35.2284331,33.6717265,35.4031115]",0.0224815,0,0.751339232,within_safe_vector_latitude,not_run+unchanged,1,
adm1,73172107B16313596965023,Hlavní město Praha,CZE,True,"[14.224480430847432,49.94190026357215,14.706787112850375,50.177393902137936]","[14.224480430847432,49.94190026357215,14.706787112850375,50.177393902137936]",0.018794086,0,0.482306682,within_safe_vector_latitude,not_run+unchanged,1,
adm1,73172107B58641114734330,Středočeský kraj,CZE,True,"[13.396472272740299,49.501345401666185,15.53545732066077,50.61895045420661]","[13.396472272740299,49.501345401666185,15.53545732066077,50.61895045420661]",0.039487711,0,2.138985048,within_safe_vector_latitude,not_run+unchanged,1,
adm1,73172107B46425968394697,Jihočeský kraj,CZE,True,"[13.535969743181699,48.55193449300323,15.604205088882475,49.62111335187692]","[13.535969743181699,48.55193449300323,15.604205088882475,49.62111335187692]",0.013698898,0,2.068235346,within_safe_vector_latitude,not_run+unchanged,2,
adm1,73172107B93878397098511,Plzeňský kraj,CZE,True,"[12.401112001000058,48.94224800100005,13.84035081754461,50.104371623006244]","[12.401112001000058,48.94224800100005,13.84035081754461,50.104371623006244]",0.02819803,0,1.439238817,within_safe_vector_latitude,not_run+unchanged,1,
adm1,73172107B80386947470046,Karlovarský kraj,CZE,True,"[12.09170787901551,49.890404040331234,13.301752593873712,50.45944677600005]","[12.09170787901551,49.890404040331234,13.301752593873712,50.45944677600005]",0.042622626,0,1.210044715,within_safe_vector_latitude,not_run+unchanged,1,
adm1,73172107B34062378650272,Ústecký kraj,CZE,True,"[12.942066,50.0769496538826,14.652280288093081,51.05538400100005]","[12.942066,50.0769496538826,14.652280288093081,51.05538400100005]",0.025548009,0,1.710214288,within_safe_vector_latitude,not_run+unchanged,1,
adm1,73172107B98776772787889,Liberecký kraj,CZE,True,"[14.342644040581412,50.47190047102522,15.632568237089112,51.023251]","[14.342644040581412,50.47190047102522,15.632568237089112,51.023251]",0.039487711,0,1.289924197,within_safe_vector_latitude,not_run+unchanged,1,
adm1,73172107B56271871797203,Královéhradecký kraj,CZE,True,"[15.104230913664846,50.03848525307346,16.585407,50.78016144340381]","[15.104230913664846,50.03848525307346,16.585407,50.78016144340381]",0.027769502,0,1.481176086,within_safe_vector_latitude,not_run+unchanged,1,
adm1,73172107B96941531518499,Pardubický kraj,CZE,True,"[15.362810960029233,49.57217989000995,16.867396107442996,50.20737392864695]","[15.362810960029233,49.57217989000995,16.867396107442996,50.20737392864695]",0.027769502,0,1.504585147,within_safe_vector_latitude,not_run+unchanged,1,
adm1,73172107B33107872828953,Kraj Vysočina,CZE,True,"[14.888180879485576,48.93758939485359,16.41830434365372,49.861105508083796]","[14.888180879485576,48.93758939485359,16.41830434365372,49.861105508083796]",0.013656946,0,1.530123464,within_safe_vector_latitude,not_run+unchanged,1,
adm1,73172107B81289681513643,Jihomoravský kraj,CZE,True,"[15.542472954107575,48.61666145566346,17.646931589819502,49.632865440089965]","[15.542472954107575,48.61666145566346,17.646931589819502,49.632865440089965]",0.018933475,0,2.104458636,within_safe_vector_latitude,not_run+unchanged,2,
adm1,73172107B12746720248776,Olomoucký kraj,CZE,True,"[16.711995665457287,49.26879361512562,17.917960612360773,50.449454]","[16.711995665457287,49.26879361512562,17.917960612360773,50.449454]",0.017139294,0,1.205964947,within_safe_vector_latitude,not_run+unchanged,1,
adm1,73172107B23519183895960,Moravskoslezský kraj,CZE,True,"[17.14652701871477,49.392588535119486,18.859244966027696,50.32797100100004]","[17.14652701871477,49.392588535119486,18.859244966027696,50.32797100100004]",0.017139294,0,1.712717947,within_safe_vector_latitude,not_run+unchanged,1,
adm1,73172107B87463303438563,Zlínský kraj,CZE,True,"[17.109814958006233,48.85417142228588,18.415483189883755,49.53976622348227]","[17.109814958006233,48.85417142228588,18.415483189883755,49.53976622348227]",0.015133138,0,1.305668232,within_safe_vector_latitude,not_run+unchanged,2,
adm1,84455774B84842167963849,Nordjylland,DNK,True,"[8.222396607579428,56.49550961738345,11.190233901459068,57.747917175000055]","[8.222396607579428,56.49550961738345,11.190233901459068,57.747917175000055]",0.10790373,0,2.421921777,within_safe_vector_latitude,not_run+unchanged,1,
adm1,84455774B58555105451238,Midtjylland,DNK,True,"[8.106745850147098,55.640546077480714,11.635315213853342,56.80735961842408]","[8.106745850147098,55.640546077480714,11.635315213853342,56.80735961842408]",0.114052656,0,2.850777764,within_safe_vector_latitude,not_run+unchanged,3,
adm1,84455774B92412385890269,Sjælland,DNK,True,"[10.889058094473459,54.59561419770668,12.550620529779502,55.99044550215883]","[10.889058094473459,54.59561419770668,12.550620529779502,55.99044550215883]",0.139461053,0,1.563469906,within_safe_vector_latitude,not_run+unchanged,4,
adm1,84455774B63592985071065,Hovedstaden,DNK,True,"[11.84779532754159,54.996217877607265,15.15483751117662,56.125906535617375]","[11.84779532754159,54.996217877607265,15.15483751117662,56.125906535617375]",0.119142813,0,0.768076547,within_safe_vector_latitude,not_run+unchanged,2,
adm1,84455774B68755790009873,Syddanmark,DNK,True,"[8.078618579946067,54.735493940644815,10.958320624210199,55.91245811639932]","[8.078618579946067,54.735493940644815,10.958320624210199,55.91245811639932]",0.105898166,0,1.715492672,within_safe_vector_latitude,not_run+unchanged,2,
adm1,25444519B7681288134121,Ali Sabieh,DJI,True,"[42.608145089124605,10.996716176925432,43.18881468305125,11.478576158263138]","[42.608145089124605,10.996716176925432,43.18881468305125,11.478576158263138]",0.265099229,0,0.580669594,within_safe_vector_latitude,not_run+unchanged,2,
adm1,25444519B1274960689098,Arta,DJI,True,"[42.36535241118486,11.26548839057682,43.18881468305125,11.654224351472692]","[42.36535241118486,11.26548839057682,43.18881468305125,11.654224351472692]",0.216730549,0,0.823462272,within_safe_vector_latitude,not_run+unchanged,1,
adm1,25444519B52373268249817,Dikhil,DJI,True,"[41.761362349616846,10.9716036470673,42.70657189317836,11.87491364732699]","[41.761362349616846,10.9716036470673,42.70657189317836,11.87491364732699]",0.577403491,0,0.945209544,within_safe_vector_latitude,not_run+unchanged,2,
adm1,25444519B6046592555533,Tadjourah,DJI,True,"[41.9976529778685,11.550419575282268,43.085447353891986,12.511970956664596]","[41.9976529778685,11.550419575282268,43.085447353891986,12.511970956664596]",0.337343749,0,1.087794376,within_safe_vector_latitude,not_run+unchanged,1,
adm1,25444519B8926294731251,Obock,DJI,True,"[42.67659956232001,11.839717922794806,43.407921074883276,12.706623652110302]","[42.67659956232001,11.839717922794806,43.407921074883276,12.706623652110302]",0.337343749,0,0.731321513,within_safe_vector_latitude,not_run+unchanged,1,
adm1,25444519B34443348585704,Djibouti,DJI,True,"[42.9007064388511,11.52469737408461,43.17310631570393,11.584051533751335]","[42.9007064388511,11.52469737408461,43.17310631570393,11.584051533751335]",0.272399877,0,0.272399877,within_safe_vector_latitude,not_run+unchanged,1,
adm1,96108325B47785236493574,Saint Andrew,DMA,True,"[-61.44334894214428,15.453194774819053,-61.27322857184106,15.637916564000022]","[-61.44334894214428,15.453194774819053,-61.27322857184106,15.637916564000022]",0.022796998,0,0.17012037,within_safe_vector_latitude,not_run+unchanged,1,
adm1,96108325B74916276227315,Saint Joseph,DMA,True,"[-61.45390738371873,15.389703702264114,-61.31452745018163,15.50186563159366]","[-61.45390738371873,15.389703702264114,-61.31452745018163,15.50186563159366]",0.022796998,0,0.139379934,within_safe_vector_latitude,not_run+unchanged,1,
adm1,96108325B67235694688325,Saint Patrick,DMA,True,"[-61.34695501656074,15.218972328755976,-61.24955368099995,15.341598499952859]","[-61.34695501656074,15.218972328755976,-61.24955368099995,15.341598499952859]",0.01654374,0,0.097401336,within_safe_vector_latitude,not_run+unchanged,1,
adm1,96108325B69930325682932,Saint David,DMA,True,"[-61.328289697211744,15.324979466729076,-61.24952697799995,15.517889022000077]","[-61.328289697211744,15.324979466729076,-61.24952697799995,15.517889022000077]",0.016729577,0,0.078762719,within_safe_vector_latitude,not_run+unchanged,1,
adm1,96108325B32463735273618,Saint Mark,DMA,True,"[-61.368601424815836,15.20787408462138,-61.33636535804848,15.25029915154634]","[-61.368601424815836,15.20787408462138,-61.33636535804848,15.25029915154634]",0.018373402,0,0.032236067,within_safe_vector_latitude,not_run+unchanged,1,
adm1,96108325B86083732773811,Saint Luke,DMA,True,"[-61.37779047085348,15.23413392414136,-61.345969861489806,15.269808650149116]","[-61.37779047085348,15.23413392414136,-61.345969861489806,15.269808650149116]",0.028815877,0,0.031820609,within_safe_vector_latitude,not_run+unchanged,1,
adm1,96108325B98972581904621,Saint George,DMA,True,"[-61.39117396030997,15.26041252621718,-61.30106077973113,15.351949340789474]","[-61.39117396030997,15.26041252621718,-61.30106077973113,15.351949340789474]",0.028815877,0,0.090113181,within_safe_vector_latitude,not_run+unchanged,1,
adm1,96108325B20095781885743,Saint Paul,DMA,True,"[-61.4203067065892,15.317854208305107,-61.32061247448604,15.412529578577221]","[-61.4203067065892,15.317854208305107,-61.32061247448604,15.412529578577221]",0.018364691,0,0.099694232,within_safe_vector_latitude,not_run+unchanged,1,
adm1,96108325B18979939092740,Saint John,DMA,True,"[-61.479743940230605,15.51015590866831,-61.40024547574808,15.637916564000022]","[-61.479743940230605,15.51015590866831,-61.40024547574808,15.637916564000022]",0.018690541,0,0.079498464,within_safe_vector_latitude,not_run+unchanged,1,
adm1,96108325B93131520053722,Saint Peter,DMA,True,"[-61.47642972175424,15.461787754701163,-61.3988002553275,15.539034173788139]","[-61.47642972175424,15.461787754701163,-61.3988002553275,15.539034173788139]",0.018690541,0,0.077629466,within_safe_vector_latitude,not_run+unchanged,1,
adm1,93820187B76809517426648,Monte Cristi,DOM,True,"[-71.74587403057573,19.53650808438067,-71.13397294779327,19.909308397185963]","[-71.74587403057573,19.53650808438067,-71.13397294779327,19.909308397185963]",0.22884908,0,0.611901083,within_safe_vector_latitude,not_run+unchanged,1,
adm1,93820187B37734861430686,Dajabón,DOM,True,"[-71.78629,19.224618336170906,-71.41305152021144,19.64714941776018]","[-71.78629,19.224618336170906,-71.41305152021144,19.64714941776018]",0.199969241,0,0.37323848,within_safe_vector_latitude,not_run+unchanged,1,
adm1,93820187B70498401931302,La Estrelleta,DOM,True,"[-71.78489763841529,18.650774034494106,-71.32737199642045,19.298848171006313]","[-71.78489763841529,18.650774034494106,-71.32737199642045,19.298848171006313]",0.249915577,0,0.457525642,within_safe_vector_latitude,not_run+unchanged,1,
adm1,93820187B47565163984981,Independencia,DOM,True,"[-71.95957264000087,18.13594757751875,-71.20076473730276,18.71473338698081]","[-71.95957264000087,18.13594757751875,-71.20076473730276,18.71473338698081]",0.299768906,0,0.758807903,within_safe_vector_latitude,not_run+unchanged,1,
adm1,93820187B45129006484644,Pedernales,DOM,True,"[-71.77532995621252,17.60821203283576,-71.28101715563281,18.29299623678699]","[-71.77532995621252,17.60821203283576,-71.28101715563281,18.29299623678699]",0.299768906,0,0.494312801,within_safe_vector_latitude,not_run+unchanged,1,
adm1,93820187B39859379805868,La Altagracia,DOM,True,"[-68.93529578297401,18.20462854815624,-68.3340551424308,18.97580821505784]","[-68.93529578297401,18.20462854815624,-68.3340551424308,18.97580821505784]",0.138256395,0,0.601240641,within_safe_vector_latitude,not_run+unchanged,1,
adm1,93820187B40453874964938,El Seybo,DOM,True,"[-69.32855343259479,18.527344876065285,-68.78950572740973,19.043750764000038]","[-69.32855343259479,18.527344876065285,-68.78950572740973,19.043750764000038]",0.160868734,0,0.539047705,within_safe_vector_latitude,not_run+unchanged,1,
adm1,93820187B87609756624505,Hato Mayor,DOM,True,"[-69.63783687986805,18.521970527517936,-69.21505974424075,19.10455513100004]","[-69.63783687986805,18.521970527517936,-69.21505974424075,19.10455513100004]",0.256961059,0,0.422777136,within_safe_vector_latitude,not_run+unchanged,1,
adm1,93820187B74439223598542,Samaná,DOM,True,"[-69.7861482414481,19.008891710284246,-69.15835527307735,19.32794380200005]","[-69.7861482414481,19.008891710284246,-69.15835527307735,19.32794380200005]",0.263403655,0,0.627792968,within_safe_vector_latitude,not_run+unchanged,1,
adm1,93820187B48662055256445,María Trinidad Sánchez,DOM,True,"[-70.21514014410229,19.19805329012729,-69.77224486016691,19.676755524961393]","[-70.21514014410229,19.19805329012729,-69.77224486016691,19.676755524961393]",0.205129598,0,0.442895284,within_safe_vector_latitude,not_run+unchanged,1,
adm1,93820187B79517068656032,Espaillat,DOM,True,"[-70.61390133258035,19.318821112704285,-70.09952539138014,19.71418441967532]","[-70.61390133258035,19.318821112704285,-70.09952539138014,19.71418441967532]",0.2056722,0,0.514375941,within_safe_vector_latitude,not_run+unchanged,1,
adm1,93820187B75937606305335,Puerto Plata,DOM,True,"[-71.22177416116693,19.517827052976116,-70.3727163789577,19.9329819578351]","[-71.22177416116693,19.517827052976116,-70.3727163789577,19.9329819578351]",0.26985433,0,0.849057782,within_safe_vector_latitude,not_run+unchanged,1,
adm1,93820187B41996677752574,Barahona,DOM,True,"[-71.42193986713116,17.853130772447628,-70.95938412088046,18.502023424241685]","[-71.42193986713116,17.853130772447628,-70.95938412088046,18.502023424241685]",0.22117513,0,0.462555746,within_safe_vector_latitude,not_run+unchanged,1,
adm1,93820187B58475630368990,Azua,DOM,True,"[-71.16130978122138,18.262083186222327,-70.47907752101074,18.988453681492302]","[-71.16130978122138,18.262083186222327,-70.47907752101074,18.988453681492302]",0.146554362,0,0.68223226,within_safe_vector_latitude,not_run+unchanged,1,
adm1,93820187B81904580242426,Peravia,DOM,True,"[-70.57938174882881,18.20425039264157,-70.18038769892968,18.503573716953497]","[-70.57938174882881,18.20425039264157,-70.18038769892968,18.503573716953497]",0.217184696,0,0.39899405,within_safe_vector_latitude,not_run+unchanged,1,
adm1,93820187B84794649626527,San Cristóbal,DOM,True,"[-70.35655270014689,18.23413116339458,-70.00798025266849,18.801720893504438]","[-70.35655270014689,18.23413116339458,-70.00798025266849,18.801720893504438]",0.124106292,0,0.348572447,within_safe_vector_latitude,not_run+unchanged,1,
adm1,93820187B48877163432622,Santo Domingo,DOM,True,"[-70.1671844138296,18.410312170031034,-69.52811012394329,18.7316734889404]","[-70.1671844138296,18.410312170031034,-69.52811012394329,18.7316734889404]",0.222647909,0,0.63907429,within_safe_vector_latitude,not_run+unchanged,1,
adm1,93820187B18367237384541,Distrito Nacional,DOM,True,"[-69.9974014955825,18.42646432402151,-69.87938391763365,18.4938843861556]","[-69.9974014955825,18.42646432402151,-69.87938391763365,18.4938843861556]",0.115261579,0,0.115951949,within_safe_vector_latitude,not_run+unchanged,1,
adm1,93820187B62210066790918,San Pedro de Macorís,DOM,True,"[-69.61657202787677,18.39590078329462,-69.08543860580696,18.8025735542262]","[-69.61657202787677,18.39590078329462,-69.08543860580696,18.8025735542262]",0.204531942,0,0.531133422,within_safe_vector_latitude,not_run+unchanged,1,
adm1,93820187B35454462701697,La Romana,DOM,True,"[-69.09270219614939,18.39590078329462,-68.85201921261648,18.665682685107896]","[-69.09270219614939,18.39590078329462,-68.85201921261648,18.665682685107896]",0.157406413,0,0.240682984,within_safe_vector_latitude,not_run+unchanged,1,
adm1,93820187B40154216120461,Valverde,DOM,True,"[-71.18420244029033,19.468062649371774,-70.86411861817959,19.751766262403123]","[-71.18420244029033,19.468062649371774,-70.86411861817959,19.751766262403123]",0.26985433,0,0.320083822,within_safe_vector_latitude,not_run+unchanged,1,
adm1,93820187B63902544885096,Santiago Rodríguez,DOM,True,"[-71.48826656774784,19.170173855239312,-71.07516516763829,19.54454376877996]","[-71.48826656774784,19.170173855239312,-71.07516516763829,19.54454376877996]",0.22884908,0,0.4131014,within_safe_vector_latitude,not_run+unchanged,1,
adm1,93820187B24191920077808,La Vega,DOM,True,"[-70.9162084617511,18.676844794251906,-70.28144100629734,19.368843898726993]","[-70.9162084617511,18.676844794251906,-70.28144100629734,19.368843898726993]",0.237944132,0,0.634767455,within_safe_vector_latitude,not_run+unchanged,1,
adm1,93820187B43347843561572,Hermanas,DOM,True,"[-70.4673211326641,19.224925035561967,-70.23658586324692,19.500308743353884]","[-70.4673211326641,19.224925035561967,-70.23658586324692,19.500308743353884]",0.2056722,0,0.230735269,within_safe_vector_latitude,not_run+unchanged,1,
adm1,93820187B82172394786860,Duarte,DOM,True,"[-70.36363237193635,19.03925161387093,-69.75578833696213,19.499197699314465]","[-70.36363237193635,19.03925161387093,-69.75578833696213,19.499197699314465]",0.205129598,0,0.607844035,within_safe_vector_latitude,not_run+unchanged,1,
adm1,93820187B32752500382745,Santiago,DOM,True,"[-71.24089148605319,19.025609036028214,-70.54770382407216,19.641747137820204]","[-71.24089148605319,19.025609036028214,-70.54770382407216,19.641747137820204]",0.237944132,0,0.693187662,within_safe_vector_latitude,not_run+unchanged,1,
adm1,93820187B31673622475180,Bahoruco,DOM,True,"[-71.6206615865629,18.338364163375473,-71.01475541882746,18.650774034494106]","[-71.6206615865629,18.338364163375473,-71.01475541882746,18.650774034494106]",0.215878295,0,0.605906168,within_safe_vector_latitude,not_run+unchanged,1,
adm1,93820187B64803831351041,San Juan,DOM,True,"[-71.62789628798325,18.59961436601023,-70.89119706918933,19.191076972024717]","[-71.62789628798325,18.59961436601023,-70.89119706918933,19.191076972024717]",0.215413208,0,0.736699219,within_safe_vector_latitude,not_run+unchanged,1,
adm1,93820187B51010772405256,Monseñor Nouel,DOM,True,"[-70.59237809906998,18.720149643691173,-70.22384762207011,19.074210720548336]","[-70.59237809906998,18.720149643691173,-70.22384762207011,19.074210720548336]",0.18365804,0,0.368530477,within_safe_vector_latitude,not_run+unchanged,1,
adm1,93820187B68802260093843,Sánchez Ramírez,DOM,True,"[-70.39231279160202,18.854766751484448,-69.90776872384745,19.146428534549244]","[-70.39231279160202,18.854766751484448,-69.90776872384745,19.146428534549244]",0.271301269,0,0.484544068,within_safe_vector_latitude,not_run+unchanged,1,
adm1,93820187B68705582614236,San José de Ocoa,DOM,True,"[-70.69999426932003,18.413217474806714,-70.35001563161606,18.78794912445261]","[-70.69999426932003,18.413217474806714,-70.35001563161606,18.78794912445261]",0.18365804,0,0.349978638,within_safe_vector_latitude,not_run+unchanged,1,
adm1,93820187B14699878889154,Monte Plata,DOM,True,"[-70.25118445459887,18.60010529242541,-69.38087582106226,19.08759491597266]","[-70.25118445459887,18.60010529242541,-69.38087582106226,19.08759491597266]",0.271301269,0,0.870308634,within_safe_vector_latitude,not_run+unchanged,1,
adm1,780006B84481112392323,Pastaza,ECU,True,"[-78.17506537047552,-2.610868198201672,-75.58101290793861,-0.999395454999899]","[-78.17506537047552,-2.610868198201672,-75.58101290793861,-0.999395454999899]",0.201366898,0,2.594052463,within_safe_vector_latitude,not_run+unchanged,1,
adm1,780006B30899548387252,Carchi,ECU,True,"[-78.54379671099997,0.362943654000105,-77.56506144908086,1.197771777000071]","[-78.54379671099997,0.362943654000105,-77.56506144908086,1.197771777000071]",0.114425417,0,0.978735262,within_safe_vector_latitude,not_run+unchanged,1,
adm1,780006B83348252159319,Loja,ECU,True,"[-80.4937403300396,-4.740469813638026,-79.09774867021196,-3.33784023845385]","[-80.4937403300396,-4.740469813638026,-79.09774867021196,-3.33784023845385]",0.15716593,0,1.39599166,within_safe_vector_latitude,not_run+unchanged,1,
adm1,780006B32277993251715,Zamora Chinchipe,ECU,True,"[-79.42988376955824,-5.011469900053839,-78.37029133980394,-3.343683032300532]","[-79.42988376955824,-5.011469900053839,-78.37029133980394,-3.343683032300532]",0.148354628,0,1.05959243,within_safe_vector_latitude,not_run+unchanged,2,
adm1,780006B8093408258889,El Oro,ECU,True,"[-80.24105959134374,-3.893903363666593,-79.36493044499991,-3.048214033499562]","[-80.24105959134374,-3.893903363666593,-79.36493044499991,-3.048214033499562]",0.130378037,0,0.876129146,within_safe_vector_latitude,not_run+unchanged,1,
adm1,780006B31400562589266,Esmeraldas,ECU,True,"[-80.10511856679688,0.075356113000112,-78.43320819699994,1.406252302263852]","[-80.10511856679688,0.075356113000112,-78.43320819699994,1.406252302263852]",0.142841272,0,1.67191037,within_safe_vector_latitude,not_run+unchanged,2,
adm1,780006B18414364413556,Imbabura,ECU,True,"[-79.27487344203513,0.127985780000074,-77.81001070610557,0.887041592346861]","[-79.27487344203513,0.127985780000074,-77.81001070610557,0.887041592346861]",0.232283939,0,1.464862736,within_safe_vector_latitude,not_run+unchanged,2,
adm1,780006B2045588347602,Sucumbios,ECU,True,"[-77.97197773399989,-0.638273861601419,-75.22472052699999,0.653060756742865]","[-77.97197773399989,-0.638273861601419,-75.22472052699999,0.653060756742865]",0.187621343,0,2.747257207,within_safe_vector_latitude,not_run+unchanged,2,
adm1,780006B15798287521285,Santa Elena,ECU,True,"[-81.00476047896959,-2.508093365873663,-80.22694433099997,-1.665582373999939]","[-81.00476047896959,-2.508093365873663,-80.22694433099997,-1.665582373999939]",0.087293859,0,0.777816148,within_safe_vector_latitude,not_run+unchanged,1,
adm1,780006B2576853520044,Santo Domingo de los Tsáchilas,ECU,True,"[-79.62587556699998,-0.695302387999959,-78.74734745299992,0.12653581601387]","[-79.62587556699998,-0.695302387999959,-78.74734745299992,0.12653581601387]",0.132398926,0,0.878528114,within_safe_vector_latitude,not_run+unchanged,4,
adm1,780006B44300629339188,Pichincha,ECU,True,"[-79.36917038099989,-0.710948968388379,-77.84331232017536,0.325893831000144]","[-79.36917038099989,-0.710948968388379,-77.84331232017536,0.325893831000144]",0.232283939,0,1.525858061,within_safe_vector_latitude,not_run+unchanged,4,
adm1,780006B63949328087962,Manabi,ECU,True,"[-80.91036364890117,-1.953996882086187,-79.40502842299992,0.355100733246729]","[-80.91036364890117,-1.953996882086187,-79.40502842299992,0.355100733246729]",0.138488542,0,1.505335226,within_safe_vector_latitude,not_run+unchanged,2,
adm1,780006B24339224838979,Azuay,ECU,True,"[-79.7603578400126,-3.625388393728485,-78.44101697199994,-2.564329877679597]","[-79.7603578400126,-3.625388393728485,-78.44101697199994,-2.564329877679597]",0.15716593,0,1.319340868,within_safe_vector_latitude,not_run+unchanged,2,
adm1,780006B5869423141371,Cañar,ECU,True,"[-79.52217765599994,-2.841183735999948,-78.56840039571097,-2.236200356999973]","[-79.52217765599994,-2.841183735999948,-78.56840039571097,-2.236200356999973]",0.147462463,0,0.95377726,within_safe_vector_latitude,not_run+unchanged,2,
adm1,780006B56468316684184,Guayas,ECU,True,"[-80.56130023715667,-3.070858344696717,-79.11817623499996,-0.835415834999878]","[-80.56130023715667,-3.070858344696717,-79.11817623499996,-0.835415834999878]",0.177796,0,1.443124002,within_safe_vector_latitude,not_run+unchanged,1,
adm1,780006B68361660427036,Los Ríos,ECU,True,"[-79.87310285599995,-2.131771706288816,-79.09229474437694,-0.540265383999952]","[-79.87310285599995,-2.131771706288816,-79.09229474437694,-0.540265383999952]",0.150090999,0,0.780808112,within_safe_vector_latitude,not_run+unchanged,1,
adm1,780006B34708550650195,Cotopaxi,ECU,True,"[-79.33485553399993,-1.214920537999944,-78.39253388499998,-0.338414601851184]","[-79.33485553399993,-1.214920537999944,-78.39253388499998,-0.338414601851184]",0.136053115,0,0.942321649,within_safe_vector_latitude,not_run+unchanged,2,
adm1,780006B72413159872158,Bolívar,ECU,True,"[-79.35808853199995,-2.192711459741872,-78.84577176399995,-1.152947730999927]","[-79.35808853199995,-2.192711459741872,-78.84577176399995,-1.152947730999927]",0.126543043,0,0.512316768,within_safe_vector_latitude,not_run+unchanged,1,
adm1,780006B23430196387963,Tungurahua,ECU,True,"[-78.94024695199994,-1.516431077016875,-78.11672709199996,-0.994014328683647]","[-78.94024695199994,-1.516431077016875,-78.11672709199996,-0.994014328683647]",0.136053115,0,0.82351986,within_safe_vector_latitude,not_run+unchanged,2,
adm1,780006B46353723731382,Chimborazo,ECU,True,"[-79.13695381135642,-2.553864125495352,-78.35957452393478,-1.430724954999903]","[-79.13695381135642,-2.553864125495352,-78.35957452393478,-1.430724954999903]",0.134324251,0,0.777379287,within_safe_vector_latitude,not_run+unchanged,2,
adm1,780006B74004453472975,Morona Santiago,ECU,True,"[-78.94531495399997,-3.583580481999888,-76.69623042271377,-1.44544476233915]","[-78.94531495399997,-3.583580481999888,-76.69623042271377,-1.44544476233915]",0.180578234,0,2.249084531,within_safe_vector_latitude,not_run+unchanged,2,
adm1,780006B95371609522575,Napo,ECU,True,"[-78.42534198899995,-1.241174678999926,-77.04568442099986,0.031636076646066]","[-78.42534198899995,-1.241174678999926,-77.04568442099986,0.031636076646066]",0.201366898,0,1.379657568,within_safe_vector_latitude,not_run+unchanged,2,
adm1,780006B54205869319714,Orellana,ECU,True,"[-77.61424129099998,-1.549821635676135,-75.19262165675065,-0.036311051999974]","[-77.61424129099998,-1.549821635676135,-75.19262165675065,-0.036311051999974]",0.187621343,0,2.421619634,within_safe_vector_latitude,not_run+unchanged,1,
adm1,780006B54205469685650,Galápagos,ECU,True,"[-91.65445815241742,-1.357898799040398,-89.25112880761998,0.632956045263541]","[-91.65445815241742,-1.357898799040398,-89.25112880761998,0.632956045263541]",0.183345307,0,0.74415363,within_safe_vector_latitude,not_run+unchanged,3,
adm1,46179711B72666466596415,North Sinai Governorate,EGY,True,"[32.5735377,29.5344688,34.878445422716084,31.32352067200003]","[32.5735377,29.5344688,34.878445422716084,31.32352067200003]",0.6125316,0,2.304907723,within_safe_vector_latitude,not_run+unchanged,2,
adm1,46179711B69358139854301,South Sinai Governorate,EGY,True,"[32.63232971742486,27.728078214928285,34.903617934085055,29.9232502]","[32.63232971742486,27.728078214928285,34.903617934085055,29.9232502]",0.6125316,0,2.271288217,within_safe_vector_latitude,not_run+unchanged,2,
adm1,46179711B96058986091554,Aswan Governorate,EGY,True,"[31.0981462,21.72088713900007,34.24286323229003,25.3369457]","[31.0981462,21.72088713900007,34.24286323229003,25.3369457]",1.5742794,0,3.144717032,within_safe_vector_latitude,not_run+unchanged,4,
adm1,46179711B94144647788557,Red Sea Governorate,EGY,True,"[31.7881142,22.0000021,35.79344571830108,29.1371551]","[31.7881142,22.0000021,35.79344571830108,29.1371551]",0.314131062,0,4.005331518,within_safe_vector_latitude,not_run+unchanged,2,
adm1,46179711B33216026370082,Matrouh Governorate,EGY,True,"[24.706667,27.7380042,30.3111901,31.67039172341873]","[24.706667,27.7380042,30.3111901,31.67039172341873]",1.8492729,0,5.6045231,within_safe_vector_latitude,not_run+unchanged,1,
adm1,46179711B64218004276609,New Valley Governorate,EGY,True,"[24.999996986965414,22.0,32.740192,27.7489122]","[24.999996986965414,22.0,32.740192,27.7489122]",2.0291055,0,7.740195013,within_safe_vector_latitude,not_run+unchanged,1,
adm1,46179711B99776351599397,Alexandria Governorate,EGY,True,"[29.58751951802413,30.3596751,30.0931217,31.327118683666313]","[29.58751951802413,30.3596751,30.0931217,31.327118683666313]",0.2652558,0,0.505602182,within_safe_vector_latitude,not_run+unchanged,1,
adm1,46179711B4202910882635,Ismailia Governorate,EGY,True,"[31.7458189,30.2027155,32.7817949,30.9643425]","[31.7458189,30.2027155,32.7817949,30.9643425]",0.3080864,0,0.773920445,within_safe_vector_latitude,not_run+unchanged,1,
adm1,46179711B81451673929301,Suez Governorate,EGY,True,"[31.8445406,28.9894901,32.8329848,30.2615089]","[31.8445406,28.9894901,32.8329848,30.2615089]",0.3080864,0,0.809067702,within_safe_vector_latitude,not_run+unchanged,1,
adm1,46179711B78983565091897,Gharbiyya Governorate,EGY,True,"[30.7471591,30.5746206,31.3013265,31.1038078]","[30.7471591,30.5746206,31.3013265,31.1038078]",0.0982628,0,0.5541674,within_safe_vector_latitude,not_run+unchanged,1,
adm1,46179711B43356691250297,Faiyum Governorate,EGY,True,"[29.8499503,28.9614586,31.1223899,29.71627]","[29.8499503,28.9614586,31.1223899,29.71627]",0.7133986,0,1.2724396,within_safe_vector_latitude,not_run+unchanged,1,
adm1,46179711B35449682454923,Beni Suef Governorate,EGY,True,"[29.7796533,28.2690955,31.9711097,29.4361592]","[29.7796533,28.2690955,31.9711097,29.4361592]",0.9734351,0,2.1914564,within_safe_vector_latitude,not_run+unchanged,1,
adm1,46179711B7819508184782,Minya Governate,EGY,True,"[28.625062,27.6182248,32.6539287,28.8026312]","[28.625062,27.6182248,32.6539287,28.8026312]",2.0291055,0,4.0288667,within_safe_vector_latitude,not_run+unchanged,1,
adm1,46179711B93993738941206,Asyut Governorate,EGY,True,"[30.6541675,26.8930728,32.7536203,27.909764]","[30.6541675,26.8930728,32.7536203,27.909764]",0.5119043,0,2.0994528,within_safe_vector_latitude,not_run+unchanged,1,
adm1,46179711B46271687964482,Sohag Governorate,EGY,True,"[31.2962958,26.1918127,32.7986863,27.3742778]","[31.2962958,26.1918127,32.7986863,27.3742778]",0.5146792,0,1.5023905,within_safe_vector_latitude,not_run+unchanged,1,
adm1,46179711B60822011452178,Qena Governorate,EGY,True,"[31.929943,25.2101383,33.5661748,26.8002707]","[31.929943,25.2101383,33.5661748,26.8002707]",0.7840325,0,1.6362318,within_safe_vector_latitude,not_run+unchanged,1,
adm1,46179711B25362750888095,Luxor Governate,EGY,True,"[32.4321266,25.4083885,32.9679476,25.984598]","[32.4321266,25.4083885,32.9679476,25.984598]",0.2566573,0,0.535821,within_safe_vector_latitude,not_run+unchanged,1,
adm1,46179711B67626682469511,Giza Governorate,EGY,True,"[27.3105948,27.7380042,31.9062825,30.3397048]","[27.3105948,27.7380042,31.9062825,30.3397048]",1.3144672,0,4.5956877,within_safe_vector_latitude,not_run+unchanged,1,
adm1,46179711B49513585270152,Monufia Governorate,EGY,True,"[30.4858538,30.1709431,31.2575863,30.7022285]","[30.4858538,30.1709431,31.2575863,30.7022285]",0.1753857,0,0.7717325,within_safe_vector_latitude,not_run+unchanged,1,
adm1,46179711B92366752825200,Beheira Governorate,EGY,True,"[29.6168674,29.9202949,30.851784,31.466690487489622]","[29.6168674,29.9202949,30.851784,31.466690487489622]",0.6943227,0,1.2349166,within_safe_vector_latitude,not_run+unchanged,1,
adm1,46179711B66630674459803,Cairo Governorate,EGY,True,"[31.2204954,29.7483062,31.9090054,30.3209168]","[31.2204954,29.7483062,31.9090054,30.3209168]",0.2066692,0,0.68851,within_safe_vector_latitude,not_run+unchanged,1,
adm1,46179711B47059775380229,Qalyubia Governorate,EGY,True,"[31.0561127,30.093036,31.630124,30.5746206]","[31.0561127,30.093036,31.630124,30.5746206]",0.1153953,0,0.5740113,within_safe_vector_latitude,not_run+unchanged,1,
adm1,46179711B98212466425872,Dakahlia Governorate,EGY,True,"[31.2004237,30.5581873,32.20110262386651,31.5159195868608]","[31.2004237,30.5581873,32.20110262386651,31.5159195868608]",0.162619519,0,1.000678924,within_safe_vector_latitude,not_run+unchanged,1,
adm1,46179711B66765744751824,Damietta Governorate,EGY,True,"[31.4908698,31.1053105,31.96167540476446,31.52601170112671]","[31.4908698,31.1053105,31.96167540476446,31.52601170112671]",0.162619519,0,0.470805605,within_safe_vector_latitude,not_run+unchanged,1,
adm1,46179711B94393740490008,Kafr el-Sheikh Governorate,EGY,True,"[30.368106526000076,30.9628538,31.378559401923535,31.6015941]","[30.368106526000076,30.9628538,31.378559401923535,31.6015941]",0.0982628,0,1.010452876,within_safe_vector_latitude,not_run+unchanged,1,
adm1,46179711B71025405794943,Port Said Governorate,EGY,True,"[32.0335783,30.868452,32.593976,31.29076851221123]","[32.0335783,30.868452,32.593976,31.29076851221123]",0.1540251,0,0.2850209,within_safe_vector_latitude,not_run+unchanged,1,
adm1,46179711B99510320348427,Al Sharqia Governorate,EGY,True,"[31.2789568,30.1979663,32.2255444,31.0622437]","[31.2789568,30.1979663,32.2255444,31.0622437]",0.2066692,0,0.9465876,within_safe_vector_latitude,not_run+unchanged,1,
adm1,98794003B76410579323989,Departamento de Cuscatlán,SLV,True,"[-89.1685848,13.6398085,-88.8585073,14.0776298]","[-89.1685848,13.6398085,-88.8585073,14.0776298]",0.0688049,0,0.3100775,within_safe_vector_latitude,not_run+unchanged,1,
adm1,98794003B42513633485886,Departamento de Usulután,SLV,True,"[-88.8135707678252,13.1592654,-88.1215739,13.705934]","[-88.8135707678252,13.1592654,-88.1215739,13.705934]",0.0362306,0,0.691996868,within_safe_vector_latitude,not_run+unchanged,1,
adm1,98794003B3671241590115,La Libertad,SLV,True,"[-89.63138937090405,13.4252176,-89.1475044,14.0647304]","[-89.63138937090405,13.4252176,-89.1475044,14.0647304]",0.0283727,0,0.483884971,within_safe_vector_latitude,not_run+unchanged,1,
adm1,98794003B28533173695218,Departamento de Ahuachapán,SLV,True,"[-90.13465447599998,13.665850959842796,-89.6954013,14.063294678244134]","[-90.13465447599998,13.665850959842796,-89.6954013,14.063294678244134]",0.0405174,0,0.439253176,within_safe_vector_latitude,not_run+unchanged,2,
adm1,98794003B56835012218806,Departamento de Sonsonate,SLV,True,"[-89.96114733528911,13.518115617033784,-89.443674,13.9052426]","[-89.96114733528911,13.518115617033784,-89.443674,13.9052426]",0.0405174,0,0.517473335,within_safe_vector_latitude,not_run+unchanged,1,
adm1,98794003B61781922911400,San Vicente,SLV,True,"[-88.899999,13.2519343,-88.4859486,13.7990919]","[-88.899999,13.2519343,-88.4859486,13.7990919]",0.0339917,0,0.4140504,within_safe_vector_latitude,not_run+unchanged,1,
adm1,98794003B50968784291710,Departamento de San Miguel,SLV,True,"[-88.5288321,13.1670849,-88.0192369,13.9189436]","[-88.5288321,13.1670849,-88.0192369,13.9189436]",0.0352311,0,0.5095952,within_safe_vector_latitude,not_run+unchanged,1,
adm1,98794003B34340758390936,Departamento de La Unión,SLV,True,"[-88.0918679,13.153004391000024,-87.6907951,13.922105001000034]","[-88.0918679,13.153004391000024,-87.6907951,13.922105001000034]",0.0362158,0,0.3834608,within_safe_vector_latitude,not_run+unchanged,1,
adm1,98794003B29271110155916,Departamento de Morazán,SLV,True,"[-88.2763873,13.5441229,-87.9302317,14.000633233625152]","[-88.2763873,13.5441229,-87.9302317,14.000633233625152]",0.0352311,0,0.3461556,within_safe_vector_latitude,not_run+unchanged,1,
adm1,98794003B62092818645437,Departamento de La Paz,SLV,True,"[-89.1727517,13.2628784,-88.7799966,13.6708744]","[-89.1727517,13.2628784,-88.7799966,13.6708744]",0.0473158,0,0.3927551,within_safe_vector_latitude,not_run+unchanged,1,
adm1,98794003B21631961307422,Departamento de Santa Ana,SLV,True,"[-89.746084,13.7782947,-89.2487286,14.45055700100005]","[-89.746084,13.7782947,-89.2487286,14.45055700100005]",0.033788643,0,0.4973554,within_safe_vector_latitude,not_run+unchanged,1,
adm1,98794003B29721732456698,Departamento de Chalatenango,SLV,True,"[-89.4345206,13.9328176,-88.68148541604731,14.420186]","[-89.4345206,13.9328176,-88.68148541604731,14.420186]",0.0688049,0,0.753035184,within_safe_vector_latitude,not_run+unchanged,1,
adm1,98794003B39565856515381,Departamento de San Salvador,SLV,True,"[-89.292862,13.475534,-89.025446,14.0647772]","[-89.292862,13.475534,-89.025446,14.0647772]",0.0405848,0,0.267416,within_safe_vector_latitude,not_run+unchanged,1,
adm1,98794003B16890138661932,Departamento de Cabañas,SLV,True,"[-88.9880499,13.7422379,-88.4917549,14.02386595008354]","[-88.9880499,13.7422379,-88.4917549,14.02386595008354]",0.0136061,0,0.496295,within_safe_vector_latitude,not_run+unchanged,1,
adm1,51917635B39296927406250,Annobón,GNQ,True,"[5.618298008663333,-1.464183330999958,5.651044369000033,-1.405825017999973]","[5.618298008663333,-1.464183330999958,5.651044369000033,-1.405825017999973]",0.005408764,0,0.03274636,within_safe_vector_latitude,not_run+unchanged,1,
adm1,51917635B51392139910348,Bioko Norte,GNQ,True,"[8.6112422,3.505507645805944,8.937923760393247,3.788098186793626]","[8.6112422,3.505507645805944,8.937923760393247,3.788098186793626]",0.0317567,0,0.32668156,within_safe_vector_latitude,not_run+unchanged,1,
adm1,51917635B89890013794964,Bioko Sur,GNQ,True,"[8.4147634,3.210671426000033,8.843132504950683,3.6467525]","[8.4147634,3.210671426000033,8.843132504950683,3.6467525]",0.0317567,0,0.428369105,within_safe_vector_latitude,not_run+unchanged,1,
adm1,51917635B39894172986547,Litoral Province,GNQ,True,"[9.3412285,1.001007414165189,10.2574582,2.348202475369708]","[9.3412285,1.001007414165189,10.2574582,2.348202475369708]",0.1339363,0,0.9162297,within_safe_vector_latitude,not_run+unchanged,1,
adm1,51917635B96022802158984,Kié-Ntem Province,GNQ,True,"[10.3958417,1.7276101,11.3333,2.172222001000023]","[10.3958417,1.7276101,11.3333,2.172222001000023]",0.1709027,0,0.9374583,within_safe_vector_latitude,not_run+unchanged,2,
adm1,51917635B11975982083171,Centro Sur Province,GNQ,True,"[9.8984423,1.002222,10.9887876,2.172222001000023]","[9.8984423,1.002222,10.9887876,2.172222001000023]",0.2527778,0,1.0903453,within_safe_vector_latitude,not_run+unchanged,1,
adm1,51917635B29423629069944,Wele-Nzas Province,GNQ,True,"[10.5290892,1.002191328566237,11.3333,1.9884359]","[10.5290892,1.002191328566237,11.3333,1.9884359]",0.3280547,0,0.8042108,within_safe_vector_latitude,not_run+unchanged,2,
adm1,12472421B94455277260743,Anseba Region,ERI,True,"[36.896667,15.5306097,38.8738447,17.545556]","[36.896667,15.5306097,38.8738447,17.545556]",0.1890577,0,1.9771777,within_safe_vector_latitude,not_run+unchanged,1,
adm1,12472421B57032757115732,Gash-Barka Region,ERI,True,"[36.43336904952549,14.1810365,38.7623392,16.2986283]","[36.43336904952549,14.1810365,38.7623392,16.2986283]",0.1890577,0,2.32897015,within_safe_vector_latitude,not_run+unchanged,1,
adm1,12472421B98039697407970,Debub Region,ERI,True,"[38.261666466255726,14.407522001000075,39.6628433,15.2862578]","[38.261666466255726,14.407522001000075,39.6628433,15.2862578]",0.132108101,0,1.401176834,within_safe_vector_latitude,not_run+unchanged,1,
adm1,12472421B35314914583003,Maekel Region,ERI,True,"[38.6812839,15.1299746,39.0376437,15.6013325]","[38.6812839,15.1299746,39.0376437,15.6013325]",0.1000972,0,0.3563598,within_safe_vector_latitude,not_run+unchanged,1,
adm1,12472421B21855399297122,Northen Red Sea Region,ERI,True,"[37.9576762,14.3662517,40.5614506,18.0196428314087]","[37.9576762,14.3662517,40.5614506,18.0196428314087]",0.168580973,0,2.6037744,within_safe_vector_latitude,not_run+unchanged,1,
adm1,12472421B84439525883962,Southern Red Sea Region,ERI,True,"[40.3649902,12.3548219,43.12737267366588,15.018912280352426]","[40.3649902,12.3548219,43.12737267366588,15.018912280352426]",0.326824439,0,2.762382474,within_safe_vector_latitude,not_run+unchanged,1,
adm1,21999144B33684554983834,Saare maakond,EST,True,"[21.8285172,57.7805819,23.40413856500004,58.6842811]","[21.8285172,57.7805819,23.40413856500004,58.6842811]",0.015832901,0,1.497320777,within_safe_vector_latitude,not_run+unchanged,2,
adm1,21999144B29728943841955,Pärnu maakond,EST,True,"[23.6104784,57.86454397500006,25.306689700000028,58.75701429999999]","[23.6104784,57.86454397500006,25.306689700000028,58.75701429999999]",0.0831448,0,1.6962113,within_safe_vector_latitude,not_run+unchanged,1,
adm1,21999144B58024703537367,Hiiu maakond,EST,True,"[22.039914011518658,58.686952599999984,23.069169800000015,59.093430099999985]","[22.039914011518658,58.686952599999984,23.069169800000015,59.093430099999985]",0.021694183,0,1.029255788,within_safe_vector_latitude,not_run+unchanged,2,
adm1,21999144B44966158001622,Lääne maakond,EST,True,"[23.11796891117952,58.53467963766475,24.192596400000028,59.247466501249434]","[23.11796891117952,58.53467963766475,24.192596400000028,59.247466501249434]",0.0247413,0,0.787356889,within_safe_vector_latitude,not_run+unchanged,1,
adm1,21999144B47767551937161,Ida-Viru maakond,EST,True,"[26.70233070000002,58.8656402,28.2100175,59.5005302]","[26.70233070000002,58.8656402,28.2100175,59.5005302]",0.0702555,0,1.5076868,within_safe_vector_latitude,not_run+unchanged,1,
adm1,21999144B19319879871883,Harju maakond,EST,True,"[23.73014489999998,58.98935690000001,25.95510350000001,59.6752513]","[23.73014489999998,58.98935690000001,25.95510350000001,59.6752513]",0.0247413,0,2.2249586,within_safe_vector_latitude,not_run+unchanged,1,
adm1,21999144B8345617572164,Lääne-Viru maakond,EST,True,"[25.536391700000024,58.8769297,26.952732800000028,59.63515982028396]","[25.536391700000024,58.8769297,26.952732800000028,59.63515982028396]",0.0702555,0,1.4163411,within_safe_vector_latitude,not_run+unchanged,1,
adm1,21999144B18638129154840,Tartu maakond,EST,True,"[26.07854780000002,58.1130408,27.5342723,58.68279269999996]","[26.07854780000002,58.1130408,27.5342723,58.68279269999996]",0.0281198,0,1.4022401,within_safe_vector_latitude,not_run+unchanged,1,
adm1,21999144B24079073744872,Valga maakond,EST,True,"[25.580464635691364,57.57223441800005,26.624963799999975,58.1843394]","[25.580464635691364,57.57223441800005,26.624963799999975,58.1843394]",0.057695784,0,1.044499164,within_safe_vector_latitude,not_run+unchanged,1,
adm1,21999144B19644163170936,Viljandi maakond,EST,True,"[24.9719399,57.955941217157296,26.1908423,58.690117]","[24.9719399,57.955941217157296,26.1908423,58.690117]",0.0460924,0,1.2189024,within_safe_vector_latitude,not_run+unchanged,1,
adm1,21999144B96472367616426,Põlva maakond,EST,True,"[26.566258,57.817299,27.81899464173543,58.268240100000014]","[26.566258,57.817299,27.81899464173543,58.268240100000014]",0.0287014,0,1.252736642,within_safe_vector_latitude,not_run+unchanged,1,
adm1,21999144B6110370050072,Järva maakond,EST,True,"[25.195017199999985,58.606111200000015,26.1688048,59.2692632]","[25.195017199999985,58.606111200000015,26.1688048,59.2692632]",0.0241074,0,0.9737876,within_safe_vector_latitude,not_run+unchanged,1,
adm1,21999144B63985624838258,Rapla maakond,EST,True,"[24.070630599999983,58.65556089999998,25.33394370000002,59.2279839]","[24.070630599999983,58.65556089999998,25.33394370000002,59.2279839]",0.0317544,0,1.2633131,within_safe_vector_latitude,not_run+unchanged,1,
adm1,21999144B65356680713058,Võru maakond,EST,True,"[26.371476700000017,57.50931338313786,27.55492162400003,57.9571871]","[26.371476700000017,57.50931338313786,27.55492162400003,57.9571871]",0.043769365,0,1.183444924,within_safe_vector_latitude,not_run+unchanged,1,
adm1,21999144B65964655866417,Jõgeva maakond,EST,True,"[25.7502504,58.470868,27.1633913,58.9689224]","[25.7502504,58.470868,27.1633913,58.9689224]",0.0281198,0,1.4131409,within_safe_vector_latitude,not_run+unchanged,1,
adm1,75662566B5378229891244,Addis Ababa,ETH,True,"[38.66022298848534,8.841073765080388,38.907085648112,9.099186159616307]","[38.66022298848534,8.841073765080388,38.907085648112,9.099186159616307]",0.111108991,0,0.24686266,within_safe_vector_latitude,not_run+unchanged,1,
adm1,75662566B25357223982520,Afar,ETH,True,"[39.68287339676758,8.857143739573809,42.4051154492991,14.48746892848705]","[39.68287339676758,8.857143739573809,42.4051154492991,14.48746892848705]",0.34732905,0,2.722242053,within_safe_vector_latitude,not_run+unchanged,2,
adm1,75662566B52684709481520,Amhara,ETH,True,"[35.25787444876765,8.715880537517906,40.21331413104581,13.76934482908216]","[35.25787444876765,8.715880537517906,40.21331413104581,13.76934482908216]",0.260421451,0,4.955439682,within_safe_vector_latitude,not_run+unchanged,2,
adm1,75662566B16746670119676,Beneshangul Gumu,ETH,True,"[34.102165400769046,8.96329753716023,36.68619493537457,11.935486029363608]","[34.102165400769046,8.96329753716023,36.68619493537457,11.935486029363608]",0.285875002,0,2.584029535,within_safe_vector_latitude,not_run+unchanged,2,
adm1,75662566B22109266514860,Dire Dawa,ETH,True,"[41.73552206435097,9.472479406105137,42.34069066227628,9.784458200175564]","[41.73552206435097,9.472479406105137,42.34069066227628,9.784458200175564]",0.157573585,0,0.605168598,within_safe_vector_latitude,not_run+unchanged,1,
adm1,75662566B92391245038365,Gambela,ETH,True,"[32.997734001000026,6.300093767211885,35.39305851142095,8.703718712011705]","[32.997734001000026,6.300093767211885,35.39305851142095,8.703718712011705]",0.187156877,0,2.39532451,within_safe_vector_latitude,not_run+unchanged,2,
adm1,75662566B51121866066295,Hareri,ETH,True,"[42.06224287434602,9.190721821166028,42.27122809043997,9.37351611336835]","[42.06224287434602,9.190721821166028,42.27122809043997,9.37351611336835]",0.191580577,0,0.208985216,within_safe_vector_latitude,not_run+unchanged,1,
adm1,75662566B9273833721501,Oromia,ETH,True,"[34.145517,3.505867957939927,42.97891076915643,10.38654972799648]","[34.145517,3.505867957939927,42.97891076915643,10.38654972799648]",0.374115787,0,8.833393769,within_safe_vector_latitude,not_run+unchanged,1,
adm1,75662566B72302855928957,SNNPR,ETH,True,"[34.877830136386926,4.444425,39.12822902976381,8.458712666907717]","[34.877830136386926,4.444425,39.12822902976381,8.458712666907717]",0.374115787,0,4.250398893,within_safe_vector_latitude,not_run+unchanged,1,
adm1,75662566B32417772325798,Somali,ETH,True,"[39.09490285317568,3.455970525719238,48.00105600100005,11.09622500100005]","[39.09490285317568,3.455970525719238,48.00105600100005,11.09622500100005]",0.577403491,0,8.906153148,within_safe_vector_latitude,not_run+unchanged,2,
adm1,75662566B45163836206557,Tigray,ETH,True,"[36.451977916927326,12.265766119511818,39.98513896621056,14.830106947495278]","[36.451977916927326,12.265766119511818,39.98513896621056,14.830106947495278]",0.260421451,0,3.533161049,within_safe_vector_latitude,not_run+unchanged,1,
adm1,53030831B91072554514863,Northern,FJI,True,"[-180.0,-17.01546426699997,180.0000000000001,-16.146278380999945]","[-180.0,-17.01546426699997,180.0,-16.146278380999945]",0.178327417,0,1.464351284,within_safe_vector_latitude,not_run+unchanged,2,
adm1,53030831B61477600220974,Eastern,FJI,True,"[178.07147440676363,-19.163763713383883,178.4254150390001,-18.936412253583693]","[178.07147440676363,-19.163763713383883,178.4254150390001,-18.936412253583693]",0.093094552,0,0.353940632,within_safe_vector_latitude,not_run+unchanged,1,
adm1,53030831B39644845067980,Central,FJI,True,"[177.79967599000008,-18.272783094999966,178.65906467000002,-17.553563742999927]","[177.79967599000008,-18.272783094999966,178.65906467000002,-17.553563742999927]",0.280444834,0,0.85938868,within_safe_vector_latitude,not_run+unchanged,1,
adm1,53030831B88292306460023,Western,FJI,True,"[177.2462463380001,-18.229878075999977,178.45068690517093,-17.318777375411376]","[177.2462463380001,-18.229878075999977,178.45068690517093,-17.318777375411376]",0.280444834,0,1.204440567,within_safe_vector_latitude,not_run+unchanged,1,
adm1,49019192B30960840619879,Uusimaa,FIN,True,"[22.8098461,59.80807894939866,26.5453807,60.840852]","[22.8098461,59.80807894939866,26.5453807,60.840852]",0.1253159,0,3.7355346,within_safe_vector_latitude,not_run+unchanged,1,
adm1,49019192B17994066114322,Finland Proper,FIN,True,"[21.17301,59.84775,23.9205415,61.1014317]","[21.17301,59.84775,23.9205415,61.1014317]",0.1224163,0,2.711457943,within_safe_vector_latitude,not_run+unchanged,2,
adm1,49019192B95561484044627,Southern Savonia,FIN,True,"[26.2154806,61.1512995,29.6968164,62.654145]","[26.2154806,61.1512995,29.6968164,62.654145]",0.1746324,0,3.4813358,within_safe_vector_latitude,not_run+unchanged,2,
adm1,49019192B62635796201807,Northern Savonia,FIN,True,"[26.0398283,62.1410322,29.0976952,64.0367454]","[26.0398283,62.1410322,29.0976952,64.0367454]",0.2717901,0,3.0578669,within_safe_vector_latitude,not_run+unchanged,1,
adm1,49019192B65986062820565,Tavastia Proper,FIN,True,"[23.135147,60.5524993,25.26907,61.32485]","[23.135147,60.5524993,25.26907,61.32485]",0.1253159,0,2.133923,within_safe_vector_latitude,not_run+unchanged,1,
adm1,49019192B78555514573464,Central Finland,FIN,True,"[24.0130258,61.4507034,26.7803229,63.6122891]","[24.0130258,61.4507034,26.7803229,63.6122891]",0.1567354,0,2.7672971,within_safe_vector_latitude,not_run+unchanged,2,
adm1,49019192B21119876657643,Pirkanmaa,FIN,True,"[22.4341638,60.9397267,24.9705262,62.4943278]","[22.4341638,60.9397267,24.9705262,62.4943278]",0.1483302,0,2.5363624,within_safe_vector_latitude,not_run+unchanged,4,
adm1,49019192B43233145825563,South Ostrobothnia,FIN,True,"[21.5115953,61.979945,24.5842994,63.4980467]","[21.5115953,61.979945,24.5842994,63.4980467]",0.2233854,0,3.0727041,within_safe_vector_latitude,not_run+unchanged,2,
adm1,49019192B58135301868459,Keski-Pohjanmaa,FIN,True,"[22.815750122000054,63.1164238,25.0363247,64.0920722]","[22.815750122000054,63.1164238,25.0363247,64.0920722]",0.1319003,0,2.048962792,within_safe_vector_latitude,not_run+unchanged,1,
adm1,49019192B62240171763951,Päijät-Häme,FIN,True,"[24.8554792,60.6716512,26.544902,61.8014187]","[24.8554792,60.6716512,26.544902,61.8014187]",0.0952669,0,1.6894228,within_safe_vector_latitude,not_run+unchanged,2,
adm1,49019192B9539567772054,Lapland,FIN,True,"[20.550395610124337,65.58930085917697,30.0173409,70.091845]","[20.550395610124337,65.58930085917697,30.0173409,70.091845]",0.3641237,0,9.46694529,within_safe_vector_latitude,not_run+unchanged,4,
adm1,49019192B87432053307570,Northern Ostrobothnia,FIN,True,"[23.58390028344459,63.4291108,30.138463,66.4862015]","[23.58390028344459,63.4291108,30.138463,66.4862015]",0.4434706,0,6.554562717,within_safe_vector_latitude,not_run+unchanged,1,
adm1,49019192B44835655910893,Kainuu,FIN,True,"[26.2908962,63.6688119,30.5535801,65.5208252]","[26.2908962,63.6688119,30.5535801,65.5208252]",0.4434706,0,4.2626839,within_safe_vector_latitude,not_run+unchanged,1,
adm1,49019192B73736336897537,North Karelia,FIN,True,"[28.3592325,61.7220668,31.5867071,63.8824251]","[28.3592325,61.7220668,31.5867071,63.8824251]",0.237961,0,3.2274746,within_safe_vector_latitude,not_run+unchanged,1,
adm1,49019192B22299411224621,Ostrobothnia,FIN,True,"[21.075860977000048,61.9551785,23.7440812,63.8600347]","[21.075860977000048,61.9551785,23.7440812,63.8600347]",0.123339,0,2.668220223,within_safe_vector_latitude,not_run+unchanged,2,
adm1,49019192B88711432523249,Satakunta,FIN,True,"[21.334244748100833,60.8720007,23.0059027,62.311346]","[21.334244748100833,60.8720007,23.0059027,62.311346]",0.2233854,0,1.665096962,within_safe_vector_latitude,not_run+unchanged,4,
adm1,49019192B76795664887161,South Karelia,FIN,True,"[27.1211303,60.6666743,30.1439682,61.8643136]","[27.1211303,60.6666743,30.1439682,61.8643136]",0.1746324,0,3.0228379,within_safe_vector_latitude,not_run+unchanged,2,
adm1,49019192B6444665230203,Kymenlaakso,FIN,True,"[26.2344665,60.37501283086686,27.9906826911976,61.2925945]","[26.2344665,60.37501283086686,27.9906826911976,61.2925945]",0.0841613,0,1.756216191,within_safe_vector_latitude,not_run+unchanged,1,
adm1,49019192B86083853836544,Åland Islands,FIN,True,"[19.515861511000026,59.9026299,21.107221111000058,60.53741132094985]","[19.515861511000026,59.9026299,21.107221111000058,60.53741132094985]",0.015163335,0,0.639857344,within_safe_vector_latitude,not_run+unchanged,1,
adm1,98808126B17543062715179,Woleu-Ntem,GAB,True,"[10.392090666496962,0.224846204938952,13.271151948076158,2.318109001000039]","[10.392090666496962,0.224846204938952,13.271151948076158,2.318109001000039]",0.930707321,0,2.879061282,within_safe_vector_latitude,not_run+unchanged,2,
adm1,98808126B6174087794558,Estuaire,GAB,True,"[9.314003875511794,-0.598873078609353,10.965375507781776,1.029305040696316]","[9.314003875511794,-0.598873078609353,10.965375507781776,1.029305040696316]",0.567328635,0,1.651371632,within_safe_vector_latitude,not_run+unchanged,2,
adm1,98808126B18014785017467,Moyen-Ogooué,GAB,True,"[9.58247932224121,-1.279983790750211,11.583538229303752,0.239833379997864]","[9.58247932224121,-1.279983790750211,11.583538229303752,0.239833379997864]",0.730292017,0,2.001058907,within_safe_vector_latitude,not_run+unchanged,4,
adm1,98808126B26189030995048,Ogooué-Lolo,GAB,True,"[11.513828404550466,-1.906208139577919,13.582305173522192,0.322406545695008]","[11.513828404550466,-1.906208139577919,13.582305173522192,0.322406545695008]",0.896647143,0,2.068476769,within_safe_vector_latitude,not_run+unchanged,2,
adm1,98808126B76399587683442,Haut-Ogooué,GAB,True,"[12.77940661578501,-2.461648869515765,14.513260293090333,0.07629656688809]","[12.77940661578501,-2.461648869515765,14.513260293090333,0.07629656688809]",0.366825566,0,1.733853677,within_safe_vector_latitude,not_run+unchanged,2,
adm1,98808126B87109284652443,Ngounié,GAB,True,"[9.895377336190052,-2.798101336728375,12.504688,-0.582872467583277]","[9.895377336190052,-2.798101336728375,12.504688,-0.582872467583277]",0.480079857,0,2.609310664,within_safe_vector_latitude,not_run+unchanged,2,
adm1,98808126B47729285420158,Ogooué-Maritime,GAB,True,"[8.831666716382808,-2.777970005972579,10.640765090395561,-0.326368816644456]","[8.831666716382808,-2.777970005972579,10.640765090395561,-0.326368816644456]",0.480079857,0,1.809098374,within_safe_vector_latitude,not_run+unchanged,1,
adm1,98808126B61171791227044,Nyanga,GAB,True,"[10.052003987748664,-3.936508511798076,11.975,-2.281602952288322]","[10.052003987748664,-3.936508511798076,11.975,-2.281602952288322]",0.464450281,0,1.922996012,within_safe_vector_latitude,not_run+unchanged,2,
adm1,98808126B66499753932145,Ogooué-Ivindo	,GAB,True,"[11.313128812700217,-0.75111575577106,14.472432322599541,1.437218]","[11.313128812700217,-0.75111575577106,14.472432322599541,1.437218]",0.896647143,0,3.15930351,within_safe_vector_latitude,not_run+unchanged,2,
adm1,31243875B86288540800273,Banjul,GMB,True,"[-16.611196974999928,13.443287660000067,-16.57277184299994,13.469101997000053]","[-16.611196974999928,13.443287660000067,-16.57277184299994,13.469101997000053]",0.016693881,0,0.038425132,within_safe_vector_latitude,not_run+unchanged,1,
adm1,31243875B74768451122912,Basse,GMB,True,"[-14.546307618641043,13.218787533605155,-13.791518522233986,13.578625118345363]","[-14.546307618641043,13.218787533605155,-13.791518522233986,13.578625118345363]",0.051501754,0,0.754789096,within_safe_vector_latitude,not_run+unchanged,1,
adm1,31243875B88426941804625,Brikama,GMB,True,"[-16.81361001399995,13.065074713049102,-15.802020015384576,13.444025582000052]","[-16.81361001399995,13.065074713049102,-15.802020015384576,13.444025582000052]",0.039759937,0,1.011589999,within_safe_vector_latitude,not_run+unchanged,1,
adm1,31243875B72482523363184,Janjanbureh,GMB,True,"[-15.371290493999936,13.32172135585972,-14.498054391999972,13.724267018000035]","[-15.371290493999936,13.32172135585972,-14.498054391999972,13.724267018000035]",0.060601573,0,0.873236102,within_safe_vector_latitude,not_run+unchanged,1,
adm1,31243875B42421745591684,Kanifing,GMB,True,"[-16.724570133999975,13.384473644000025,-16.62951775099998,13.484500353000044]","[-16.724570133999975,13.384473644000025,-16.62951775099998,13.484500353000044]",0.024204551,0,0.095052383,within_safe_vector_latitude,not_run+unchanged,1,
adm1,31243875B21899311231896,Kerewan,GMB,True,"[-16.547560507999947,13.330836086909533,-15.304256726999938,13.642704240000057]","[-16.547560507999947,13.330836086909533,-15.304256726999938,13.642704240000057]",0.168496902,0,0.831551884,within_safe_vector_latitude,not_run+unchanged,1,
adm1,31243875B86283726287100,Kuntaur,GMB,True,"[-15.462575350999941,13.434686958000043,-14.451125346077959,13.82828988600005]","[-15.462575350999941,13.434686958000043,-14.451125346077959,13.82828988600005]",0.082339799,0,1.011450005,within_safe_vector_latitude,not_run+unchanged,1,
adm1,31243875B75097494588605,Mansakonko,GMB,True,"[-16.223115609597382,13.241212499000028,-15.167509540634954,13.558287642000039]","[-16.223115609597382,13.241212499000028,-15.167509540634954,13.558287642000039]",0.034441582,0,1.055606069,within_safe_vector_latitude,not_run+unchanged,1,
adm1,70788906B89532291078161,Laâyoune-Sakia El Hamra,MAR,True,"[-13.172297039999933,27.66726950219658,-9.871507646446025,28.210661900000026]","[-13.172297039999933,27.66726950219658,-9.871507646446025,28.210661900000026]",0.0768356,0,3.142922218,within_safe_vector_latitude,not_run+unchanged,2,
adm1,70788906B66040098455254,Tangier-Tetouan-Al Hoceima,MAR,True,"[-6.2434003,34.5147803,-3.8026885,35.92164092598116]","[-6.2434003,34.5147803,-3.8026885,35.92164092598116]",0.0747148,0,2.4407118,within_safe_vector_latitude,not_run+unchanged,1,
adm1,70788906B40056535803135,Oriental,MAR,True,"[-4.1231348,31.714172270728223,-0.998429,35.4371993]","[-4.1231348,31.714172270728223,-0.998429,35.4371993]",0.1365902,0,3.1247058,within_safe_vector_latitude,not_run+unchanged,2,
adm1,70788906B26242154300952,Drâa-Tafilalet,MAR,True,"[-7.7523821,29.476586,-3.112734,33.0979459]","[-7.7523821,29.476586,-3.112734,33.0979459]",0.1145439,0,4.6396481,within_safe_vector_latitude,not_run+unchanged,2,
adm1,70788906B1820144472977,Souss-Massa,MAR,True,"[-10.0098068,28.3110599,-6.3536511,31.166586]","[-10.0098068,28.3110599,-6.3536511,31.166586]",0.11111,0,3.6561557,within_safe_vector_latitude,not_run+unchanged,1,
adm1,70788906B64069740334949,Guelmim-Oued Noun,MAR,True,"[-11.78193046677838,27.66726947500007,-8.667610882999952,29.630643]","[-11.78193046677838,27.66726947500007,-8.667610882999952,29.630643]",0.11111,0,3.114319584,within_safe_vector_latitude,not_run+unchanged,2,
adm1,70788906B33851053053385,Casablanca-Settat,MAR,True,"[-9.059097008148271,32.2966291,-6.756936,33.830974430076914]","[-9.059097008148271,32.2966291,-6.756936,33.830974430076914]",0.0711188,0,2.302161008,within_safe_vector_latitude,not_run+unchanged,1,
adm1,70788906B60308563647099,Marrakech-Safi,MAR,True,"[-9.842343360321365,30.78595,-7.0020698,32.8142451]","[-9.842343360321365,30.78595,-7.0020698,32.8142451]",0.0853586,0,2.84027356,within_safe_vector_latitude,not_run+unchanged,2,
adm1,70788906B15955360211262,Rabat-Salé-Kenitra,MAR,True,"[-7.125267717118039,33.14883,-5.3151513,35.0155177]","[-7.125267717118039,33.14883,-5.3151513,35.0155177]",0.0475416,0,1.810116417,within_safe_vector_latitude,not_run+unchanged,1,
adm1,70788906B83815134303720,Fez-Meknes,MAR,True,"[-5.883109,32.60056,-2.899,34.88753]","[-5.883109,32.60056,-2.899,34.88753]",0.1365902,0,2.984109,within_safe_vector_latitude,not_run+unchanged,1,
adm1,70788906B63032885328780,Béni Mellal-Khénifra,MAR,True,"[-7.3211361,31.338992,-5.2412251,33.4826112]","[-7.3211361,31.338992,-5.2412251,33.4826112]",0.1145439,0,2.079911,within_safe_vector_latitude,not_run+unchanged,2,
adm1,27363107B79734749620930,Cabo Delgado,MOZ,True,"[37.9817432,-14.1599,40.638824815726245,-10.4738418]","[37.9817432,-14.1599,40.638824815726245,-10.4738418]",0.0688168,0,2.657081616,within_safe_vector_latitude,not_run+unchanged,2,
adm1,27363107B75878915981920,Nampula,MOZ,True,"[36.7246117,-16.88455054992398,40.8375248,-13.4546755]","[36.7246117,-16.88455054992398,40.8375248,-13.4546755]",0.4875883,0,4.1129131,within_safe_vector_latitude,not_run+unchanged,1,
adm1,27363107B36451567951769,Niassa,MOZ,True,"[34.37823061700004,-15.50047,38.4667794,-11.258687]","[34.37823061700004,-15.50047,38.4667794,-11.258687]",0.169539134,0,4.088548783,within_safe_vector_latitude,not_run+unchanged,1,
adm1,27363107B41711230736845,Gaza,MOZ,True,"[31.30744638333076,-25.379617066708068,34.4848133120652,-21.31087]","[31.30744638333076,-25.379617066708068,34.4848133120652,-21.31087]",0.1424719,0,3.177366929,within_safe_vector_latitude,not_run+unchanged,4,
adm1,27363107B61969177237563,Inhambane,MOZ,True,"[33.148,-24.86036623037981,35.60316671800797,-20.902697937629696]","[33.148,-24.86036623037981,35.60316671800797,-20.902697937629696]",0.2159637,0,2.455166718,within_safe_vector_latitude,not_run+unchanged,4,
adm1,27363107B35306436132920,Manica,MOZ,True,"[32.367250225974445,-21.59173,34.5732343,-16.4101331]","[32.367250225974445,-21.59173,34.5732343,-16.4101331]",0.25398,0,2.205984074,within_safe_vector_latitude,not_run+unchanged,2,
adm1,27363107B47421408423272,Maputo,MOZ,True,"[31.930636836028956,-26.868069323774915,33.14016,-24.2085]","[31.930636836028956,-26.868069323774915,33.14016,-24.2085]",0.0818,0,1.209523164,within_safe_vector_latitude,not_run+unchanged,1,
adm1,27363107B69852241850831,Sofala,MOZ,True,"[33.4398483,-21.3261484,36.475097565000056,-16.824228]","[33.4398483,-21.3261484,36.475097565000056,-16.824228]",0.25398,0,3.035249265,within_safe_vector_latitude,not_run+unchanged,2,
adm1,27363107B76405592745796,Tete,MOZ,True,"[30.21555,-17.7014718,35.34935,-13.997732079777519]","[30.21555,-17.7014718,35.34935,-13.997732079777519]",0.482493995,0,5.1338,within_safe_vector_latitude,not_run+unchanged,2,
adm1,27363107B53339704098913,Zambézia,MOZ,True,"[35.1434517,-18.6224293,39.14897296783057,-14.9966357]","[35.1434517,-18.6224293,39.14897296783057,-14.9966357]",0.4875883,0,4.005521268,within_safe_vector_latitude,not_run+unchanged,1,
adm1,33880854B69863127771221,Karas,NAM,True,"[14.807247502922841,-28.95936818429425,19.98268680834957,-25.00015255405878]","[14.807247502922841,-28.95936818429425,19.98268680834957,-25.00015255405878]",0.917630757,0,5.175439305,within_safe_vector_latitude,not_run+unchanged,1,
adm1,33880854B88093492826661,Kunene,NAM,True,"[11.737502061000043,-21.187595309975507,16.702991164011053,-16.963488172999973]","[11.737502061000043,-21.187595309975507,16.702991164011053,-16.963488172999973]",0.780830892,0,4.965489103,within_safe_vector_latitude,not_run+unchanged,1,
adm1,33880854B39435403846115,Omusati,NAM,True,"[14.136636182913549,-19.246680189638994,15.646931592618955,-17.39069347637059]","[14.136636182913549,-19.246680189638994,15.646931592618955,-17.39069347637059]",0.780830892,0,1.51029541,within_safe_vector_latitude,not_run+unchanged,1,
adm1,33880854B57415159388793,Ohangwena,NAM,True,"[15.559763282112918,-17.914513441841848,18.00048264279284,-17.389533154004653]","[15.559763282112918,-17.914513441841848,18.00048264279284,-17.389533154004653]",1.250673014,0,2.440719361,within_safe_vector_latitude,not_run+unchanged,1,
adm1,33880854B58776074421066,Kavango,NAM,True,"[18.0001729667091,-19.188905938258415,20.993436475612896,-17.389512173999947]","[18.0001729667091,-19.188905938258415,20.993436475612896,-17.389512173999947]",1.740886117,0,2.993263509,within_safe_vector_latitude,not_run+unchanged,1,
adm1,33880854B30097931647986,Caprivi,NAM,True,"[20.98645452595565,-18.46786387132056,25.179705793600295,-17.474539489605718]","[20.98645452595565,-18.46786387132056,25.179705793600295,-17.474539489605718]",1.505644532,0,4.193251268,within_safe_vector_latitude,not_run+unchanged,2,
adm1,33880854B64734184432756,Hardap,NAM,True,"[14.476128223421078,-25.85382211729683,19.98206669072522,-23.193054295119566]","[14.476128223421078,-25.85382211729683,19.98206669072522,-23.193054295119566]",0.917630757,0,5.505938467,within_safe_vector_latitude,not_run+unchanged,1,
adm1,33880854B88782591640533,Otjozondjupa,NAM,True,"[15.600732863331018,-22.37387948984656,20.979360470409404,-18.759991549969982]","[15.600732863331018,-22.37387948984656,20.979360470409404,-18.759991549969982]",1.740886117,0,5.378627607,within_safe_vector_latitude,not_run+unchanged,2,
adm1,33880854B27729008722613,Omaheke,NAM,True,"[17.963379347379032,-23.864488702191807,20.982625772961114,-20.242743421571618]","[17.963379347379032,-23.864488702191807,20.982625772961114,-20.242743421571618]",1.307620442,0,3.019246426,within_safe_vector_latitude,not_run+unchanged,2,
adm1,33880854B21847191895972,Erongo,NAM,True,"[13.628103061107424,-23.813636569472067,16.53297570176727,-20.487224622518283]","[13.628103061107424,-23.813636569472067,16.53297570176727,-20.487224622518283]",0.585080566,0,2.904872641,within_safe_vector_latitude,not_run+unchanged,2,
adm1,33880854B65893852220593,Khomas,NAM,True,"[15.74242964021579,-23.944584649262083,18.49564659961095,-21.70534148522131]","[15.74242964021579,-23.944584649262083,18.49564659961095,-21.70534148522131]",0.462504069,0,2.753216959,within_safe_vector_latitude,not_run+unchanged,2,
adm1,33880854B34649017289630,Oshana,NAM,True,"[15.287883741741325,-19.33065439198657,16.037915480015442,-17.67923064527804]","[15.287883741741325,-19.33065439198657,16.037915480015442,-17.67923064527804]",0.623011067,0,0.750031738,within_safe_vector_latitude,not_run+unchanged,1,
adm1,33880854B4413577706595,Oshikoto,NAM,True,"[15.850950148030961,-19.501548354273098,18.19457970478959,-17.695560398293708]","[15.850950148030961,-19.501548354273098,18.19457970478959,-17.695560398293708]",1.250673014,0,2.343629557,within_safe_vector_latitude,not_run+unchanged,1,
adm1,13066534B27338241074695,Abkhazia,GEO,True,"[40.007558198619215,42.42386333873254,42.13882054693073,43.58616982768364]","[40.007558198619215,42.42386333873254,42.13882054693073,43.58616982768364]",0.172942542,0,2.131262348,within_safe_vector_latitude,not_run+unchanged,1,
adm1,13066534B18810562533194,Kakheti,GEO,True,"[45.01451032659037,41.055190751467876,46.736119,42.572226293358355]","[45.01451032659037,41.055190751467876,46.736119,42.572226293358355]",0.087962054,0,1.721608673,within_safe_vector_latitude,not_run+unchanged,1,
adm1,13066534B60595656675538,Kvemo Kartli,GEO,True,"[43.670496340933425,41.164907,45.31507091389159,41.859275627468264]","[43.670496340933425,41.164907,45.31507091389159,41.859275627468264]",0.122142479,0,1.644574573,within_safe_vector_latitude,not_run+unchanged,2,
adm1,13066534B93111814336300,Tbilisi,GEO,True,"[44.67339225664739,41.641783800582004,44.98787847261349,41.82297728907071]","[44.67339225664739,41.641783800582004,44.98787847261349,41.82297728907071]",0.091254267,0,0.314486216,within_safe_vector_latitude,not_run+unchanged,1,
adm1,13066534B64349154399075,Mtskheta-Mtianeti,GEO,True,"[44.212198346576486,41.69672714264357,45.30055768678725,42.76116692871085]","[44.212198346576486,41.69672714264357,45.30055768678725,42.76116692871085]",0.122939461,0,1.08835934,within_safe_vector_latitude,not_run+unchanged,2,
adm1,13066534B71664328266075,Samtskhe–Javakheti,GEO,True,"[42.499095622564994,41.11467474225769,43.9639624545037,41.944277175951626]","[42.499095622564994,41.11467474225769,43.9639624545037,41.944277175951626]",0.219993756,0,1.464866832,within_safe_vector_latitude,not_run+unchanged,1,
adm1,13066534B27622454556820,Adjara,GEO,True,"[41.562122476968014,41.434872711242306,42.5999555918007,41.915433707199895]","[41.562122476968014,41.434872711242306,42.5999555918007,41.915433707199895]",0.0927401,0,1.037833115,within_safe_vector_latitude,not_run+unchanged,1,
adm1,13066534B95762165423207,Guria,GEO,True,"[41.69731326049862,41.797297305426355,42.66098894228588,42.17217630719085]","[41.69731326049862,41.797297305426355,42.66098894228588,42.17217630719085]",0.180449487,0,0.963675682,within_safe_vector_latitude,not_run+unchanged,1,
adm1,13066534B94010522959464,Shida Kartli,GEO,True,"[43.39934977547182,41.740858529297725,44.54686520626433,42.632490237850995]","[43.39934977547182,41.740858529297725,44.54686520626433,42.632490237850995]",0.122939461,0,1.147515431,within_safe_vector_latitude,not_run+unchanged,1,
adm1,13066534B65630723466818,Imereti,GEO,True,"[42.21452636529955,41.811555239882466,43.75969061852726,42.57266865643339]","[42.21452636529955,41.811555239882466,43.75969061852726,42.57266865643339]",0.219993756,0,1.545164253,within_safe_vector_latitude,not_run+unchanged,1,
adm1,13066534B45176100929029,Racha-Lechkhumi and Kvemo Svaneti,GEO,True,"[42.36009272350043,42.377338490878685,43.929455568319895,42.96272460445698]","[42.36009272350043,42.377338490878685,43.929455568319895,42.96272460445698]",0.127747678,0,1.569362845,within_safe_vector_latitude,not_run+unchanged,1,
adm1,13066534B80116330304733,Samegrelo-Zemo Svaneti,GEO,True,"[41.54973781084316,42.08692217820902,43.16453802940657,43.257029]","[41.54973781084316,42.08692217820902,43.16453802940657,43.257029]",0.180449487,0,1.614800219,within_safe_vector_latitude,not_run+unchanged,1,
adm1,10402087B60055985875400,Baden-Württemberg,DEU,True,"[7.512309793000043,47.46156662000004,10.48753524600005,49.79147765100004]","[7.512309793000043,47.46156662000004,10.48753524600005,49.79147765100004]",0.076960792,0,2.975225453,within_safe_vector_latitude,not_run+unchanged,2,
adm1,10402087B60477050509260,Bayern,DEU,True,"[8.975925859000029,47.270090382000035,13.840547110398687,50.56422474400006]","[8.975925859000029,47.270090382000035,13.840547110398687,50.56422474400006]",0.063630522,0,4.864621251,within_safe_vector_latitude,not_run+unchanged,4,
adm1,10402087B20892132820961,Berlin,DEU,True,"[13.08833321800006,52.338241836000066,13.754215103000035,52.674917150000056]","[13.08833321800006,52.338241836000066,13.754215103000035,52.674917150000056]",0.043548917,0,0.665881885,within_safe_vector_latitude,not_run+unchanged,1,
adm1,10402087B40185768535592,Brandenburg,DEU,True,"[11.265731921000054,51.361202020000064,14.765635282000062,53.558577928000034]","[11.265731921000054,51.361202020000064,14.765635282000062,53.558577928000034]",0.052060213,0,3.499903361,within_safe_vector_latitude,not_run+unchanged,1,
adm1,10402087B44391416804171,Bremen,DEU,True,"[8.481735119000064,53.011021380000045,8.984185253000021,53.61002843700004]","[8.481735119000064,53.011021380000045,8.984185253000021,53.61002843700004]",0.043830325,0,0.502450134,within_safe_vector_latitude,not_run+unchanged,1,
adm1,10402087B45896528657515,Hamburg,DEU,True,"[8.420749493215439,53.39527381000005,10.325959158000046,53.96405980700007]","[8.420749493215439,53.39527381000005,10.325959158000046,53.96405980700007]",0.042083222,0,0.592702082,within_safe_vector_latitude,not_run+unchanged,1,
adm1,10402087B85226028911536,Hessen,DEU,True,"[7.773359829000071,49.39555189300006,10.235998832000064,51.65744979700003]","[7.773359829000071,49.39555189300006,10.235998832000064,51.65744979700003]",0.056534523,0,2.462639003,within_safe_vector_latitude,not_run+unchanged,1,
adm1,10402087B60782008682549,Mecklenburg-Vorpommern,DEU,True,"[10.595046796000076,53.11155586000007,14.412266680363915,54.68395462520788]","[10.595046796000076,53.11155586000007,14.412266680363915,54.68395462520788]",0.069317404,0,3.817219884,within_safe_vector_latitude,not_run+unchanged,2,
adm1,10402087B38053019909436,Niedersachsen,DEU,True,"[6.657499790000031,51.29523190100008,11.597784507000028,53.89231951200003]","[6.657499790000031,51.29523190100008,11.597784507000028,53.89231951200003]",0.09194752,0,4.917339507,within_safe_vector_latitude,not_run+unchanged,2,
adm1,10402087B86022102756745,Nordrhein-Westfalen,DEU,True,"[5.849338390430849,50.321091230000036,9.461420513000064,52.531443429000035]","[5.849338390430849,50.321091230000036,9.461420513000064,52.531443429000035]",0.510617718,0,3.612082123,within_safe_vector_latitude,not_run+unchanged,1,
adm1,10402087B42728698084544,Rheinland-Pfalz,DEU,True,"[6.113387193751812,48.966571447000035,8.507987280000066,50.942335093000054]","[6.113387193751812,48.966571447000035,8.507987280000066,50.942335093000054]",0.043120635,0,2.394600086,within_safe_vector_latitude,not_run+unchanged,1,
adm1,10402087B83775792336645,Saarland,DEU,True,"[6.357666078000022,49.113971,7.403773228000034,49.639438288000065]","[6.357666078000022,49.113971,7.403773228000034,49.639438288000065]",0.025307051,0,1.04610715,within_safe_vector_latitude,not_run+unchanged,1,
adm1,10402087B89016843004490,Sachsen,DEU,True,"[11.871462575000066,50.17192336900007,15.041584620000037,51.68497371700005]","[11.871462575000066,50.17192336900007,15.041584620000037,51.68497371700005]",0.042622626,0,3.170122045,within_safe_vector_latitude,not_run+unchanged,1,
adm1,10402087B23625801106445,Sachsen-Anhalt,DEU,True,"[10.561226988000044,50.94306216100006,13.18707161900005,53.04155068600005]","[10.561226988000044,50.94306216100006,13.18707161900005,53.04155068600005]",0.052060213,0,2.625844631,within_safe_vector_latitude,not_run+unchanged,2,
adm1,10402087B46069870964378,Schleswig-Holstein,DEU,True,"[8.27855558400006,53.35983098500003,11.312513682483727,55.055442810000045]","[8.27855558400006,53.35983098500003,11.312513682483727,55.055442810000045]",0.089493904,0,2.851668965,within_safe_vector_latitude,not_run+unchanged,2,
adm1,10402087B67217417145666,Thüringen,DEU,True,"[9.876975922000042,50.20481895900008,12.654115090000062,51.64900827500003]","[9.876975922000042,50.20481895900008,12.654115090000062,51.64900827500003]",0.038362159,0,2.777139168,within_safe_vector_latitude,not_run+unchanged,2,
adm1,69750345B35244651716901,Western North Region,GHA,True,"[-3.260676,5.341265,-2.0772934,7.015697637255468]","[-3.260676,5.341265,-2.0772934,7.015697637255468]",0.091062,0,1.1833826,within_safe_vector_latitude,not_run+unchanged,1,
adm1,69750345B39836988306125,Ahafo Region,GHA,True,"[-2.8677543,6.3872127,-1.8507741,7.3416793]","[-2.8677543,6.3872127,-1.8507741,7.3416793]",0.0839024,0,1.0169802,within_safe_vector_latitude,not_run+unchanged,1,
adm1,69750345B43572680159989,Bono East Region,GHA,True,"[-2.1217424,7.1720558,0.214976,8.7748354]","[-2.1217424,7.1720558,0.214976,8.7748354]",0.1173211,0,2.3367184,within_safe_vector_latitude,not_run+unchanged,2,
adm1,69750345B26994269439887,Savannah Region,GHA,True,"[-2.781887698999981,7.9936918,-0.1422076,10.0824469]","[-2.781887698999981,7.9936918,-0.1422076,10.0824469]",0.1196885,0,2.639680099,within_safe_vector_latitude,not_run+unchanged,1,
adm1,69750345B94584643914501,North East Region,GHA,True,"[-1.6377822,9.93167289103188,0.417520001000071,10.7135406]","[-1.6377822,9.93167289103188,0.417520001000071,10.7135406]",0.075531,0,2.055302201,within_safe_vector_latitude,not_run+unchanged,2,
adm1,69750345B12045161590865,Oti Region,GHA,True,"[-0.3907812,7.089254,0.731247,8.7753129]","[-0.3907812,7.089254,0.731247,8.7753129]",0.0717906,0,1.1220282,within_safe_vector_latitude,not_run+unchanged,2,
adm1,69750345B38025690459934,Western Region,GHA,True,"[-3.109643613827349,4.7442626,-1.4393097,6.1350958]","[-3.109643613827349,4.7442626,-1.4393097,6.1350958]",0.0858876,0,1.670333914,within_safe_vector_latitude,not_run+unchanged,1,
adm1,69750345B54645730941985,Eastern Region,GHA,True,"[-1.2465632,5.7249147,0.2952685,7.1964522]","[-1.2465632,5.7249147,0.2952685,7.1964522]",0.261747055,0,1.5418317,within_safe_vector_latitude,not_run+unchanged,2,
adm1,69750345B37738609557703,Northern Region,GHA,True,"[-1.3677992,8.2315646,0.5670034,10.321676]","[-1.3677992,8.2315646,0.5670034,10.321676]",0.075531,0,1.9348026,within_safe_vector_latitude,not_run+unchanged,2,
adm1,69750345B67040307067067,Central Region,GHA,True,"[-2.1785525,5.0316861,-0.388010670004572,6.2992662]","[-2.1785525,5.0316861,-0.388010670004572,6.2992662]",0.261747055,0,1.79054183,within_safe_vector_latitude,not_run+unchanged,1,
adm1,69750345B3295588325057,Ashanti Region,GHA,True,"[-2.4484809,5.8548428,-0.2004562,7.620853]","[-2.4484809,5.8548428,-0.2004562,7.620853]",0.1582644,0,2.2480247,within_safe_vector_latitude,not_run+unchanged,1,
adm1,69750345B13833050062966,Bono Region,GHA,True,"[-3.10975074637315,6.8356582,-1.8937697,8.7865793]","[-3.10975074637315,6.8356582,-1.8937697,8.7865793]",0.0576782,0,1.215981046,within_safe_vector_latitude,not_run+unchanged,1,
adm1,69750345B58204744476950,Volta Region,GHA,True,"[0.0586933,5.771057520272837,1.199477743479308,7.3051631]","[0.0586933,5.771057520272837,1.199477743479308,7.3051631]",0.1117932,0,1.140784443,within_safe_vector_latitude,not_run+unchanged,1,
adm1,69750345B48673213774244,Upper West Region,GHA,True,"[-2.94234,9.6359364,-1.4247018,11.021375313000021]","[-2.94234,9.6359364,-1.4247018,11.021375313000021]",0.1196885,0,1.5176382,within_safe_vector_latitude,not_run+unchanged,1,
adm1,69750345B7467317238909,Upper East Region,GHA,True,"[-1.5730534,10.2783674,0.0344183,11.17483071977529]","[-1.5730534,10.2783674,0.0344183,11.17483071977529]",0.084438542,0,1.6074717,within_safe_vector_latitude,not_run+unchanged,2,
adm1,69750345B46963341226980,Greater Accra Region,GHA,True,"[-0.4994381,5.482224177943993,0.669634996460908,6.0350442]","[-0.4994381,5.482224177943993,0.669634996460908,6.0350442]",0.0643424,0,1.169073096,within_safe_vector_latitude,not_run+unchanged,2,
adm1,93993887B40019078264500,Agion Oros,GRC,True,"[23.99522994890045,40.1134090170444,24.39645749999981,40.437053680000076]","[23.99522994890045,40.1134090170444,24.39645749999981,40.437053680000076]",0.041483,0,0.401227551,within_safe_vector_latitude,not_run+unchanged,1,
adm1,93993887B64949910323779,Crete,GRC,True,"[23.517560999999727,34.80365549911528,26.31708738390178,35.694549499105456]","[23.517560999999727,34.80365549911528,26.31708738390178,35.694549499105456]",0.146807938,0,2.799526384,within_safe_vector_latitude,not_run+unchanged,1,
adm1,93993887B88980272284763,Attica,GRC,True,"[22.892129999999717,35.835420499104075,24.084476999999733,38.340297499081686]","[22.892129999999717,35.835420499104075,24.084476999999733,38.340297499081686]",0.10363,0,0.969565,within_safe_vector_latitude,not_run+unchanged,1,
adm1,93993887B93147517098288,Macedonia-Thrace,GRC,True,"[21.713618999999724,39.90958404700007,26.6340846940289,41.750652537584585]","[21.713618999999724,39.90958404700007,26.6340846940289,41.750652537584585]",0.107042,0,4.920465694,within_safe_vector_latitude,not_run+unchanged,4,
adm1,93993887B75841959134679,Epirus-Western Macedonia,GRC,True,"[20.163968999999792,38.94964973148369,22.19487399999977,40.94298822863223]","[20.163968999999792,38.94964973148369,22.19487399999977,40.94298822863223]",0.096694226,0,2.030905,within_safe_vector_latitude,not_run+unchanged,1,
adm1,93993887B43116936981453,Peloponisos-W. Greece & Ionian,GRC,True,"[19.639511499999713,36.403987999098355,23.45435449999977,39.82208252100003]","[19.639511499999713,36.403987999098355,23.45435449999977,39.82208252100003]",0.078501,0,2.347974,within_safe_vector_latitude,not_run+unchanged,2,
adm1,93993887B85814589700959,Egean,GRC,True,"[24.2657504999997,35.34335749910929,28.246591999999747,40.022682999070604]","[24.2657504999997,35.34335749910929,28.246591999999747,40.022682999070604]",0.073716,0,0.7719725,within_safe_vector_latitude,not_run+unchanged,1,
adm1,93993887B20638565859558,Thessalia-Central Greece,GRC,True,"[21.12211049999974,37.94955727389998,24.683510499999723,40.19665549906958]","[21.12211049999974,37.94955727389998,24.683510499999723,40.19665549906958]",0.10363,0,2.5683075,within_safe_vector_latitude,not_run+unchanged,2,
adm1,42512837B15316814347491,Northeast Greenland National Park,GRL,False,"[-61.44756317120334,70.82259578097057,-12.142167090999976,83.61592620177339]","[-61.44756317120334,70.82259578097057,-12.142167090999976,83.61592620177339]",12.444849971,0,49.30539608,rejected_outside_safe_vector_latitude,not_run+unchanged,0,outside_safe_vector_latitude
adm1,42512837B56880650870693,Avannaata,GRL,False,"[-72.82719421364203,68.73475282933697,-44.44730803908097,81.18372345100005]","[-72.82719421364203,68.73475282933697,-44.44730803908097,81.18372345100005]",8.201269119,0,28.379886175,rejected_outside_safe_vector_latitude,not_run+unchanged,0,outside_safe_vector_latitude
adm1,42512837B19798010135006,Sermersooq,GRL,True,"[-52.23536450233924,61.17563247715714,-21.51912116960625,71.99222963638869]","[-52.23536450233924,61.17563247715714,-21.51912116960625,71.99222963638869]",12.444849971,0,30.156220978,within_safe_vector_latitude,not_run+unchanged,16,
adm1,42512837B76623301896964,Kujalleq,GRL,True,"[-48.400598507943414,59.97671127300691,-42.11404488404034,62.86818974116369]","[-48.400598507943414,59.97671127300691,-42.11404488404034,62.86818974116369]",2.986221502,0,6.103484412,within_safe_vector_latitude,not_run+unchanged,4,
adm1,42512837B89373787162082,Qeqqata,GRL,True,"[-53.94540698038581,65.04440307604119,-44.33021864747258,67.76802063004811]","[-53.94540698038581,65.04440307604119,-44.33021864747258,67.76802063004811]",6.160523501,0,9.615188333,within_safe_vector_latitude,not_run+unchanged,4,
adm1,42512837B82481266018751,Qeqertalik,GRL,True,"[-53.746562082719834,67.49367523182656,-44.40043260660789,69.01024985104982]","[-53.746562082719834,67.49367523182656,-44.40043260660789,69.01024985104982]",3.849241683,0,9.346129476,within_safe_vector_latitude,not_run+unchanged,2,
adm1,93511190B48408833278115,Saint Andrew,GRD,True,"[-61.70159391876598,12.052154522086337,-61.60463714499997,12.173354247876716]","[-61.70159391876598,12.052154522086337,-61.60463714499997,12.173354247876716]",0.015954286,0,0.096956774,within_safe_vector_latitude,not_run+unchanged,1,
adm1,93511190B20758743929628,Saint David,GRD,True,"[-61.71507118590296,12.007588783532674,-61.636468277635764,12.075552880187502]","[-61.71507118590296,12.007588783532674,-61.636468277635764,12.075552880187502]",0.015954286,0,0.078602908,within_safe_vector_latitude,not_run+unchanged,1,
adm1,93511190B55681603978518,Saint Mark,GRD,True,"[-61.72434379999987,12.152051316281813,-61.67121296064357,12.219436107469825]","[-61.72434379999987,12.152051316281813,-61.67121296064357,12.219436107469825]",0.008018784,0,0.053130839,within_safe_vector_latitude,not_run+unchanged,1,
adm1,93511190B21658762393869,Saint John,GRD,True,"[-61.7532074,12.109235534791765,-61.68172066044531,12.17708140000002]","[-61.7532074,12.109235534791765,-61.68172066044531,12.17708140000002]",0.016508987,0,0.07148674,within_safe_vector_latitude,not_run+unchanged,1,
adm1,93511190B82420517640996,Saint George,GRD,True,"[-61.8002876,11.98830490000006,-61.69514082051825,12.110659271931524]","[-61.8002876,11.98830490000006,-61.69514082051825,12.110659271931524]",0.016508987,0,0.105146779,within_safe_vector_latitude,not_run+unchanged,1,
adm1,93511190B28979172348328,Saint Patrick,GRD,True,"[-61.6828734316832,12.167241795343102,-61.57873529999989,12.318241800000237]","[-61.6828734316832,12.167241795343102,-61.57873529999989,12.318241800000237]",0.011154913,0,0.077406147,within_safe_vector_latitude,not_run+unchanged,1,
adm1,93511190B76376744251170,Southern Grenadine Islands,GRD,True,"[-61.49813829999994,12.440361024000026,-61.42300965382372,12.525449210630324]","[-61.49813829999994,12.440361024000026,-61.42300965382372,12.525449210630324]",0.005785,0,0.075128646,within_safe_vector_latitude,not_run+unchanged,1,
adm1,42797286B38537109036861,Meneng,NRU,True,"[166.92888251821375,-0.545821386585923,166.94397788404743,-0.536988792698594]","[166.92888251821375,-0.545821386585923,166.94397788404743,-0.536988792698594]",0.00416565,0,0.015095366,within_safe_vector_latitude,not_run+unchanged,1,
adm1,42797286B56995611670757,Buada,NRU,True,"[166.91625422095558,-0.543429738091902,166.9368416199447,-0.527426709674842]","[166.91625422095558,-0.543429738091902,166.9368416199447,-0.527426709674842]",0.003556163,0,0.020587399,within_safe_vector_latitude,not_run+unchanged,1,
adm1,42797286B13012859405048,Anibare,NRU,True,"[166.93592313244665,-0.538549573304124,166.94800241146694,-0.52107145888067]","[166.93592313244665,-0.538549573304124,166.94800241146694,-0.52107145888067]",0.002156226,0,0.012079279,within_safe_vector_latitude,not_run+unchanged,1,
adm1,42797286B57716352557989,Ijuw,NRU,True,"[166.94391269331618,-0.522802250923121,166.95283508300008,-0.515180246571049]","[166.94391269331618,-0.522802250923121,166.95283508300008,-0.515180246571049]",0.00416565,0,0.00892239,within_safe_vector_latitude,not_run+unchanged,1,
adm1,42797286B10235022797721,Anabar,NRU,True,"[166.9398409399017,-0.522615404177486,166.95533752400002,-0.504267934017889]","[166.9398409399017,-0.522615404177486,166.95533752400002,-0.504267934017889]",0.002724145,0,0.015496584,within_safe_vector_latitude,not_run+unchanged,1,
adm1,42797286B47186779397710,Anetan,NRU,True,"[166.9388584296729,-0.51872112118275,166.9482394764707,-0.503397715831852]","[166.9388584296729,-0.51872112118275,166.9482394764707,-0.503397715831852]",0.003721098,0,0.009381047,within_safe_vector_latitude,not_run+unchanged,1,
adm1,42797286B43186886097675,Ewa,NRU,True,"[166.93036910385115,-0.520525666448703,166.94320185927847,-0.503523423966783]","[166.93036910385115,-0.520525666448703,166.94320185927847,-0.503523423966783]",0.003343715,0,0.012832755,within_safe_vector_latitude,not_run+unchanged,1,
adm1,42797286B47390171381253,Baiti,NRU,True,"[166.92571710066375,-0.524777089291206,166.94145132621782,-0.507324419386407]","[166.92571710066375,-0.524777089291206,166.94145132621782,-0.507324419386407]",0.003409803,0,0.015734226,within_safe_vector_latitude,not_run+unchanged,1,
adm1,42797286B16537422686347,Uaboe,NRU,True,"[166.92311156144945,-0.529149017513078,166.93875918229048,-0.512537925085155]","[166.92311156144945,-0.529149017513078,166.93875918229048,-0.512537925085155]",0.003826219,0,0.015647621,within_safe_vector_latitude,not_run+unchanged,1,
adm1,42797286B97017492085150,Nibok,NRU,True,"[166.91703379017736,-0.531222033070321,166.93735175138227,-0.515500531124587]","[166.91703379017736,-0.531222033070321,166.93735175138227,-0.515500531124587]",0.003942681,0,0.020317961,within_safe_vector_latitude,not_run+unchanged,1,
adm1,42797286B1837224955513,Denigomodu,NRU,True,"[166.91119618555558,-0.530713147193865,166.92529930172145,-0.521309020195076]","[166.91119618555558,-0.530713147193865,166.92529930172145,-0.521309020195076]",0.004059224,0,0.014103116,within_safe_vector_latitude,not_run+unchanged,1,
adm1,42797286B70192209207598,Aiwo,NRU,True,"[166.90981440601013,-0.541297675739171,166.9186040865095,-0.528485512995985]","[166.90981440601013,-0.541297675739171,166.9186040865095,-0.528485512995985]",0.004059224,0,0.00878968,within_safe_vector_latitude,not_run+unchanged,1,
adm1,42797286B93959359959633,Yaren,NRU,True,"[166.92114907929727,-0.546277761999931,166.9303468195501,-0.54078615665577]","[166.92114907929727,-0.546277761999931,166.9303468195501,-0.54078615665577]",0.00413513,0,0.00919774,within_safe_vector_latitude,not_run+unchanged,1,
adm1,42797286B3474402438736,Boe,NRU,True,"[166.9141788093607,-0.543956178337621,166.92252642655342,-0.539835681171724]","[166.9141788093607,-0.543956178337621,166.92252642655342,-0.539835681171724]",0.003595723,0,0.008347617,within_safe_vector_latitude,not_run+unchanged,1,
adm1,53557124B24572600119042,Alta Verapaz,GTM,True,"[-90.82069430000006,15.119660199999966,-89.41038360000002,16.07402553564946]","[-90.82069430000006,15.119660199999966,-89.41038360000002,16.07402553564946]",0.1224702,0,1.4103107,within_safe_vector_latitude,not_run+unchanged,2,
adm1,53557124B97439913802456,Suchitepéquez,GTM,True,"[-91.66896438883879,14.044478699999978,-91.09429160000006,14.71086230000002]","[-91.66896438883879,14.044478699999978,-91.09429160000006,14.71086230000002]",0.0761869,0,0.574672789,within_safe_vector_latitude,not_run+unchanged,1,
adm1,53557124B56180322240985,El Progreso,GTM,True,"[-90.4044195,14.648486300000034,-89.78060160000005,15.140331300000025]","[-90.4044195,14.648486300000034,-89.78060160000005,15.140331300000025]",0.0811859,0,0.6238179,within_safe_vector_latitude,not_run+unchanged,2,
adm1,53557124B14274164057878,Zacapa,GTM,True,"[-89.89299760000007,14.742078400000029,-89.15359580000005,15.29783150000003]","[-89.89299760000007,14.742078400000029,-89.15359580000005,15.29783150000003]",0.064117,0,0.7394018,within_safe_vector_latitude,not_run+unchanged,1,
adm1,53557124B7234641414324,Petén,GTM,True,"[-91.43977212299995,15.84432,-89.14699825197282,17.945112489163172]","[-91.43977212299995,15.84432,-89.14699825197282,17.945112489163172]",0.1224702,0,2.292773871,within_safe_vector_latitude,not_run+unchanged,2,
adm1,53557124B57493731306464,Quiché,GTM,True,"[-91.32616470000006,14.801934299999957,-90.41797130000005,16.074025511560034]","[-91.32616470000006,14.801934299999957,-90.41797130000005,16.074025511560034]",0.663304267,0,0.9081934,within_safe_vector_latitude,not_run+unchanged,1,
adm1,53557124B25298484445247,Chiquimula,GTM,True,"[-89.72040020000006,14.406185661445978,-89.13077078199996,14.9498394]","[-89.72040020000006,14.406185661445978,-89.13077078199996,14.9498394]",0.1010086,0,0.589629418,within_safe_vector_latitude,not_run+unchanged,1,
adm1,53557124B89655490483829,Sacatepéquez,GTM,True,"[-90.8799975,14.3831843,-90.6028879,14.72191230000001]","[-90.8799975,14.3831843,-90.6028879,14.72191230000001]",0.0910295,0,0.2771096,within_safe_vector_latitude,not_run+unchanged,1,
adm1,53557124B7049276162389,Guatemala,GTM,True,"[-90.75956770000006,14.256637300000012,-90.20348360000004,14.915144899999959]","[-90.75956770000006,14.256637300000012,-90.20348360000004,14.915144899999959]",0.028602,0,0.5560841,within_safe_vector_latitude,not_run+unchanged,1,
adm1,53557124B93889796431495,Izabal,GTM,True,"[-89.62686260000004,15.06827609999996,-88.23300193399996,15.965146431843095]","[-89.62686260000004,15.06827609999996,-88.23300193399996,15.965146431843095]",0.0998696,0,1.393860666,within_safe_vector_latitude,not_run+unchanged,1,
adm1,53557124B78393665096661,Jalapa,GTM,True,"[-90.27775560000002,14.4298783,-89.64834550000003,14.87186129999997]","[-90.27775560000002,14.4298783,-89.64834550000003,14.87186129999997]",0.090958,0,0.6294101,within_safe_vector_latitude,not_run+unchanged,2,
adm1,53557124B78398693011322,San Marcos,GTM,True,"[-92.22642863135783,14.486361931753049,-91.56922170000001,15.421815299551275]","[-92.22642863135783,14.486361931753049,-91.56922170000001,15.421815299551275]",0.0667359,0,0.657206931,within_safe_vector_latitude,not_run+unchanged,1,
adm1,53557124B22904219543889,Huehuetenango,GTM,True,"[-92.1156999456442,15.13395539999997,-91.046217,16.073355559506545]","[-92.1156999456442,15.13395539999997,-91.046217,16.073355559506545]",0.247846034,0,1.069482946,within_safe_vector_latitude,not_run+unchanged,1,
adm1,53557124B40850127361414,Totonicapán,GTM,True,"[-91.5573426,14.821033399999976,-91.17531560000005,15.253658199999968]","[-91.5573426,14.821033399999976,-91.17531560000005,15.253658199999968]",0.077949,0,0.382027,within_safe_vector_latitude,not_run+unchanged,1,
adm1,53557124B53470403358651,Quetzaltenango,GTM,True,"[-92.14001459999999,14.492971299999972,-91.40355659999999,15.22442430000001]","[-92.14001459999999,14.492971299999972,-91.40355659999999,15.22442430000001]",0.0531691,0,0.736458,within_safe_vector_latitude,not_run+unchanged,1,
adm1,53557124B13979183410132,Retalhuleu,GTM,True,"[-92.16420813524175,14.124321500000018,-91.51741760000007,14.7128693]","[-92.16420813524175,14.124321500000018,-91.51741760000007,14.7128693]",0.051747,0,0.646790535,within_safe_vector_latitude,not_run+unchanged,1,
adm1,53557124B73602535274933,Baja Verapaz,GTM,True,"[-90.80904,14.869509499999982,-89.90198550000007,15.2940763]","[-90.80904,14.869509499999982,-89.90198550000007,15.2940763]",0.09576,0,0.9070545,within_safe_vector_latitude,not_run+unchanged,2,
adm1,53557124B33357761119002,Sololá,GTM,True,"[-91.50664550000008,14.515316299999974,-91.06850450000002,14.893421300000036]","[-91.50664550000008,14.515316299999974,-91.06850450000002,14.893421300000036]",0.050102,0,0.438141,within_safe_vector_latitude,not_run+unchanged,1,
adm1,53557124B88187939081538,Escuintla,GTM,True,"[-91.53565540000007,13.912005171000033,-90.50906360000006,14.471570400000015]","[-91.53565540000007,13.912005171000033,-90.50906360000006,14.471570400000015]",0.0910295,0,1.0265918,within_safe_vector_latitude,not_run+unchanged,1,
adm1,53557124B66453733615856,Chimaltenango,GTM,True,"[-91.1305466,14.37342030000001,-90.61917840000007,14.938358399999967]","[-91.1305466,14.37342030000001,-90.61917840000007,14.938358399999967]",0.0237429,0,0.5113682,within_safe_vector_latitude,not_run+unchanged,1,
adm1,53557124B49951428420175,Jutiapa,GTM,True,"[-90.29877470000001,13.7428421,-89.49933660000005,14.5633043]","[-90.29877470000001,13.7428421,-89.49933660000005,14.5633043]",0.1010086,0,0.7994381,within_safe_vector_latitude,not_run+unchanged,2,
adm1,53557124B32978494135306,Santa Rosa,GTM,True,"[-90.62419860000004,13.800180099999963,-90.04692060000004,14.521224399999959]","[-90.62419860000004,13.800180099999963,-90.04692060000004,14.521224399999959]",0.090958,0,0.577278,within_safe_vector_latitude,not_run+unchanged,1,
adm1,38925275B86793894515453,Province 1,NPL,True,"[86.15592472007238,26.347837177231423,88.20287741285007,28.1130614101981]","[86.15592472007238,26.347837177231423,88.20287741285007,28.1130614101981]",0.031782115,0,2.046952693,within_safe_vector_latitude,not_run+unchanged,1,
adm1,38925275B32852473043531,Province 2,NPL,True,"[84.48389024690363,26.423813724106562,87.01430024154065,27.46316161001672]","[84.48389024690363,26.423813724106562,87.01430024154065,27.46316161001672]",0.035343533,0,2.530409995,within_safe_vector_latitude,not_run+unchanged,1,
adm1,38925275B1624743257395,Bagmati,NPL,True,"[83.91877313186824,26.919143286570666,86.57276297181393,28.38628471534208]","[83.91877313186824,26.919143286570666,86.57276297181393,28.38628471534208]",0.20676061,0,2.65398984,within_safe_vector_latitude,not_run+unchanged,1,
adm1,38925275B44970447822435,Gandaki,NPL,True,"[82.87763657104999,27.437823045655612,85.19787320843523,29.330864506248872]","[82.87763657104999,27.437823045655612,85.19787320843523,29.330864506248872]",0.042840876,0,2.320236637,within_safe_vector_latitude,not_run+unchanged,1,
adm1,38925275B41812398098692,Lumbini,NPL,True,"[81.05920125906565,27.33136094100007,84.02745400624873,28.869228169818356]","[81.05920125906565,27.33136094100007,84.02745400624873,28.869228169818356]",0.083273563,0,2.968252747,within_safe_vector_latitude,not_run+unchanged,1,
adm1,38925275B76883637113030,Karnali,NPL,True,"[80.98105142992615,28.15111158855588,83.67971114508951,30.447276505923647]","[80.98105142992615,28.15111158855588,83.67971114508951,30.447276505923647]",0.156369737,0,2.698659715,within_safe_vector_latitude,not_run+unchanged,1,
adm1,38925275B37881943378158,Sudurpaschim,NPL,True,"[80.05858451523449,28.394511115266123,81.80822236233283,30.226136005000058]","[80.05858451523449,28.394511115266123,81.80822236233283,30.226136005000058]",0.182773291,0,1.749637847,within_safe_vector_latitude,not_run+unchanged,1,
adm1,385441B97135885584055,Boke,GIN,True,"[-15.076794230999951,9.846420363030571,-12.563152865117054,12.67731]","[-15.076794230999951,9.846420363030571,-12.563152865117054,12.67731]",0.186514,0,2.359925967,within_safe_vector_latitude,not_run+unchanged,2,
adm1,385441B29247776226513,Conakry,GIN,True,"[-13.671839714999976,9.501786685851528,-13.46494,9.753296108000029]","[-13.671839714999976,9.501786685851528,-13.46494,9.753296108000029]",0.04615,0,0.206899715,within_safe_vector_latitude,not_run+unchanged,1,
adm1,385441B61717407014046,Faranah,GIN,True,"[-11.527931,8.809498,-9.597887,12.223350001000028]","[-11.527931,8.809498,-9.597887,12.223350001000028]",0.191197,0,1.930044,within_safe_vector_latitude,not_run+unchanged,4,
adm1,385441B85233176952124,Kankan,GIN,True,"[-10.908789,8.764279,-7.948704,12.506448]","[-10.908789,8.764279,-7.948704,12.506448]",0.191197,0,2.960085,within_safe_vector_latitude,not_run+unchanged,2,
adm1,385441B58689174477974,Kindia,GIN,True,"[-13.97925,9.04068308391249,-12.1251,11.38006]","[-13.97925,9.04068308391249,-12.1251,11.38006]",0.13499,0,1.85415,within_safe_vector_latitude,not_run+unchanged,2,
adm1,385441B21537995001042,Labe,GIN,True,"[-12.996361,10.987454,-11.052836,12.458891244000029]","[-12.996361,10.987454,-11.052836,12.458891244000029]",0.186514,0,1.943525,within_safe_vector_latitude,not_run+unchanged,4,
adm1,385441B8345275251802,Mamou,GIN,True,"[-12.97391,9.872337001000062,-11.137166,11.337719]","[-12.97391,9.872337001000062,-11.137166,11.337719]",0.139407,0,1.836744,within_safe_vector_latitude,not_run+unchanged,4,
adm1,385441B82784678606818,Nzerekore,GIN,True,"[-10.673990000999936,7.204307112142756,-7.641071532999945,9.587204]","[-10.673990000999936,7.204307112142756,-7.641071532999945,9.587204]",0.150742087,0,3.032918468,within_safe_vector_latitude,not_run+unchanged,1,
adm1,76643164B96925829526723,Bissau,GNB,True,"[-15.661570221558467,11.79511815654416,-15.53871616869836,11.94493149999997]","[-15.661570221558467,11.79511815654416,-15.53871616869836,11.94493149999997]",0.0090302,0,0.122854053,within_safe_vector_latitude,not_run+unchanged,1,
adm1,76643164B84174472060432,Bafatá,GNB,True,"[-15.07257,11.58999530000001,-14.318946200000024,12.67949033306447]","[-15.07257,11.58999530000001,-14.318946200000024,12.67949033306447]",0.386376,0,0.7536238,within_safe_vector_latitude,not_run+unchanged,1,
adm1,76643164B78535055467734,Biombo,GNB,True,"[-15.968043326999975,11.73437881600006,-15.5978662,12.028964099999987]","[-15.968043326999975,11.73437881600006,-15.5978662,12.028964099999987]",0.012301813,0,0.370177127,within_safe_vector_latitude,not_run+unchanged,1,
adm1,76643164B18917431809987,Bolama,GNB,True,"[-16.418632,11.021798,-15.31996154799998,11.697876799999966]","[-16.418632,11.021798,-15.31996154799998,11.697876799999966]",0.022920608,0,0.192337233,within_safe_vector_latitude,not_run+unchanged,2,
adm1,76643164B20603668674672,Cacheu,GNB,True,"[-16.715460119948784,11.757269100000016,-15.47995,12.5153384]","[-16.715460119948784,11.757269100000016,-15.47995,12.5153384]",0.118969633,0,1.187468273,within_safe_vector_latitude,not_run+unchanged,1,
adm1,76643164B38080973404583,Gabu,GNB,True,"[-14.552368700000015,11.556904865796398,-13.635815388188242,12.67696509585802]","[-14.552368700000015,11.556904865796398,-13.635815388188242,12.67696509585802]",0.1174278,0,0.916553312,within_safe_vector_latitude,not_run+unchanged,1,
adm1,76643164B92913079273182,Oio,GNB,True,"[-15.75711780000002,11.890023232000033,-14.84621,12.6862384]","[-15.75711780000002,11.890023232000033,-14.84621,12.6862384]",0.2095301,0,0.9109078,within_safe_vector_latitude,not_run+unchanged,1,
adm1,76643164B25325276017448,Quinara,GNB,True,"[-15.547164850961165,11.325415612000029,-14.823611499999984,11.95726726600003]","[-15.547164850961165,11.325415612000029,-14.823611499999984,11.95726726600003]",0.02758,0,0.723553351,within_safe_vector_latitude,not_run+unchanged,1,
adm1,76643164B14801811690770,Tombali,GNB,True,"[-15.419484137999973,10.92119111900007,-14.411393340201252,11.701188399999976]","[-15.419484137999973,10.92119111900007,-14.411393340201252,11.701188399999976]",0.074272,0,1.008090798,within_safe_vector_latitude,not_run+unchanged,2,
adm1,73500413B35208227968900,Barina-Waini,GUY,True,"[-60.714414,6.9615483,-58.79934,8.517707739878045]","[-60.714414,6.9615483,-58.79934,8.517707739878045]",0.088368,0,1.915074,within_safe_vector_latitude,not_run+unchanged,1,
adm1,73500413B77355957241998,Pomeroon-Supenaam,GUY,True,"[-59.210405,6.7308492,-58.476923839999984,7.6790101]","[-59.210405,6.7308492,-58.476923839999984,7.6790101]",0.094425599,0,0.73348116,within_safe_vector_latitude,not_run+unchanged,1,
adm1,73500413B61038187736836,Essequibo Islands-West Demerara,GUY,True,"[-58.8558739,6.0951847,-58.1728284,6.963820783098204]","[-58.8558739,6.0951847,-58.1728284,6.963820783098204]",0.094425599,0,0.408715365,within_safe_vector_latitude,not_run+unchanged,1,
adm1,73500413B28210658685043,Demerara-Mahaica,GUY,True,"[-58.3142154,6.0843595,-57.8774734,6.8269523]","[-58.3142154,6.0843595,-57.8774734,6.8269523]",0.0868008,0,0.436742,within_safe_vector_latitude,not_run+unchanged,1,
adm1,73500413B42913807349964,Cuyuni-Mazaruni,GUY,True,"[-61.414905,5.174695894026137,-58.570217,7.2025554]","[-61.414905,5.174695894026137,-58.570217,7.2025554]",0.1925,0,2.844688,within_safe_vector_latitude,not_run+unchanged,1,
adm1,73500413B80201159559449,Potaro-Siparuni,GUY,True,"[-60.159885,3.9991099,-58.3160959,5.7246366]","[-60.159885,3.9991099,-58.3160959,5.7246366]",0.126856937,0,1.8437891,within_safe_vector_latitude,not_run+unchanged,1,
adm1,73500413B44928754933782,Upper Takutu-Upper Essequibo,GUY,True,"[-59.99161260127266,1.164724001000025,-57.9493373,4.5201469]","[-59.99161260127266,1.164724001000025,-57.9493373,4.5201469]",0.0806617,0,2.042275301,within_safe_vector_latitude,not_run+unchanged,1,
adm1,73500413B27249657307617,Mahaica-Berbice,GUY,True,"[-58.1597231,5.844278,-57.53233816008856,6.705567632744327]","[-58.1597231,5.844278,-57.53233816008856,6.705567632744327]",0.0966999,0,0.62738494,within_safe_vector_latitude,not_run+unchanged,1,
adm1,73500413B7170020273928,East Berbice-Corentyne,GUY,True,"[-58.513969,1.441037951906525,-56.49112,6.3183499]","[-58.513969,1.441037951906525,-56.49112,6.3183499]",0.104710157,0,2.022849,within_safe_vector_latitude,not_run+unchanged,1,
adm1,73500413B72922726177356,Upper Demerara-Berbice,GUY,True,"[-58.9058505,4.6165547,-57.6312814,6.488595028898294]","[-58.9058505,4.6165547,-57.6312814,6.488595028898294]",0.0836028,0,1.2745691,within_safe_vector_latitude,not_run+unchanged,1,
adm1,49955354B91988968603803,Département de l'Ouest,HTI,True,"[-73.3006311,18.2582012,-71.69831692639852,18.9762486]","[-73.3006311,18.2582012,-71.69831692639852,18.9762486]",0.117993498,0,1.374561274,within_safe_vector_latitude,not_run+unchanged,1,
adm1,49955354B57760347032633,Département de la Grande-Anse,HTI,True,"[-74.47525518130385,18.3569252,-73.70044708299997,18.67374992400005]","[-74.47525518130385,18.3569252,-73.70044708299997,18.67374992400005]",0.0189884,0,0.743758081,within_safe_vector_latitude,not_run+unchanged,1,
adm1,49955354B18164660475406,Département des Nippes,HTI,True,"[-73.7799955,18.2212429,-72.9948994,18.586277008000025]","[-73.7799955,18.2212429,-72.9948994,18.586277008000025]",0.02166748,0,0.7850961,within_safe_vector_latitude,not_run+unchanged,1,
adm1,49955354B87386787470583,Département du Sud-Est,HTI,True,"[-73.0155929,18.0325614,-71.72170877314127,18.4055953]","[-73.0155929,18.0325614,-71.72170877314127,18.4055953]",0.053621183,0,1.293884127,within_safe_vector_latitude,not_run+unchanged,1,
adm1,49955354B91757075506973,Nord-Ouest Department,HTI,True,"[-73.45564228505044,19.6219778,-72.5624110190135,20.088388443000042]","[-73.45564228505044,19.6219778,-72.5624110190135,20.088388443000042]",0.0192397,0,0.893231266,within_safe_vector_latitude,not_run+unchanged,1,
adm1,49955354B70742132222307,Département du Nord,HTI,True,"[-72.6873737,19.2548727,-71.9702406,19.87925877715842]","[-72.6873737,19.2548727,-71.9702406,19.87925877715842]",0.0152084,0,0.7171331,within_safe_vector_latitude,not_run+unchanged,1,
adm1,49955354B96088034562700,Nord-Est Department,HTI,True,"[-72.1221173,19.2593329,-71.6799058,19.7347405]","[-72.1221173,19.2593329,-71.6799058,19.7347405]",0.0228856,0,0.4422115,within_safe_vector_latitude,not_run+unchanged,1,
adm1,49955354B32984500563227,Centre Department,HTI,True,"[-72.3646613,18.686619,-71.6238045,19.3345742]","[-72.3646613,18.686619,-71.6238045,19.3345742]",0.042090996,0,0.7408568,within_safe_vector_latitude,not_run+unchanged,1,
adm1,49955354B56880358607712,Artibonite Department,HTI,True,"[-73.1362863,18.8571506,-72.2006902,19.8155764]","[-73.1362863,18.8571506,-72.2006902,19.8155764]",0.0192397,0,0.9355961,within_safe_vector_latitude,not_run+unchanged,1,
adm1,49955354B58932724679351,Sud Department,HTI,True,"[-74.4506339,18.0221171,-73.0035563,18.4332424]","[-74.4506339,18.0221171,-73.0035563,18.4332424]",0.0245154,0,1.4470776,within_safe_vector_latitude,not_run+unchanged,1,
adm1,50493656B90517147106903,Ma'an,JOR,True,"[35.312060123276126,29.18503600100007,37.997158,31.27410749536466]","[35.312060123276126,29.18503600100007,37.997158,31.27410749536466]",0.945318189,0,2.685097877,within_safe_vector_latitude,not_run+unchanged,1,
adm1,50493656B94904250637342,Karak,JOR,True,"[35.365270037382345,30.77963209316428,36.22396511020173,31.45745122059742]","[35.365270037382345,30.77963209316428,36.22396511020173,31.45745122059742]",0.313744172,0,0.858695073,within_safe_vector_latitude,not_run+unchanged,1,
adm1,50493656B40052368003294,Madaba,JOR,True,"[35.475189811715765,31.424596896229843,35.874197144982304,31.82065029437564]","[35.475189811715765,31.424596896229843,35.874197144982304,31.82065029437564]",0.118838536,0,0.399007333,within_safe_vector_latitude,not_run+unchanged,1,
adm1,50493656B62478729305943,Balqa,JOR,True,"[35.518834,31.70771411603059,35.905515933613515,32.20616781993516]","[35.518834,31.70771411603059,35.905515933613515,32.20616781993516]",0.109567723,0,0.386681934,within_safe_vector_latitude,not_run+unchanged,2,
adm1,50493656B9527447842434,Jerash,JOR,True,"[35.68386530254173,32.1190067827369,35.9921325995399,32.34519493779618]","[35.68386530254173,32.1190067827369,35.9921325995399,32.34519493779618]",0.11176851,0,0.308267297,within_safe_vector_latitude,not_run+unchanged,1,
adm1,50493656B18053261503870,Ajloun,JOR,True,"[35.601933168281164,32.179165775380284,35.889010035784565,32.383775198866374]","[35.601933168281164,32.179165775380284,35.889010035784565,32.383775198866374]",0.127012038,0,0.287076868,within_safe_vector_latitude,not_run+unchanged,1,
adm1,50493656B72492647240238,Irbid,JOR,True,"[35.54668975560955,32.20271279196186,36.081421647690945,32.74704]","[35.54668975560955,32.20271279196186,36.081421647690945,32.74704]",0.127012038,0,0.534731892,within_safe_vector_latitude,not_run+unchanged,1,
adm1,50493656B24919758862355,Mafraq,JOR,True,"[35.92972458502163,31.704322481974614,39.30424007800008,33.380339310672326]","[35.92972458502163,31.704322481974614,39.30424007800008,33.380339310672326]",0.752782823,0,3.374515493,within_safe_vector_latitude,not_run+unchanged,2,
adm1,50493656B42397385377058,Tafilah,JOR,True,"[35.28731797270939,30.61188602841753,36.02775170475695,31.00124231558044]","[35.28731797270939,30.61188602841753,36.02775170475695,31.00124231558044]",0.316051114,0,0.740433732,within_safe_vector_latitude,not_run+unchanged,1,
adm1,50493656B99764555865464,Aqaba,JOR,True,"[34.957780489479184,29.237993321642218,35.73710590894972,30.71177700100003]","[34.957780489479184,29.237993321642218,35.73710590894972,30.71177700100003]",0.164693387,0,0.779325419,within_safe_vector_latitude,not_run+unchanged,1,
adm1,50493656B53844896346683,Amman,JOR,True,"[35.65839905986877,31.264953442847172,37.235864851436254,32.0771915559456]","[35.65839905986877,31.264953442847172,37.235864851436254,32.0771915559456]",0.945318189,0,1.577465792,within_safe_vector_latitude,not_run+unchanged,2,
adm1,50493656B99152079712432,Zarqa,JOR,True,"[35.86873136146323,31.50220393667529,37.801292901006974,32.2132068100463]","[35.86873136146323,31.50220393667529,37.801292901006974,32.2132068100463]",0.752782823,0,1.93256154,within_safe_vector_latitude,not_run+unchanged,2,
adm1,10453824B77004064719389,Gracias a Dios,HND,True,"[-85.0006619,14.615845,-83.14972962799999,15.980133005826177]","[-85.0006619,14.615845,-83.14972962799999,15.980133005826177]",0.0359546,0,1.850932272,within_safe_vector_latitude,not_run+unchanged,1,
adm1,10453824B39335940856231,Bay Islands,HND,True,"[-86.9900477,16.0688667,-83.92131180128379,17.415832571536903]","[-86.9900477,16.0688667,-83.92131180128379,17.415832571536903]",0.013360875,0,0.341292833,within_safe_vector_latitude,not_run+unchanged,1,
adm1,10453824B23263650177640,Choluteca,HND,True,"[-87.5148598,12.985942369445242,-86.70397710909673,13.7596015]","[-87.5148598,12.985942369445242,-86.70397710909673,13.7596015]",0.1474641,0,0.810882691,within_safe_vector_latitude,not_run+unchanged,1,
adm1,10453824B27729717308702,Colón,HND,True,"[-86.4573131025811,15.0709781,-84.99959369768459,16.0277138]","[-86.4573131025811,15.0709781,-84.99959369768459,16.0277138]",0.1407195,0,1.457719405,within_safe_vector_latitude,not_run+unchanged,1,
adm1,10453824B59135534570849,El Paraíso,HND,True,"[-87.2247309,13.5013302,-85.5697618886269,14.4224933]","[-87.2247309,13.5013302,-85.5697618886269,14.4224933]",0.0842222,0,1.654969011,within_safe_vector_latitude,not_run+unchanged,1,
adm1,10453824B23677570544502,Olancho,HND,True,"[-86.9912464,14.0461666,-84.9999104,15.596227]","[-86.9912464,14.0461666,-84.9999104,15.596227]",0.1407195,0,1.991336,within_safe_vector_latitude,not_run+unchanged,1,
adm1,10453824B78724193103152,Valle,HND,True,"[-87.81825,13.248835881490576,-87.3431942,13.8516149]","[-87.81825,13.248835881490576,-87.3431942,13.8516149]",0.0298369,0,0.4750558,within_safe_vector_latitude,not_run+unchanged,1,
adm1,10453824B27728388827872,Atlántida,HND,True,"[-87.8021971,15.4192394,-86.362148,15.9258701]","[-87.8021971,15.4192394,-86.362148,15.9258701]",0.0547814,0,1.4400491,within_safe_vector_latitude,not_run+unchanged,1,
adm1,10453824B65572632187118,Comayagua,HND,True,"[-88.0691281,14.0552428,-87.2093074,15.0552002]","[-88.0691281,14.0552428,-87.2093074,15.0552002]",0.1135638,0,0.8598207,within_safe_vector_latitude,not_run+unchanged,1,
adm1,10453824B73363653217090,Copán,HND,True,"[-89.22804261699997,14.4946079,-88.6371241,15.2942795]","[-89.22804261699997,14.4946079,-88.6371241,15.2942795]",0.0732994,0,0.590918517,within_safe_vector_latitude,not_run+unchanged,1,
adm1,10453824B86429592273305,Cortés,HND,True,"[-88.471972,14.7909293,-87.71916247358784,15.9195567]","[-88.471972,14.7909293,-87.71916247358784,15.9195567]",0.1646104,0,0.752809526,within_safe_vector_latitude,not_run+unchanged,1,
adm1,10453824B24427405220616,Francisco Morazán,HND,True,"[-87.6498253,13.6538985,-86.7108228,15.0331157]","[-87.6498253,13.6538985,-86.7108228,15.0331157]",0.0842222,0,0.9390025,within_safe_vector_latitude,not_run+unchanged,1,
adm1,10453824B62561105591680,Intibucá,HND,True,"[-88.51106236599416,13.848601001000077,-87.847652,14.6578092]","[-88.51106236599416,13.848601001000077,-87.847652,14.6578092]",0.0938745,0,0.663410366,within_safe_vector_latitude,not_run+unchanged,1,
adm1,10453824B11843061934635,La Paz,HND,True,"[-88.2362987,13.8301656,-87.5911601,14.4272984]","[-88.2362987,13.8301656,-87.5911601,14.4272984]",0.0825749,0,0.6451386,within_safe_vector_latitude,not_run+unchanged,1,
adm1,10453824B36949426591135,Lempira,HND,True,"[-88.9812429,13.9651913,-88.3156184,14.9462582]","[-88.9812429,13.9651913,-88.3156184,14.9462582]",0.0386835,0,0.6656245,within_safe_vector_latitude,not_run+unchanged,1,
adm1,10453824B83660155057128,Ocotepeque,HND,True,"[-89.3566735750084,14.225212676582931,-88.714524,14.7264303]","[-89.3566735750084,14.225212676582931,-88.714524,14.7264303]",0.0417137,0,0.642149575,within_safe_vector_latitude,not_run+unchanged,1,
adm1,10453824B33911095974475,Santa Bárbara,HND,True,"[-88.7592934,14.6426721,-87.9771042,15.5472873]","[-88.7592934,14.6426721,-87.9771042,15.5472873]",0.1646104,0,0.7821892,within_safe_vector_latitude,not_run+unchanged,1,
adm1,10453824B47889694645812,Yoro,HND,True,"[-87.9382247,14.8749868,-86.2286022,15.7250819]","[-87.9382247,14.8749868,-86.2286022,15.7250819]",0.0812387,0,1.7096225,within_safe_vector_latitude,not_run+unchanged,1,
adm1,22733592B46801225244053,Pest,HUN,True,"[18.69081407152362,46.91597140047452,20.087810748727634,48.058865]","[18.69081407152362,46.91597140047452,20.087810748727634,48.058865]",0.168284902,0,1.396996677,within_safe_vector_latitude,not_run+unchanged,1,
adm1,22733592B55295508761572,Szabolcs-Szatmár-Bereg,HUN,True,"[21.03424216203382,47.581475006106984,22.890594863696627,48.4149107630476]","[21.03424216203382,47.581475006106984,22.890594863696627,48.4149107630476]",0.178128393,0,1.856352702,within_safe_vector_latitude,not_run+unchanged,2,
adm1,22733592B65065142275382,Hajdú-Bihar,HUN,True,"[20.764360237620394,46.93364448660327,22.074133389178257,47.94640953489102]","[20.764360237620394,46.93364448660327,22.074133389178257,47.94640953489102]",0.294516557,0,1.309773152,within_safe_vector_latitude,not_run+unchanged,1,
adm1,22733592B38895068362950,Borsod-Abaúj-Zemplén,HUN,True,"[20.03140103407253,47.664212839208346,22.117264942752172,48.57371045625587]","[20.03140103407253,47.664212839208346,22.117264942752172,48.57371045625587]",0.178128393,0,2.085863909,within_safe_vector_latitude,not_run+unchanged,1,
adm1,22733592B56459880018469,Nógrád,HUN,True,"[18.965615430461355,47.68344876389557,20.05121442857711,48.24735979255577]","[18.965615430461355,47.68344876389557,20.05121442857711,48.24735979255577]",0.168284902,0,1.085598998,within_safe_vector_latitude,not_run+unchanged,1,
adm1,22733592B80362656403521,Heves,HUN,True,"[19.542927317125077,47.41665794512062,20.70836177995767,48.15119634727648]","[19.542927317125077,47.41665794512062,20.70836177995767,48.15119634727648]",0.173836988,0,1.165434463,within_safe_vector_latitude,not_run+unchanged,1,
adm1,22733592B23182986205710,Békés,HUN,True,"[20.392148500890926,46.2621271306225,21.665682438155272,47.21308051951519]","[20.392148500890926,46.2621271306225,21.665682438155272,47.21308051951519]",0.294516557,0,1.273533937,within_safe_vector_latitude,not_run+unchanged,1,
adm1,22733592B44371380589399,Csongrád-Csanád,HUN,True,"[19.65778751596872,46.13291857084016,20.78462453931411,46.782064899432726]","[19.65778751596872,46.13291857084016,20.78462453931411,46.782064899432726]",0.162188657,0,1.126837023,within_safe_vector_latitude,not_run+unchanged,1,
adm1,22733592B98149210561707,Jász-Nagykun-Szolnok,HUN,True,"[19.64568212341902,46.72187556579803,20.962531269870055,47.67894735377661]","[19.64568212341902,46.72187556579803,20.962531269870055,47.67894735377661]",0.173836988,0,1.316849146,within_safe_vector_latitude,not_run+unchanged,1,
adm1,22733592B67277482146773,Komárom-Esztergom,HUN,True,"[17.889965635023657,47.32464619800493,18.9184280487857,47.811136373343516]","[17.889965635023657,47.32464619800493,18.9184280487857,47.811136373343516]",0.159024802,0,1.028462414,within_safe_vector_latitude,not_run+unchanged,1,
adm1,22733592B30896182433416,Győr-Moson-Sopron,HUN,True,"[16.456706358289924,47.31975131733151,17.95040741886646,48.013094794191865]","[16.456706358289924,47.31975131733151,17.95040741886646,48.013094794191865]",0.18160741,0,1.493701061,within_safe_vector_latitude,not_run+unchanged,1,
adm1,22733592B45424907481292,Vas,HUN,True,"[16.12729934171324,46.710619152956895,17.33181518125116,47.45296591220364]","[16.12729934171324,46.710619152956895,17.33181518125116,47.45296591220364]",0.137732383,0,1.20451584,within_safe_vector_latitude,not_run+unchanged,1,
adm1,22733592B73257172814754,Zala,HUN,True,"[16.385395634893428,46.28919325860278,17.46570387864375,47.03087954088426]","[16.385395634893428,46.28919325860278,17.46570387864375,47.03087954088426]",0.124527459,0,1.080308244,within_safe_vector_latitude,not_run+unchanged,1,
adm1,22733592B83106366455538,Veszprém,HUN,True,"[17.119472688414817,46.72748550114312,18.241213819158986,47.488091589329144]","[17.119472688414817,46.72748550114312,18.241213819158986,47.488091589329144]",0.361234426,0,1.121741131,within_safe_vector_latitude,not_run+unchanged,1,
adm1,22733592B86637050333024,Baranya,HUN,True,"[17.446615961343515,45.747002708000025,18.8592248162426,46.371355300263644]","[17.446615961343515,45.747002708000025,18.8592248162426,46.371355300263644]",0.120729711,0,1.412608855,within_safe_vector_latitude,not_run+unchanged,1,
adm1,22733592B29270060230612,Somogy,HUN,True,"[16.909905306503504,45.859686000822705,18.230263645670277,46.95170980646486]","[16.909905306503504,45.859686000822705,18.230263645670277,46.95170980646486]",0.361234426,0,1.320358339,within_safe_vector_latitude,not_run+unchanged,1,
adm1,22733592B60351968143004,Tolna,HUN,True,"[18.083823366910735,46.098107740245894,19.015629371958255,46.821321882490054]","[18.083823366910735,46.098107740245894,19.015629371958255,46.821321882490054]",0.120729711,0,0.931806005,within_safe_vector_latitude,not_run+unchanged,1,
adm1,22733592B34864686161966,Bács-Kiskun,HUN,True,"[18.740856387622387,45.91737326309823,20.137510743405755,47.11321498269774]","[18.740856387622387,45.91737326309823,20.137510743405755,47.11321498269774]",0.165496712,0,1.396654356,within_safe_vector_latitude,not_run+unchanged,1,
adm1,22733592B12094485051524,Fejér,HUN,True,"[18.041556493780888,46.64738186241635,18.97089888617785,47.5746641677552]","[18.041556493780888,46.64738186241635,18.97089888617785,47.5746641677552]",0.127965571,0,0.929342392,within_safe_vector_latitude,not_run+unchanged,1,
adm1,53860390B39552912285510,Capital Region,ISL,True,"[-22.1254545,63.9774124,-21.1826773,64.3842428]","[-22.1254545,63.9774124,-21.1826773,64.3842428]",0.1386123,0,0.9427772,within_safe_vector_latitude,not_run+unchanged,1,
adm1,53860390B32173012790841,Eastern Region,ISL,True,"[-18.1709017,63.77310856637255,-13.4950962,65.9544271]","[-18.1709017,63.77310856637255,-13.4950962,65.9544271]",0.1530687,0,4.6758055,within_safe_vector_latitude,not_run+unchanged,1,
adm1,53860390B58519509441334,Northeastern Region,ISL,True,"[-19.04416368562226,64.6309351,-14.5301599,66.5367757]","[-19.04416368562226,64.6309351,-14.5301599,66.5367757]",0.1641569,0,4.514003786,within_safe_vector_latitude,not_run+unchanged,2,
adm1,53860390B72464321703569,Northwestern Region,ISL,True,"[-21.11277339905378,64.7762306,-18.2891932,66.15930484208765]","[-21.11277339905378,64.7762306,-18.2891932,66.15930484208765]",0.1430964,0,2.823580199,within_safe_vector_latitude,not_run+unchanged,1,
adm1,53860390B51423153689858,Westfjords,ISL,True,"[-24.527584075999982,64.9452973,-20.9777269,66.4694885]","[-24.527584075999982,64.9452973,-20.9777269,66.4694885]",0.1005256,0,3.549857176,within_safe_vector_latitude,not_run+unchanged,2,
adm1,53860390B73804128945228,Western Region,ISL,True,"[-24.04738553732563,64.30039215000005,-19.8794169,65.4839272]","[-24.04738553732563,64.30039215000005,-19.8794169,65.4839272]",0.2734573,0,4.167968637,within_safe_vector_latitude,not_run+unchanged,2,
adm1,53860390B87574894134156,Southern Peninsula,ISL,True,"[-22.7532359,63.80041081856996,-21.6694852,64.0828629]","[-22.7532359,63.80041081856996,-21.6694852,64.0828629]",0.2435998,0,1.0837507,within_safe_vector_latitude,not_run+unchanged,2,
adm1,53860390B85658391135359,Southern Region,ISL,True,"[-21.913085,63.3935507,-17.3029904,64.9730404]","[-21.913085,63.3935507,-17.3029904,64.9730404]",0.2734573,0,4.6100946,within_safe_vector_latitude,not_run+unchanged,1,
adm1,65028918B6690755070061,Bali,IDN,True,"[114.4318779,-8.8491526,115.71101636268244,-8.0615889]","[114.4318779,-8.8491526,115.71101636268244,-8.0615889]",0.036659391,0,1.279138463,within_safe_vector_latitude,not_run+unchanged,1,
adm1,65028918B98829509874887,West Nusa Tenggara,IDN,True,"[115.82538604700005,-9.107361296243964,119.1847721,-8.081250190999981]","[115.82538604700005,-9.107361296243964,119.1847721,-8.081250190999981]",0.038612,0,2.4693395,within_safe_vector_latitude,not_run+unchanged,1,
adm1,65028918B99918739720671,Banten,IDN,True,"[105.1099975,-6.9971086,106.7800127,-5.8793472]","[105.1099975,-6.9971086,106.7800127,-5.8793472]",0.0489929,0,1.5690546,within_safe_vector_latitude,not_run+unchanged,1,
adm1,65028918B13838862025135,Central Java,IDN,True,"[108.6119851,-8.2118159,111.67689185640396,-6.4041663]","[108.6119851,-8.2118159,111.67689185640396,-6.4041663]",0.0627478,0,3.064906756,within_safe_vector_latitude,not_run+unchanged,1,
adm1,65028918B28366581005022,West Java,IDN,True,"[106.3708302,-7.820708,108.8868189,-5.9156638]","[106.3708302,-7.820708,108.8868189,-5.9156638]",0.0725114,0,2.5159887,within_safe_vector_latitude,not_run+unchanged,1,
adm1,65028918B28198720309323,Central Kalimantan,IDN,True,"[110.734470447886,-3.5434106,115.8483506,0.7954077]","[110.734470447886,-3.5434106,115.8483506,0.7954077]",0.1003648,0,5.112098769,within_safe_vector_latitude,not_run+unchanged,4,
adm1,65028918B30993740608215,South Kalimantan,IDN,True,"[114.3519059,-4.937083242999961,116.55310252048832,-1.303257]","[114.3519059,-4.937083242999961,116.55310252048832,-1.303257]",0.1003648,0,2.20119662,within_safe_vector_latitude,not_run+unchanged,1,
adm1,65028918B19721185942402,West Kalimantan,IDN,True,"[108.84458160400004,-3.037083886682078,114.206948,2.0813052]","[108.84458160400004,-3.037083886682078,114.206948,2.0813052]",0.0531349,0,5.362366396,within_safe_vector_latitude,not_run+unchanged,4,
adm1,65028918B55787629749874,Central Sulawesi,IDN,True,"[119.4231492,-3.274583337999957,123.89654431000008,1.3554866]","[119.4231492,-3.274583337999957,123.89654431000008,1.3554866]",0.1048511,0,4.0291715,within_safe_vector_latitude,not_run+unchanged,3,
adm1,65028918B94020759558104,Gorontalo,IDN,True,"[121.1607682,0.3061748,123.5519226,1.031330245117941]","[121.1607682,0.3061748,123.5519226,1.031330245117941]",0.071928873,0,2.3911544,within_safe_vector_latitude,not_run+unchanged,1,
adm1,65028918B26897900130576,North Sulawesi,IDN,True,"[123.1140228,0.2915773,126.9101208,5.565995633226614]","[123.1140228,0.2915773,126.9101208,5.565995633226614]",0.0794384,0,2.1321268,within_safe_vector_latitude,not_run+unchanged,2,
adm1,65028918B17554737605304,South Sulawesi,IDN,True,"[119.3537229,-7.332464658999982,121.7913194,-1.8824829]","[119.3537229,-7.332464658999982,121.7913194,-1.8824829]",0.1048511,0,2.436865178,within_safe_vector_latitude,not_run+unchanged,1,
adm1,65028918B94007491868798,Southeast Sulawesi,IDN,True,"[120.86958313000002,-6.035252116905926,124.08205286802463,-2.7102475]","[120.86958313000002,-6.035252116905926,124.08205286802463,-2.7102475]",0.0956801,0,2.03749927,within_safe_vector_latitude,not_run+unchanged,2,
adm1,65028918B46678513676023,West Sulawesi,IDN,True,"[118.7575204,-3.5687785,119.9076386,-0.861188284739162]","[118.7575204,-3.5687785,119.9076386,-0.861188284739162]",0.0621489,0,1.1501182,within_safe_vector_latitude,not_run+unchanged,1,
adm1,65028918B93184959873838,Aceh,IDN,True,"[95.01448136451687,2.009867395871128,98.2862803,5.9072348]","[95.01448136451687,2.009867395871128,98.2862803,5.9072348]",0.0571494,0,3.086756656,within_safe_vector_latitude,not_run+unchanged,1,
adm1,65028918B30999004822283,Bengkulu,IDN,True,"[101.02486024166245,-5.508035952631471,103.78067,-2.2771362]","[101.02486024166245,-5.508035952631471,103.78067,-2.2771362]",0.0757384,0,2.755809758,within_safe_vector_latitude,not_run+unchanged,2,
adm1,65028918B29194895292819,Jambi,IDN,True,"[101.1226961,-2.7704315,104.48937075947337,-0.7462521]","[101.1226961,-2.7704315,104.48937075947337,-0.7462521]",0.0695038,0,3.366674659,within_safe_vector_latitude,not_run+unchanged,2,
adm1,65028918B88589358118692,Lampung,IDN,True,"[103.593361,-5.9426157,105.91378021300005,-3.7244541]","[103.593361,-5.9426157,105.91378021300005,-3.7244541]",0.085237,0,2.320419213,within_safe_vector_latitude,not_run+unchanged,1,
adm1,65028918B11286430647546,Riau,IDN,True,"[100.0723459,-1.1204131,103.80955505300005,2.55559590025767]","[100.0723459,-1.1204131,103.80955505300005,2.55559590025767]",0.2817575,0,3.737209153,within_safe_vector_latitude,not_run+unchanged,4,
adm1,65028918B4119458748300,West Sumatra,IDN,True,"[98.5963759,-3.348263929239149,101.8847502,0.8950394]","[98.5963759,-3.348263929239149,101.8847502,0.8950394]",0.0778203,0,2.7187891,within_safe_vector_latitude,not_run+unchanged,4,
adm1,65028918B9551391119865,South Sumatra,IDN,True,"[102.0634157,-4.9200983,106.08705902100007,-1.6308257]","[102.0634157,-4.9200983,106.08705902100007,-1.6308257]",0.085237,0,4.023643321,within_safe_vector_latitude,not_run+unchanged,1,
adm1,65028918B37605681672150,North Sumatra,IDN,True,"[97.05955032157225,-0.6383341,100.4401959,4.2992536]","[97.05955032157225,-0.6383341,100.4401959,4.2992536]",0.2817575,0,2.6406965,within_safe_vector_latitude,not_run+unchanged,2,
adm1,65028918B90323071856071,East Nusa Tenggara,IDN,True,"[118.93122100800008,-10.931678518999945,125.192625,-8.068778037999948]","[118.93122100800008,-10.931678518999945,125.192625,-8.068778037999948]",0.0435032,0,3.220638967,within_safe_vector_latitude,not_run+unchanged,2,
adm1,65028918B48178230554278,Maluku,IDN,True,"[125.7894202,-8.3454161,134.90799011400009,-2.7793338]","[125.7894202,-8.3454161,134.90799011400009,-2.7793338]",0.0389738,0,3.040456046,within_safe_vector_latitude,not_run+unchanged,1,
adm1,65028918B51364455052819,North Maluku,IDN,True,"[124.3040905,-2.4765374,129.5679168700001,2.642980615993925]","[124.3040905,-2.4765374,129.5679168700001,2.642980615993925]",0.041694641,0,1.505875,within_safe_vector_latitude,not_run+unchanged,2,
adm1,65028918B43243108525571,East Java,IDN,True,"[110.8972111,-8.7804544,115.57291412300003,-5.720416545999967]","[110.8972111,-8.7804544,115.57291412300003,-5.720416545999967]",0.0733144,0,3.705701803,within_safe_vector_latitude,not_run+unchanged,2,
adm1,65028918B10722647473585,Bangka-Belitung Islands,IDN,True,"[105.1096776,-3.266277789999947,109.27062940991733,-1.182496245999971]","[105.1096776,-3.266277789999947,109.27062940991733,-1.182496245999971]",0.0592232,0,1.734881116,within_safe_vector_latitude,not_run+unchanged,1,
adm1,65028918B90123187256494,Riau Islands,IDN,True,"[103.31138292900368,-0.682916640999963,109.1183074,4.7750028]","[103.31138292900368,-0.682916640999963,109.1183074,4.7750028]",0.0351696,0,0.572897758,within_safe_vector_latitude,not_run+unchanged,2,
adm1,65028918B16658067687714,Papua,IDN,True,"[134.2105454,-9.125206660032365,141.0194444,-0.621277749999933]","[134.2105454,-9.125206660032365,141.0194444,-0.621277749999933]",0.4873512,0,6.808899,within_safe_vector_latitude,not_run+unchanged,2,
adm1,65028918B84835514626455,West Papua,IDN,True,"[129.7201106,-4.2556478,135.2525669,-0.007916664999925]","[129.7201106,-4.2556478,135.2525669,-0.007916664999925]",0.4873512,0,4.32048377,within_safe_vector_latitude,not_run+unchanged,2,
adm1,65028918B68445169823185,East Kalimantan,IDN,True,"[113.8363265,-2.418734672945166,118.9873105,2.6086785]","[113.8363265,-2.418734672945166,118.9873105,2.6086785]",0.0635288,0,5.150984,within_safe_vector_latitude,not_run+unchanged,2,
adm1,65028918B52923737893214,North Kalimantan,IDN,True,"[114.56412,1.0460018,117.99724108761667,4.407675]","[114.56412,1.0460018,117.99724108761667,4.407675]",0.1282913,0,3.433121088,within_safe_vector_latitude,not_run+unchanged,1,
adm1,65028918B6070530336190,Special Region of Yogyakarta,IDN,True,"[110.0034806317471,-8.2041911,110.8386773,-7.5466415]","[110.0034806317471,-8.2041911,110.8386773,-7.5466415]",0.0348805,0,0.835196668,within_safe_vector_latitude,not_run+unchanged,1,
adm1,65028918B14696209246677,Jakarta Special Capital Region,IDN,True,"[106.685587,-6.371554,106.973945,-6.089905609035695]","[106.685587,-6.371554,106.973945,-6.089905609035695]",0.030439,0,0.288358,within_safe_vector_latitude,not_run+unchanged,1,
adm1,17685810B10287014873220,Mazandaran,IRN,True,"[50.35982359977936,35.761361100034776,54.13056179948751,36.9658360000314]","[50.35982359977936,35.761361100034776,54.13056179948751,36.9658360000314]",0.0908356,0,3.7707382,within_safe_vector_latitude,not_run+unchanged,1,
adm1,17685810B58703616021829,North Khorasan,IRN,True,"[55.908145999638236,36.5794443001144,58.422985599805656,38.300160825000034]","[55.908145999638236,36.5794443001144,58.422985599805656,38.300160825000034]",0.370648643,0,2.5148396,within_safe_vector_latitude,not_run+unchanged,2,
adm1,17685810B68217123081047,Kerman,IRN,True,"[54.33668179982527,26.48310649996506,59.5707959003106,31.960163100047055]","[54.33668179982527,26.48310649996506,59.5707959003106,31.960163100047055]",0.107224999,0,5.2341141,within_safe_vector_latitude,not_run+unchanged,4,
adm1,17685810B16876171097638,Ilam,IRN,True,"[45.69251999999807,32.04854200011329,48.035453899677805,34.037704099764426]","[45.69251999999807,32.04854200011329,48.035453899677805,34.037704099764426]",0.0844481,0,2.3429339,within_safe_vector_latitude,not_run+unchanged,1,
adm1,17685810B13889842409055,Lorestan,IRN,True,"[46.839391799492034,32.65344939967014,50.01953819952831,34.37799159993244]","[46.839391799492034,32.65344939967014,50.01953819952831,34.37799159993244]",0.0538924,0,3.1801464,within_safe_vector_latitude,not_run+unchanged,1,
adm1,17685810B67379877863322,Markazi,IRN,True,"[48.94976250013934,33.38408809978603,51.05097399965041,35.570808699761756]","[48.94976250013934,33.38408809978603,51.05097399965041,35.570808699761756]",0.0499992,0,2.1012115,within_safe_vector_latitude,not_run+unchanged,1,
adm1,17685810B6126582797818,Chaharmahal and Bakhtiari,IRN,True,"[49.50007719970307,31.150146500360734,51.43432819978665,32.80851330014872]","[49.50007719970307,31.150146500360734,51.43432819978665,32.80851330014872]",0.0615342,0,1.934251,within_safe_vector_latitude,not_run+unchanged,2,
adm1,17685810B90334917415902,Kermanshah,IRN,True,"[45.40766100026467,33.69091600037319,48.10500289996389,35.283279799723005]","[45.40766100026467,33.69091600037319,48.10500289996389,35.283279799723005]",0.2084759,0,2.6973419,within_safe_vector_latitude,not_run+unchanged,1,
adm1,17685810B60472007491578,Hamadan,IRN,True,"[47.80026539972846,34.001046500195855,49.46784079951334,35.73358240000783]","[47.80026539972846,34.001046500195855,49.46784079951334,35.73358240000783]",0.0555595,0,1.6675754,within_safe_vector_latitude,not_run+unchanged,1,
adm1,17685810B64585898126645,Qazvin,IRN,True,"[48.72474780027085,35.40270910014493,50.85651539946616,36.815557799552835]","[48.72474780027085,35.40270910014493,50.85651539946616,36.815557799552835]",0.0686385,0,2.131767599,within_safe_vector_latitude,not_run+unchanged,1,
adm1,17685810B84447356108506,Gilan,IRN,True,"[48.56917789984027,36.55938290020072,50.59266989999594,38.46033830017245]","[48.56917789984027,36.55938290020072,50.59266989999594,38.46033830017245]",0.082805634,0,2.023492,within_safe_vector_latitude,not_run+unchanged,1,
adm1,17685810B38369866596405,Zanjan,IRN,True,"[47.17411530028096,35.55107829982376,49.43367190013811,37.25168270019651]","[47.17411530028096,35.55107829982376,49.43367190013811,37.25168270019651]",0.056112999,0,2.2595566,within_safe_vector_latitude,not_run+unchanged,1,
adm1,17685810B43663780619119,Semnan,IRN,True,"[51.83416779950437,34.23938549974105,57.052363700124715,37.33234049961442]","[51.83416779950437,34.23938549974105,57.052363700124715,37.33234049961442]",0.0811157,0,5.218195901,within_safe_vector_latitude,not_run+unchanged,2,
adm1,17685810B20487167396081,Isfahan,IRN,True,"[49.63757719942828,30.701253299600126,55.49784400020053,34.51098399971187]","[49.63757719942828,30.701253299600126,55.49784400020053,34.51098399971187]",0.1058899,0,5.860266801,within_safe_vector_latitude,not_run+unchanged,2,
adm1,17685810B7382218659393,Kohgiluyeh and Boyer-Ahmad,IRN,True,"[49.88621150016064,29.924559500020962,51.88823689981314,31.481570599903307]","[49.88621150016064,29.924559500020962,51.88823689981314,31.481570599903307]",0.0675025,0,2.0020254,within_safe_vector_latitude,not_run+unchanged,1,
adm1,17685810B3064942505232,Kurdistan,IRN,True,"[45.55154369968204,34.73939019949813,48.251670299944465,36.463319699744375]","[45.55154369968204,34.73939019949813,48.251670299944465,36.463319699744375]",0.20540241,0,2.7001266,within_safe_vector_latitude,not_run+unchanged,1,
adm1,17685810B23440170667410,West Azerbaijan,IRN,True,"[44.032638708000036,35.96477206888295,47.392185000037784,39.7824624]","[44.032638708000036,35.96477206888295,47.392185000037784,39.7824624]",0.187947105,0,3.359546292,within_safe_vector_latitude,not_run+unchanged,2,
adm1,17685810B30738859401369,Fars,IRN,True,"[50.603183099720354,27.04561700022441,55.58006519994905,31.669327999887344]","[50.603183099720354,27.04561700022441,55.58006519994905,31.669327999887344]",0.0977821,0,4.9768821,within_safe_vector_latitude,not_run+unchanged,1,
adm1,17685810B83340129779815,Bushehr,IRN,True,"[50.10708236700003,27.274306499945055,52.943843300128265,30.294962399695066]","[50.10708236700003,27.274306499945055,52.943843300128265,30.294962399695066]",0.0544459,0,2.836760933,within_safe_vector_latitude,not_run+unchanged,1,
adm1,17685810B90918579754309,Ardabil,IRN,True,"[47.28717189856434,37.1030587999237,48.92225489984378,39.708781]","[47.28717189856434,37.1030587999237,48.92225489984378,39.708781]",0.0638929,0,1.635083001,within_safe_vector_latitude,not_run+unchanged,1,
adm1,17685810B1629292304739,Golestan,IRN,True,"[53.969422199774726,36.491659100087475,56.352017,38.127837001000046]","[53.969422199774726,36.491659100087475,56.352017,38.127837001000046]",0.535403779,0,2.3825948,within_safe_vector_latitude,not_run+unchanged,2,
adm1,17685810B98247647047819,Razavi Khorasan,IRN,True,"[56.22797359950209,33.85631199959914,61.39470790411542,37.705281]","[56.22797359950209,33.85631199959914,61.39470790411542,37.705281]",0.740865026,0,5.166734305,within_safe_vector_latitude,not_run+unchanged,2,
adm1,17685810B5034457967489,South Khorasan,IRN,True,"[55.38645200025968,30.51679460029061,60.945903499646874,35.096072099547825]","[55.38645200025968,30.51679460029061,60.945903499646874,35.096072099547825]",0.099916199,0,5.559451499,within_safe_vector_latitude,not_run+unchanged,4,
adm1,17685810B65996934059620,Sistan and Baluchestan,IRN,True,"[58.83103640010984,25.06038856600003,63.33205600018431,31.486519199501515]","[58.83103640010984,25.06038856600003,63.33205600018431,31.486519199501515]",0.498290757,0,4.5010196,within_safe_vector_latitude,not_run+unchanged,1,
adm1,17685810B1706611058442,Qom,IRN,True,"[50.08648109942328,34.151882599602345,51.96490459976752,35.18051539996577]","[50.08648109942328,34.151882599602345,51.96490459976752,35.18051539996577]",0.1058899,0,1.8784235,within_safe_vector_latitude,not_run+unchanged,1,
adm1,17685810B57153227405324,Alborz,IRN,True,"[50.16315169969124,35.5413610001101,51.4604323001106,36.34221419972556]","[50.16315169969124,35.5413610001101,51.4604323001106,36.34221419972556]",0.0775343,0,1.2972806,within_safe_vector_latitude,not_run+unchanged,1,
adm1,17685810B81741200709170,East Azerbaijan,IRN,True,"[45.08206419980303,36.745278100104315,48.33944770015131,39.42172560035624]","[45.08206419980303,36.745278100104315,48.33944770015131,39.42172560035624]",0.09510745,0,3.2573835,within_safe_vector_latitude,not_run+unchanged,1,
adm1,17685810B18940918043543,Yazd,IRN,True,"[52.800499899650674,29.596223300065276,56.65456389950441,33.364923600044165]","[52.800499899650674,29.596223300065276,56.65456389950441,33.364923600044165]",0.107224999,0,3.854064,within_safe_vector_latitude,not_run+unchanged,4,
adm1,17685810B64963005891064,Hormozgan,IRN,True,"[52.73792139975285,25.40382079999,59.241742500016414,28.881483600188062]","[52.73792139975285,25.40382079999,59.241742500016414,28.881483600188062]",0.0847254,0,6.5038211,within_safe_vector_latitude,not_run+unchanged,2,
adm1,17685810B99097995033086,Khuzestan,IRN,True,"[47.66411099982281,29.94544410700007,50.54956620012007,32.99712810028166]","[47.66411099982281,29.94544410700007,50.54956620012007,32.99712810028166]",0.117202441,0,2.8854552,within_safe_vector_latitude,not_run+unchanged,2,
adm1,17685810B50760377364469,Tehran,IRN,True,"[50.35234839985884,34.865238699706254,53.156903099798285,36.14010339955229]","[50.35234839985884,34.865238699706254,53.156903099798285,36.14010339955229]",0.0908356,0,2.8045547,within_safe_vector_latitude,not_run+unchanged,1,
adm1,17685810B76974127550435,Mazandaran,IRN,True,"[53.86026809979302,36.649449000371135,54.061041699814666,36.82148159969614]","[53.86026809979302,36.649449000371135,54.061041699814666,36.82148159969614]",0.0202798,0,0.2007736,within_safe_vector_latitude,not_run+unchanged,1,
adm1,90741666B95383716564687,Al-Anbar,IRQ,True,"[38.804410909939314,30.513761097000042,44.26047119200007,35.13619847800004]","[38.804410909939314,30.513761097000042,44.26047119200007,35.13619847800004]",1.188165926,0,5.456060282,within_safe_vector_latitude,not_run+unchanged,2,
adm1,90741666B6541054971840,Karbala,IRQ,True,"[43.273732911000025,32.18089201600003,44.25045354500003,32.797740248000025]","[43.273732911000025,32.18089201600003,44.25045354500003,32.797740248000025]",0.520538997,0,0.976720634,within_safe_vector_latitude,not_run+unchanged,1,
adm1,90741666B48190773870201,An-Najaf,IRQ,True,"[42.93575124900008,29.864156902296635,44.775333671000055,32.35878741800008]","[42.93575124900008,29.864156902296635,44.775333671000055,32.35878741800008]",0.520538997,0,1.839582422,within_safe_vector_latitude,not_run+unchanged,2,
adm1,90741666B44177402341950,Babil,IRQ,True,"[43.942410883000036,32.132060101000036,45.15795223400005,33.29317072300006]","[43.942410883000036,32.132060101000036,45.15795223400005,33.29317072300006]",0.227600952,0,1.215541351,within_safe_vector_latitude,not_run+unchanged,2,
adm1,90741666B78865175105083,Baghdad,IRQ,True,"[44.125232951000044,33.23017944500003,44.59856679600006,33.494493901000055]","[44.125232951000044,33.23017944500003,44.59856679600006,33.494493901000055]",0.227600952,0,0.473333845,within_safe_vector_latitude,not_run+unchanged,1,
adm1,90741666B96348295205066,Al-Qadisiyah,IRQ,True,"[44.44309290700005,31.288034615000072,45.77459053200005,32.45587941000008]","[44.44309290700005,31.288034615000072,45.77459053200005,32.45587941000008]",0.515660411,0,1.331497625,within_safe_vector_latitude,not_run+unchanged,4,
adm1,90741666B65782159470120,Al-Muthanna,IRQ,True,"[43.82448121017465,29.061208,46.74635042600005,31.774390482000058]","[43.82448121017465,29.061208,46.74635042600005,31.774390482000058]",0.577016498,0,2.921869216,within_safe_vector_latitude,not_run+unchanged,2,
adm1,90741666B18034483497899,Dhi Qar,IRQ,True,"[45.63559366900006,30.511378421000074,47.13804044500006,32.01226684100004]","[45.63559366900006,30.511378421000074,47.13804044500006,32.01226684100004]",0.5918907,0,1.502446776,within_safe_vector_latitude,not_run+unchanged,2,
adm1,90741666B36076314760085,Al-Basrah,IRQ,True,"[46.57564705300007,29.12954798932629,48.45741271500003,31.285295134000023]","[46.57564705300007,29.12954798932629,48.45741271500003,31.285295134000023]",0.50729633,0,1.881765662,within_safe_vector_latitude,not_run+unchanged,1,
adm1,90741666B47130783728166,Maysan,IRQ,True,"[46.36853284600005,31.15238970000007,47.861658953000074,32.869843122077796]","[46.36853284600005,31.15238970000007,47.861658953000074,32.869843122077796]",0.424748255,0,1.493126107,within_safe_vector_latitude,not_run+unchanged,2,
adm1,90741666B22138095387242,Wasit,IRQ,True,"[44.50079455700006,31.993152482000028,46.56236629499564,33.51158500100007]","[44.50079455700006,31.993152482000028,46.56236629499564,33.51158500100007]",0.5918907,0,2.061571738,within_safe_vector_latitude,not_run+unchanged,2,
adm1,90741666B29902093370976,Ninawa,IRQ,True,"[41.21510634400005,34.92292043600003,44.259473435000075,37.06983000215828]","[41.21510634400005,34.92292043600003,44.259473435000075,37.06983000215828]",0.686208855,0,3.044367091,within_safe_vector_latitude,not_run+unchanged,1,
adm1,90741666B81100048725045,Dohuk,IRQ,True,"[42.349250615000074,36.685622729000045,44.281585,37.380746001000034]","[42.349250615000074,36.685622729000045,44.281585,37.380746001000034]",0.353903452,0,1.932334385,within_safe_vector_latitude,not_run+unchanged,1,
adm1,90741666B48099694344995,Salah al-Din,IRQ,True,"[42.419728459000055,33.43331368200006,44.92393998800003,35.73832551700008]","[42.419728459000055,33.43331368200006,44.92393998800003,35.73832551700008]",0.576014733,0,2.504211529,within_safe_vector_latitude,not_run+unchanged,1,
adm1,90741666B43715208964458,Diyala,IRQ,True,"[44.30044160600005,33.073281723000036,45.96748589700373,35.155510341000024]","[44.30044160600005,33.073281723000036,45.96748589700373,35.155510341000024]",0.34774861,0,1.660796394,within_safe_vector_latitude,not_run+unchanged,2,
adm1,90741666B18027903150762,Kirkuk,IRQ,True,"[43.22494696700005,34.74383122800003,44.82646827800005,35.88150165700006]","[43.22494696700005,34.74383122800003,44.82646827800005,35.88150165700006]",0.421542608,0,1.601521311,within_safe_vector_latitude,not_run+unchanged,1,
adm1,90741666B26956950402634,Erbil,IRQ,True,"[43.31470508900003,35.50449207200006,45.07005945186371,37.28133820700003]","[43.31470508900003,35.50449207200006,45.07005945186371,37.28133820700003]",0.430871042,0,1.755354363,within_safe_vector_latitude,not_run+unchanged,2,
adm1,90741666B75227633199275,Al-Sulaimaniyah,IRQ,True,"[44.49006876000004,34.66086794000006,46.27415859300004,36.53472153900003]","[44.49006876000004,34.66086794000006,46.27415859300004,36.53472153900003]",0.255618308,0,1.784089833,within_safe_vector_latitude,not_run+unchanged,2,
adm1,36931253B39633918324997,Ulster,IRL,True,"[-8.805742959999975,53.765574138000034,-6.549729477999961,55.382056154955016]","[-8.805742959999975,53.765574138000034,-6.549729477999961,55.382056154955016]",0.219792231,0,1.882940617,within_safe_vector_latitude,not_run+unchanged,1,
adm1,36931253B83705839043930,Leinster,IRL,True,"[-8.083874477999927,52.123187862000066,-5.998090591999926,54.113874]","[-8.083874477999927,52.123187862000066,-5.998090591999926,54.113874]",0.052860749,0,2.085783886,within_safe_vector_latitude,not_run+unchanged,1,
adm1,36931253B96342403647060,Munster,IRL,True,"[-10.482109189272194,51.44764064700007,-6.951083042505611,53.167578554000045]","[-10.482109189272194,51.44764064700007,-6.951083042505611,53.167578554000045]",0.034226279,0,3.528354615,within_safe_vector_latitude,not_run+unchanged,1,
adm1,36931253B96239511377188,Connacht,IRL,True,"[-10.259086296083959,52.662004739000054,-7.584171039999944,54.47436824000005]","[-10.259086296083959,52.662004739000054,-7.584171039999944,54.47436824000005]",0.034226279,0,2.616938367,within_safe_vector_latitude,not_run+unchanged,1,
adm1,16772668B56556955248260,Pavlodar Region,KAZ,True,"[73.4057807,50.0134361,79.3390577,54.45754715368767]","[73.4057807,50.0134361,79.3390577,54.45754715368767]",0.3597019,0,5.933277,within_safe_vector_latitude,not_run+unchanged,2,
adm1,16772668B72218078944844,Jambyl Region,KAZ,True,"[69.0671103,42.3201236,75.8235176,46.0072627]","[69.0671103,42.3201236,75.8235176,46.0072627]",2.2589318,0,6.7564073,within_safe_vector_latitude,not_run+unchanged,1,
adm1,16772668B76678136902236,Kostanay Region,KAZ,True,"[59.993452,48.1702789,68.0920196,54.71675300100003]","[59.993452,48.1702789,68.0920196,54.71675300100003]",0.7403247,0,8.0985676,within_safe_vector_latitude,not_run+unchanged,4,
adm1,16772668B64618180863447,Mangystau Region,KAZ,True,"[50.231781574410554,41.251587001000075,56.7440651229948,46.5201311]","[50.231781574410554,41.251587001000075,56.7440651229948,46.5201311]",0.492214571,0,6.512283549,within_safe_vector_latitude,not_run+unchanged,2,
adm1,16772668B31479154893463,Karaganda Region,KAZ,True,"[62.9500893,45.9996097,77.7022768,51.3097862]","[62.9500893,45.9996097,77.7022768,51.3097862]",2.2589318,0,14.7521875,within_safe_vector_latitude,not_run+unchanged,4,
adm1,16772668B75519035879642,Kyzylorda Region,KAZ,True,"[59.0306023,42.3227065,68.0603024,47.8277265]","[59.0306023,42.3227065,68.0603024,47.8277265]",0.772239405,0,9.0297001,within_safe_vector_latitude,not_run+unchanged,2,
adm1,16772668B44102628557874,East Kazakhstan Region,KAZ,True,"[76.5899964,45.53514728784535,87.31540983067673,51.7086611]","[76.5899964,45.53514728784535,87.31540983067673,51.7086611]",0.879672627,0,10.725413431,within_safe_vector_latitude,not_run+unchanged,4,
adm1,16772668B11242448457004,Aktobe Region,KAZ,True,"[53.6305382,45.177495648251245,64.277174,51.3170692]","[53.6305382,45.177495648251245,64.277174,51.3170692]",0.5650657,0,10.6466358,within_safe_vector_latitude,not_run+unchanged,4,
adm1,16772668B56351958182156,Atyrau Region,KAZ,True,"[47.05037534738756,46.012055212604004,56.4718237,49.2403492]","[47.05037534738756,46.012055212604004,56.4718237,49.2403492]",0.8834842,0,9.421448353,within_safe_vector_latitude,not_run+unchanged,4,
adm1,16772668B94173460365652,South Kazakhstan Region,KAZ,True,"[65.9989794266345,40.568688499000075,70.943305,46.0005345]","[65.9989794266345,40.568688499000075,70.943305,46.0005345]",0.7599095,0,4.944325573,within_safe_vector_latitude,not_run+unchanged,4,
adm1,16772668B69662276924495,Akmola Region,KAZ,True,"[65.3524166,50.0391877,74.2600379,53.6800214]","[65.3524166,50.0391877,74.2600379,53.6800214]",0.43956,0,8.9076213,within_safe_vector_latitude,not_run+unchanged,2,
adm1,16772668B60014547909303,Almaty Region,KAZ,True,"[73.7220153,42.1142741768101,82.58772496494035,47.3308936]","[73.7220153,42.1142741768101,82.58772496494035,47.3308936]",0.5778454,0,8.865709665,within_safe_vector_latitude,not_run+unchanged,2,
adm1,16772668B79240574567699,North Kazakhstan Region,KAZ,True,"[65.9631147,52.2069604,74.0349607,55.4414358434695]","[65.9631147,52.2069604,74.0349607,55.4414358434695]",0.43956,0,8.071846,within_safe_vector_latitude,not_run+unchanged,2,
adm1,16772668B7707561767580,Almaty,KAZ,True,"[76.7382775,43.0328438,77.166726,43.4012265]","[76.7382775,43.0328438,77.166726,43.4012265]",0.0571694,0,0.4087362,within_safe_vector_latitude,not_run+unchanged,1,
adm1,16772668B81356436661636,West Kazakhstan Region,KAZ,True,"[46.492161,47.9204969,54.5652371,51.7758986]","[46.492161,47.9204969,54.5652371,51.7758986]",0.8834842,0,8.0730761,within_safe_vector_latitude,not_run+unchanged,2,
adm1,16772668B6136604360804,Astana,KAZ,True,"[71.2221711,51.0006766,71.7851103,51.3509429]","[71.2221711,51.0006766,71.7851103,51.3509429]",0.0827078,0,0.5059383,within_safe_vector_latitude,not_run+unchanged,1,
adm1,32016919B72266624462344,Turkana,KEN,True,"[33.99440942467984,0.918773829848419,36.7237129213143,5.033421001000022]","[33.99440942467984,0.918773829848419,36.7237129213143,5.033421001000022]",0.355529085,0,2.729303497,within_safe_vector_latitude,not_run+unchanged,1,
adm1,32016919B63496705134089,Marsabit,KEN,True,"[35.98542669021616,1.262880205756915,39.346755981403476,4.512324981032725]","[35.98542669021616,1.262880205756915,39.346755981403476,4.512324981032725]",0.579387665,0,3.361329291,within_safe_vector_latitude,not_run+unchanged,1,
adm1,32016919B2031803566233,Mandera,KEN,True,"[39.77526092455207,2.176254033796681,41.952559,4.283045292406371]","[39.77526092455207,2.176254033796681,41.952559,4.283045292406371]",0.259807016,0,2.177298075,within_safe_vector_latitude,not_run+unchanged,1,
adm1,32016919B89873713911655,Wajir,KEN,True,"[38.88861083961859,0.184287607886858,40.99256896938249,3.668095588940332]","[38.88861083961859,0.184287607886858,40.99256896938249,3.668095588940332]",0.248271942,0,2.10395813,within_safe_vector_latitude,not_run+unchanged,1,
adm1,32016919B96045830258165,West Pokot,KEN,True,"[34.78855895962835,1.116446853439584,35.79304885891776,2.651552915334833]","[34.78855895962835,1.116446853439584,35.79304885891776,2.651552915334833]",0.188247681,0,1.004489899,within_safe_vector_latitude,not_run+unchanged,1,
adm1,32016919B77230315601578,Samburu,KEN,True,"[36.28659057629409,0.56540656106398,38.0809249876981,2.51650381100211]","[36.28659057629409,0.56540656106398,38.0809249876981,2.51650381100211]",0.187103272,0,1.794334411,within_safe_vector_latitude,not_run+unchanged,1,
adm1,32016919B62684442090944,Isiolo,KEN,True,"[36.86436462392828,-0.084818542441724,39.4607620236485,2.097387790913842]","[36.86436462392828,-0.084818542441724,39.4607620236485,2.097387790913842]",0.579387665,0,2.5963974,within_safe_vector_latitude,not_run+unchanged,2,
adm1,32016919B50719068904883,Baringo,KEN,True,"[35.5228004445849,-0.226277113198194,36.48871612534896,1.663618565444494]","[35.5228004445849,-0.226277113198194,36.48871612534896,1.663618565444494]",0.304649353,0,0.965915681,within_safe_vector_latitude,not_run+unchanged,2,
adm1,32016919B59887050611600,Elgeyo-Marakwet,KEN,True,"[35.152141570876836,0.169496640757416,35.72079086320781,1.319006561903336]","[35.152141570876836,0.169496640757416,35.72079086320781,1.319006561903336]",0.188247681,0,0.568649292,within_safe_vector_latitude,not_run+unchanged,1,
adm1,32016919B1149170155930,Trans Nzoia,KEN,True,"[34.582534912431534,0.804289341080278,35.359626769959505,1.284198642053752]","[34.582534912431534,0.804289341080278,35.359626769959505,1.284198642053752]",0.075767517,0,0.777091858,within_safe_vector_latitude,not_run+unchanged,1,
adm1,32016919B68325359473156,Bungoma,KEN,True,"[34.36288849172639,0.420859784051856,35.0659828190519,1.148073873861895]","[34.36288849172639,0.420859784051856,35.0659828190519,1.148073873861895]",0.060539246,0,0.703094327,within_safe_vector_latitude,not_run+unchanged,1,
adm1,32016919B57902629823981,Garissa,KEN,True,"[38.66162109363859,-2.032892942555179,41.559163165158274,0.994680701553193]","[38.66162109363859,-2.032892942555179,41.559163165158274,0.994680701553193]",0.694969178,0,2.897542072,within_safe_vector_latitude,not_run+unchanged,2,
adm1,32016919B81086936948851,Uasin Gishu,KEN,True,"[34.85030364859455,0.008547484179076,35.589626312104656,0.944353997738858]","[34.85030364859455,0.008547484179076,35.589626312104656,0.944353997738858]",0.194091798,0,0.739322664,within_safe_vector_latitude,not_run+unchanged,1,
adm1,32016919B72187572718143,Kakamega,KEN,True,"[34.34331512409375,0.093925759366357,35.15405273544542,0.900631726173287]","[34.34331512409375,0.093925759366357,35.15405273544542,0.900631726173287]",0.045730592,0,0.810737611,within_safe_vector_latitude,not_run+unchanged,1,
adm1,32016919B40191501607276,Laikipia,KEN,True,"[36.18383789020652,-0.296194196105205,37.39510726898533,0.869399666361574]","[36.18383789020652,-0.296194196105205,37.39510726898533,0.869399666361574]",0.207557678,0,1.211269379,within_safe_vector_latitude,not_run+unchanged,2,
adm1,32016919B17784979587790,Busia,KEN,True,"[33.91181945760195,-0.026972249070013,34.43370056183153,0.776579836277354]","[33.91181945760195,-0.026972249070013,34.43370056183153,0.776579836277354]",0.060153098,0,0.521881104,within_safe_vector_latitude,not_run+unchanged,2,
adm1,32016919B42702125036935,Meru,KEN,True,"[37.088100432988654,-0.216473356260337,38.42070388797413,0.667436599619407]","[37.088100432988654,-0.216473356260337,38.42070388797413,0.667436599619407]",0.239517211,0,1.332603455,within_safe_vector_latitude,not_run+unchanged,2,
adm1,32016919B10848562282373,Nandi,KEN,True,"[34.73948288003095,-0.110338516908996,35.437477111679414,0.561479807147407]","[34.73948288003095,-0.110338516908996,35.437477111679414,0.561479807147407]",0.194091798,0,0.697994232,within_safe_vector_latitude,not_run+unchanged,2,
adm1,32016919B12007380424127,Siaya,KEN,True,"[33.94950727904015,-0.425351292228299,34.56075286755083,0.315218984568503]","[33.94950727904015,-0.425351292228299,34.56075286755083,0.315218984568503]",0.290284591,0,0.611245589,within_safe_vector_latitude,not_run+unchanged,2,
adm1,32016919B58088177642376,Nakuru,KEN,True,"[35.41246795663096,-1.155906557741389,36.59540939332891,0.234663083734347]","[35.41246795663096,-1.155906557741389,36.59540939332891,0.234663083734347]",0.155342102,0,1.182941437,within_safe_vector_latitude,not_run+unchanged,2,
adm1,32016919B20488296424250,Vihiga,KEN,True,"[34.53411483792945,-0.039797838699258,34.92514419594795,0.206707998775187]","[34.53411483792945,-0.039797838699258,34.92514419594795,0.206707998775187]",0.023681641,0,0.391029358,within_safe_vector_latitude,not_run+unchanged,2,
adm1,32016919B99956097556155,Nyandarua,KEN,True,"[36.1984367369659,-0.919995963343013,36.73263549822968,0.140295192569113]","[36.1984367369659,-0.919995963343013,36.73263549822968,0.140295192569113]",0.069492339,0,0.534198761,within_safe_vector_latitude,not_run+unchanged,2,
adm1,32016919B40030396675644,Tharaka,KEN,True,"[37.30778503455173,-0.450470983848788,38.30913162342574,0.068918533363671]","[37.30778503455173,-0.450470983848788,38.30913162342574,0.068918533363671]",0.24602127,0,1.001346589,within_safe_vector_latitude,not_run+unchanged,2,
adm1,32016919B28150779100642,Kericho,KEN,True,"[35.0073776246777,-0.49959409259327,35.67250824016321,0.027345037143789]","[35.0073776246777,-0.49959409259327,35.67250824016321,0.027345037143789]",0.053592682,0,0.665130615,within_safe_vector_latitude,not_run+unchanged,2,
adm1,32016919B35081513576883,Kisumu,KEN,True,"[34.41142654459941,-0.41597601727932,35.3422126773732,0.023905311081307]","[34.41142654459941,-0.41597601727932,35.3422126773732,0.023905311081307]",0.173957825,0,0.930786133,within_safe_vector_latitude,not_run+unchanged,2,
adm1,32016919B26862024603939,Nyeri,KEN,True,"[36.60126495381462,-0.643566906087813,37.30778503455173,0.009813352804031]","[36.60126495381462,-0.643566906087813,37.30778503455173,0.009813352804031]",0.172374726,0,0.706520081,within_safe_vector_latitude,not_run+unchanged,2,
adm1,32016919B56782604912852,Tana River,KEN,True,"[38.43415069599786,-3.072925806380795,40.7306175230803,-0.015475102893618]","[38.43415069599786,-3.072925806380795,40.7306175230803,-0.015475102893618]",0.671230149,0,2.296466827,within_safe_vector_latitude,not_run+unchanged,1,
adm1,32016919B87039477224343,Kitui,KEN,True,"[37.593978882019826,-3.068603038699223,39.075111389379174,-0.051475637090959]","[37.593978882019826,-3.068603038699223,39.075111389379174,-0.051475637090959]",0.448577881,0,1.481132507,within_safe_vector_latitude,not_run+unchanged,1,
adm1,32016919B58720683486854,Kirinyaga,KEN,True,"[37.14412689244216,-0.785334110680594,37.49588775621504,-0.15107406711445]","[37.14412689244216,-0.785334110680594,37.49588775621504,-0.15107406711445]",0.10678482,0,0.351760864,within_safe_vector_latitude,not_run+unchanged,1,
adm1,32016919B43560273720920,Embu,KEN,True,"[37.26639938332494,-0.914591372393886,37.936466217442046,-0.15107406711445]","[37.26639938332494,-0.914591372393886,37.936466217442046,-0.15107406711445]",0.24602127,0,0.670066834,within_safe_vector_latitude,not_run+unchanged,1,
adm1,32016919B3301153840115,Homa Bay,KEN,True,"[33.925475,-0.865385711281476,35.02141571086639,-0.258051634175501]","[33.925475,-0.865385711281476,35.02141571086639,-0.258051634175501]",0.290284591,0,1.095940711,within_safe_vector_latitude,not_run+unchanged,1,
adm1,32016919B53683499362611,Bomet,KEN,True,"[35.01192855755693,-1.033715247760426,35.586650847558644,-0.365401982815229]","[35.01192855755693,-1.033715247760426,35.586650847558644,-0.365401982815229]",0.190567015,0,0.57472229,within_safe_vector_latitude,not_run+unchanged,1,
adm1,32016919B45734544235065,Nyamira,KEN,True,"[34.78871154759992,-0.889456570364359,35.09113693222372,-0.41240471590487]","[34.78871154759992,-0.889456570364359,35.09113693222372,-0.41240471590487]",0.062244415,0,0.302425385,within_safe_vector_latitude,not_run+unchanged,1,
adm1,32016919B83281423333591,Narok,KEN,True,"[34.59032821697366,-2.10440587962762,36.346176147711105,-0.456003576204012]","[34.59032821697366,-2.10440587962762,36.346176147711105,-0.456003576204012]",0.983589172,0,1.755847931,within_safe_vector_latitude,not_run+unchanged,1,
adm1,32016919B92888924192138,Kisii,KEN,True,"[34.61848449736169,-0.973187685063579,35.0129585268146,-0.501332163748316]","[34.61848449736169,-0.973187685063579,35.0129585268146,-0.501332163748316]",0.237297059,0,0.394474029,within_safe_vector_latitude,not_run+unchanged,1,
adm1,32016919B92229445677015,Murang'a,KEN,True,"[36.701690673785606,-1.094736576032119,37.420040130947314,-0.566658258871485]","[36.701690673785606,-1.094736576032119,37.420040130947314,-0.566658258871485]",0.040401458,0,0.718349457,within_safe_vector_latitude,not_run+unchanged,1,
adm1,32016919B50702580177250,Migori,KEN,True,"[33.93153421890101,-1.388866309908347,34.73052938498599,-0.65173906080895]","[33.93153421890101,-1.388866309908347,34.73052938498599,-0.65173906080895]",0.149444175,0,0.798995166,within_safe_vector_latitude,not_run+unchanged,1,
adm1,32016919B11020559484650,Kiambu,KEN,True,"[36.48822784383998,-1.315209150082183,37.36281967129082,-0.758491694835811]","[36.48822784383998,-1.315209150082183,37.36281967129082,-0.758491694835811]",0.169410706,0,0.874591827,within_safe_vector_latitude,not_run+unchanged,1,
adm1,32016919B39119671019936,Machakos,KEN,True,"[36.87598037719272,-1.780179499584165,37.868122100954224,-0.773649692379365]","[36.87598037719272,-1.780179499584165,37.868122100954224,-0.773649692379365]",0.144172668,0,0.992141724,within_safe_vector_latitude,not_run+unchanged,1,
adm1,32016919B31527762068828,Kajiado,KEN,True,"[36.000205993411896,-3.185665369361232,37.939403533646214,-1.04936659359339]","[36.000205993411896,-3.185665369361232,37.939403533646214,-1.04936659359339]",0.561031343,0,1.93919754,within_safe_vector_latitude,not_run+unchanged,1,
adm1,32016919B57908315498598,Nairobi,KEN,True,"[36.659870147289496,-1.44406020601366,37.10439682025708,-1.160461426053928]","[36.659870147289496,-1.44406020601366,37.10439682025708,-1.160461426053928]",0.051490784,0,0.444526673,within_safe_vector_latitude,not_run+unchanged,1,
adm1,32016919B42227953152284,Makueni,KEN,True,"[37.14151763902788,-2.991049289792841,38.51908493002554,-1.517181157884067]","[37.14151763902788,-2.991049289792841,38.51908493002554,-1.517181157884067]",0.252132415,0,1.377567291,within_safe_vector_latitude,not_run+unchanged,1,
adm1,32016919B38538724963648,Lamu,KEN,True,"[40.207935333348985,-2.467885091554116,41.55918252400005,-1.658891502125597]","[40.207935333348985,-2.467885091554116,41.55918252400005,-1.658891502125597]",0.694969178,0,1.351247191,within_safe_vector_latitude,not_run+unchanged,1,
adm1,32016919B27781338411646,Kilifi,KEN,True,"[39.09228515613512,-3.992775089410083,40.240806852646685,-2.310055970706458]","[39.09228515613512,-3.992775089410083,40.240806852646685,-2.310055970706458]",0.671230149,0,1.148521697,within_safe_vector_latitude,not_run+unchanged,1,
adm1,32016919B21030921481039,Taita Taveta,KEN,True,"[37.58527548752883,-4.137198598358555,39.217807769912724,-2.679865360098233]","[37.58527548752883,-4.137198598358555,39.217807769912724,-2.679865360098233]",0.661619125,0,1.632532282,within_safe_vector_latitude,not_run+unchanged,1,
adm1,32016919B50438423394723,Kwale,KEN,True,"[38.4464952665568,-4.67687988300014,39.640686035432225,-3.562988280584648]","[38.4464952665568,-4.67687988300014,39.640686035432225,-3.562988280584648]",0.743385104,0,1.194190769,within_safe_vector_latitude,not_run+unchanged,1,
adm1,32016919B10079274489584,Mombasa,KEN,True,"[39.56628418007091,-4.155029297264207,39.76145035392123,-3.918701171921498]","[39.56628418007091,-4.155029297264207,39.76145035392123,-3.918701171921498]",0.02154541,0,0.119543616,within_safe_vector_latitude,not_run+unchanged,1,
adm1,97431129B55805139245338,Gilbert Islands,KIR,True,"[172.76639514939066,-2.669544768730506,176.84538269000006,3.100416661000054]","[172.76639514939066,-2.669544768730506,176.84538269000006,3.100416661000054]",0.012568138,0,0.103074371,within_safe_vector_latitude,not_run+unchanged,2,
adm1,97431129B36644055464690,Phoenix Islands,KIR,True,"[-171.72341219999998,-2.870315700000028,173.16437549999998,1.634616931309602]","[-171.72341219999998,-2.870315700000028,173.16437549999998,1.634616931309602]",0.0133005,0,0.148050898,within_safe_vector_latitude,not_run+unchanged,3,
adm1,97431129B35506555718846,Line Islands,KIR,True,"[-160.3923950301015,1.697444439000037,-157.16369439999997,4.699116594893019]","[-160.3923950301015,1.697444439000037,-157.16369439999997,4.699116594893019]",0.0175738,0,0.397337932,within_safe_vector_latitude,not_run+unchanged,2,
adm1,3916807B5646338397672,Jagang,PRK,True,"[125.41125743000009,39.99054718000008,127.50563049300001,41.808651001000044]","[125.41125743000009,39.99054718000008,127.50563049300001,41.808651001000044]",0.775666544,0,2.094373063,within_safe_vector_latitude,not_run+unchanged,2,
adm1,3916807B60771411413787,Kangwon,PRK,True,"[126.67915344200003,38.16282350406528,128.36344985200003,39.413047791000054]","[126.67915344200003,38.16282350406528,128.36344985200003,39.413047791000054]",0.281791585,0,1.68429641,within_safe_vector_latitude,not_run+unchanged,1,
adm1,3916807B42842403076429,Nampo,PRK,True,"[125.13713179593847,38.60652923600003,125.62979126000005,39.042457581000065]","[125.13713179593847,38.60652923600003,125.62979126000005,39.042457581000065]",0.078094483,0,0.492659464,within_safe_vector_latitude,not_run+unchanged,1,
adm1,3916807B66197610677259,North Hamgyong,PRK,True,"[128.8066406250001,40.57040260086775,130.67479335329617,43.01129103900007]","[128.8066406250001,40.57040260086775,130.67479335329617,43.01129103900007]",0.054962158,0,1.868152728,within_safe_vector_latitude,not_run+unchanged,2,
adm1,3916807B54689859523154,North Hwanghae,PRK,True,"[125.52026367200006,37.770829,127.01914978000002,39.16999054000007]","[125.52026367200006,37.770829,127.01914978000002,39.16999054000007]",0.066070557,0,1.498886108,within_safe_vector_latitude,not_run+unchanged,1,
adm1,3916807B80386364257881,North Pyongan,PRK,True,"[124.20588055365991,39.52708435200003,126.37109375000011,40.65540320100007]","[124.20588055365991,39.52708435200003,126.37109375000011,40.65540320100007]",0.098342895,0,2.054866139,within_safe_vector_latitude,not_run+unchanged,1,
adm1,3916807B24987303688366,Pyongyang,PRK,True,"[125.57499694800003,38.89368820200008,126.38889312700007,39.283607483000026]","[125.57499694800003,38.89368820200008,126.38889312700007,39.283607483000026]",0.066070557,0,0.813896179,within_safe_vector_latitude,not_run+unchanged,1,
adm1,3916807B2118550659035,Ryanggang,PRK,True,"[126.91110229500009,40.41387939500004,129.05801391600005,42.099484811841386]","[126.91110229500009,40.41387939500004,129.05801391600005,42.099484811841386]",0.755555019,0,2.146911621,within_safe_vector_latitude,not_run+unchanged,2,
adm1,3916807B59695090380014,South Hamgyong,PRK,True,"[126.66970825200008,39.20433807400008,129.16059024658242,41.17804718000008]","[126.66970825200008,39.20433807400008,129.16059024658242,41.17804718000008]",0.091674805,0,2.490881995,within_safe_vector_latitude,not_run+unchanged,2,
adm1,3916807B69422143587516,South Hwanghae,PRK,True,"[124.65294492500004,37.67708206200007,126.44193267800006,38.70920053700007]","[124.65294492500004,37.67708206200007,126.44193267800006,38.70920053700007]",0.051933289,0,1.788987753,within_safe_vector_latitude,not_run+unchanged,1,
adm1,3916807B57216784573597,South Pyongan,PRK,True,"[125.21066237100001,38.90776825000006,127.17858886700003,40.33749389600007]","[125.21066237100001,38.90776825000006,127.17858886700003,40.33749389600007]",0.078094483,0,1.967926496,within_safe_vector_latitude,not_run+unchanged,1,
adm1,68945753B85747362819570,Gangwon,KOR,True,"[126.98135280954492,36.61174490020704,129.47120201855842,38.61827866100003]","[126.98135280954492,36.61174490020704,129.47120201855842,38.61827866100003]",0.281791585,0,2.489849209,within_safe_vector_latitude,not_run+unchanged,1,
adm1,68945753B43731078897969,Gyeonggi,KOR,True,"[126.36915123773952,36.87893789306935,127.83109175038408,38.205882355348216]","[126.36915123773952,36.87893789306935,127.83109175038408,38.205882355348216]",0.223862305,0,1.300075279,within_safe_vector_latitude,not_run+unchanged,1,
adm1,68945753B70752081047384,South Chungcheong,KOR,True,"[126.13095136781146,35.98708018670129,127.61901167215103,37.008368231109046]","[126.13095136781146,35.98708018670129,127.61901167215103,37.008368231109046]",0.22437907,0,1.488060304,within_safe_vector_latitude,not_run+unchanged,1,
adm1,68945753B50642023031709,Incheon,KOR,True,"[126.35702514600007,37.38054404694949,126.79580610636674,37.55202342394193]","[126.35702514600007,37.38054404694949,126.79580610636674,37.55202342394193]",0.115806144,0,0.206278061,within_safe_vector_latitude,not_run+unchanged,1,
adm1,68945753B82824634329413,North Jeolla,KOR,True,"[126.41822350421137,35.276632594818466,127.91852827426055,36.13262685784326]","[126.41822350421137,35.276632594818466,127.91852827426055,36.13262685784326]",0.22437907,0,1.50030477,within_safe_vector_latitude,not_run+unchanged,1,
adm1,68945753B5424648896322,South Jeolla,KOR,True,"[126.11573326857558,34.28937409084165,127.8018543800238,35.462021796568706]","[126.11573326857558,34.28937409084165,127.8018543800238,35.462021796568706]",0.142213541,0,1.522547239,within_safe_vector_latitude,not_run+unchanged,1,
adm1,68945753B56309283475968,South Gyeongsang,KOR,True,"[127.61746137943919,34.7043698428685,129.26571502934195,35.88706045217816]","[127.61746137943919,34.7043698428685,129.26571502934195,35.88706045217816]",0.15875,0,1.64825365,within_safe_vector_latitude,not_run+unchanged,1,
adm1,68945753B18996591190839,Busan,KOR,True,"[128.96314962300832,35.08124405090848,129.1977812742482,35.27076731985596]","[128.96314962300832,35.08124405090848,129.1977812742482,35.27076731985596]",0.104647694,0,0.234631651,within_safe_vector_latitude,not_run+unchanged,1,
adm1,68945753B85001375391280,Ulsan,KOR,True,"[129.0026998227387,35.318612493485126,129.45905595576778,35.68218923604445]","[129.0026998227387,35.318612493485126,129.45905595576778,35.68218923604445]",0.143557129,0,0.456356133,within_safe_vector_latitude,not_run+unchanged,1,
adm1,68945753B22494711915469,North Gyeongsang,KOR,True,"[127.79998253796384,35.53018300983808,130.90292371741003,37.53796172205618]","[127.79998253796384,35.53018300983808,130.90292371741003,37.53796172205618]",0.185208333,0,1.783788214,within_safe_vector_latitude,not_run+unchanged,1,
adm1,68945753B53856725499604,Jeju,KOR,True,"[126.1726222857837,33.20038483279387,126.94347792197978,33.562913480997196]","[126.1726222857837,33.20038483279387,126.94347792197978,33.562913480997196]",0.090344376,0,0.770855636,within_safe_vector_latitude,not_run+unchanged,1,
adm1,68945753B55100681051852,Seoul,KOR,True,"[126.79373904791873,37.429472765555715,127.19206098772452,37.680801093395814]","[126.79373904791873,37.429472765555715,127.19206098772452,37.680801093395814]",0.223862305,0,0.39832194,within_safe_vector_latitude,not_run+unchanged,1,
adm1,68945753B85435209225479,Daejeon,KOR,True,"[127.21898978704905,36.23320992409879,127.48227583176424,36.47906566055184]","[127.21898978704905,36.23320992409879,127.48227583176424,36.47906566055184]",0.1335782,0,0.263286045,within_safe_vector_latitude,not_run+unchanged,1,
adm1,68945753B58129180850627,Sejong,KOR,True,"[127.08093198192546,36.441238512447455,127.36135298135503,36.69157221618491]","[127.08093198192546,36.441238512447455,127.36135298135503,36.69157221618491]",0.149654949,0,0.280420999,within_safe_vector_latitude,not_run+unchanged,1,
adm1,68945753B59172752195743,North Chungcheong,KOR,True,"[127.2116980326382,35.975220445567174,128.65026655475776,37.218271186466154]","[127.2116980326382,35.975220445567174,128.65026655475776,37.218271186466154]",0.211976725,0,1.438568522,within_safe_vector_latitude,not_run+unchanged,1,
adm1,68945753B46109248456415,Gwangju,KOR,True,"[126.82288455557784,35.15007701344348,127.00581912615178,35.254592597370504]","[126.82288455557784,35.15007701344348,127.00581912615178,35.254592597370504]",0.11616862,0,0.182934571,within_safe_vector_latitude,not_run+unchanged,1,
adm1,68945753B94077674833362,Daegu,KOR,True,"[128.4812846212883,35.76828217188478,128.76230106004596,36.0093268915229]","[128.4812846212883,35.76828217188478,128.76230106004596,36.0093268915229]",0.116478679,0,0.281016439,within_safe_vector_latitude,not_run+unchanged,1,
adm1,2360587B5118871504069,District of Prishtina,XKX,True,"[20.7608559,42.4450646,21.5527939,43.1382521]","[20.7608559,42.4450646,21.5527939,43.1382521]",0.024909267,0,0.791938,within_safe_vector_latitude,not_run+unchanged,1,
adm1,2360587B11570115914955,District of Mitrovica,XKX,True,"[20.485498211114315,42.6029637,21.1184421,43.267685173000075]","[20.485498211114315,42.6029637,21.1184421,43.267685173000075]",0.024127844,0,0.632943889,within_safe_vector_latitude,not_run+unchanged,1,
adm1,2360587B15813948402025,District of Peja,XKX,True,"[20.0120527,42.5160484,20.7671872,42.8908969]","[20.0120527,42.5160484,20.7671872,42.8908969]",0.021597999,0,0.7551345,within_safe_vector_latitude,not_run+unchanged,1,
adm1,2360587B95703323116719,District of Gjilan,XKX,True,"[21.2439326,42.23089598386216,21.789865846910185,42.7377157]","[21.2439326,42.23089598386216,21.789865846910185,42.7377157]",0.058069209,0,0.545933247,within_safe_vector_latitude,not_run+unchanged,1,
adm1,2360587B9056373484571,District of Gjakova,XKX,True,"[20.052904853624383,42.2453357519083,20.7338187,42.6583625]","[20.052904853624383,42.2453357519083,20.7338187,42.6583625]",0.213171257,0,0.680913846,within_safe_vector_latitude,not_run+unchanged,1,
adm1,2360587B89959345704230,District of Prizren,XKX,True,"[20.480273026594222,41.85764100100005,20.9860158,42.6079846]","[20.480273026594222,41.85764100100005,20.9860158,42.6079846]",0.051370075,0,0.505742773,within_safe_vector_latitude,not_run+unchanged,1,
adm1,2360587B74553771763221,District of Ferizaj,XKX,True,"[20.8644412,42.0922975,21.3772537,42.4953338]","[20.8644412,42.0922975,21.3772537,42.4953338]",0.029757288,0,0.5128125,within_safe_vector_latitude,not_run+unchanged,1,
adm1,41074048B7823241267107,Syrmia District,SRB,True,"[18.9892433,44.6295954,20.3626006,45.208139]","[18.9892433,44.6295954,20.3626006,45.208139]",0.066565123,0,1.3733573,within_safe_vector_latitude,not_run+unchanged,1,
adm1,41074048B611919772148,South Banat District,SRB,True,"[20.4116645,44.6583894,21.558724717824912,45.331727]","[20.4116645,44.6583894,21.558724717824912,45.331727]",0.0834727,0,1.147060218,within_safe_vector_latitude,not_run+unchanged,1,
adm1,41074048B51566569224291,North Banat District,SRB,True,"[19.7885696,45.6020292,20.6623637,46.18217425780324]","[19.7885696,45.6020292,20.6623637,46.18217425780324]",0.1368558,0,0.8737941,within_safe_vector_latitude,not_run+unchanged,1,
adm1,41074048B35998987381060,North Backa District,SRB,True,"[19.281748614554168,45.6110679,19.8987306,46.189446]","[19.281748614554168,45.6110679,19.8987306,46.189446]",0.1071751,0,0.616981985,within_safe_vector_latitude,not_run+unchanged,1,
adm1,41074048B68944780204869,Central Banat District,SRB,True,"[20.0315298,45.0742882,21.0171231,45.79728000100005]","[20.0315298,45.0742882,21.0171231,45.79728000100005]",0.1368558,0,0.9855933,within_safe_vector_latitude,not_run+unchanged,1,
adm1,41074048B16574264174015,West Backa District,SRB,True,"[18.814340726768435,45.4221283,19.6261418,46.03987]","[18.814340726768435,45.4221283,19.6261418,46.03987]",0.119670681,0,0.811801073,within_safe_vector_latitude,not_run+unchanged,1,
adm1,41074048B42085876522793,South Backa District,SRB,True,"[18.96973540156307,45.1345023,20.3123645,45.7632423]","[18.96973540156307,45.1345023,20.3123645,45.7632423]",0.1071751,0,1.342629098,within_safe_vector_latitude,not_run+unchanged,1,
adm1,41074048B91434818545320,Belgrade,SRB,True,"[19.9697527,44.2631687,20.8557528,45.0956818]","[19.9697527,44.2631687,20.8557528,45.0956818]",0.0536214,0,0.8860001,within_safe_vector_latitude,not_run+unchanged,1,
adm1,41074048B65770096848171,Bor District,SRB,True,"[21.7805184,43.9055634,22.763422,44.71432433424764]","[21.7805184,43.9055634,22.763422,44.71432433424764]",0.096726092,0,0.9829036,within_safe_vector_latitude,not_run+unchanged,2,
adm1,41074048B6540860887110,Macva District,SRB,True,"[19.102849002781088,44.09698463288022,19.9988068,44.9397632]","[19.102849002781088,44.09698463288022,19.9988068,44.9397632]",0.090991289,0,0.895957797,within_safe_vector_latitude,not_run+unchanged,1,
adm1,41074048B26185342001900,Pcinja District,SRB,True,"[21.5281928,42.23318267707741,22.559236528000042,42.8310916]","[21.5281928,42.23318267707741,22.559236528000042,42.8310916]",0.064299698,0,1.031043728,within_safe_vector_latitude,not_run+unchanged,2,
adm1,41074048B35785930294755,Kolubara District,SRB,True,"[19.4476517,44.0695995,20.437307572371672,44.5888637]","[19.4476517,44.0695995,20.437307572371672,44.5888637]",0.041873,0,0.989655872,within_safe_vector_latitude,not_run+unchanged,1,
adm1,41074048B12372480273054,Podunavlje District,SRB,True,"[20.745512,44.2225509,21.17739645670168,44.7215272]","[20.745512,44.2225509,21.17739645670168,44.7215272]",0.0834727,0,0.431884457,within_safe_vector_latitude,not_run+unchanged,1,
adm1,41074048B81221095206835,Branicevo District,SRB,True,"[21.021713579823427,44.08205432038372,22.00921168098543,44.82269223006917]","[21.021713579823427,44.08205432038372,22.00921168098543,44.82269223006917]",0.064026244,0,0.987498101,within_safe_vector_latitude,not_run+unchanged,1,
adm1,41074048B72675147350084,Sumadija District,SRB,True,"[20.3993022,43.7955002,21.1831134,44.4420689]","[20.3993022,43.7955002,21.1831134,44.4420689]",0.0476125,0,0.7838112,within_safe_vector_latitude,not_run+unchanged,1,
adm1,41074048B32695847055571,Pomoravlje District,SRB,True,"[20.9277562,43.7242188,21.822691759814525,44.31654892906044]","[20.9277562,43.7242188,21.822691759814525,44.31654892906044]",0.0429349,0,0.89493556,within_safe_vector_latitude,not_run+unchanged,1,
adm1,41074048B87154505224045,Moravica District,SRB,True,"[19.9159098,43.2742072,20.6558216,44.266220759939]","[19.9159098,43.2742072,20.6558216,44.266220759939]",0.0476125,0,0.7399118,within_safe_vector_latitude,not_run+unchanged,1,
adm1,41074048B40253307374301,Zajecar District,SRB,True,"[21.6578223,43.3238643,22.6670447,44.1877548]","[21.6578223,43.3238643,22.6670447,44.1877548]",0.0466121,0,1.0092224,within_safe_vector_latitude,not_run+unchanged,2,
adm1,41074048B96203602850640,Zlatibor District,SRB,True,"[19.222632710000028,43.0077048,20.3006394,44.1652803]","[19.222632710000028,43.0077048,20.3006394,44.1652803]",0.05558437,0,1.07800669,within_safe_vector_latitude,not_run+unchanged,1,
adm1,41074048B45384402492685,Raska District,SRB,True,"[20.0538233,42.83224,20.9685631,43.8810541]","[20.0538233,42.83224,20.9685631,43.8810541]",0.0441776,0,0.9147398,within_safe_vector_latitude,not_run+unchanged,1,
adm1,41074048B47082150623141,Pirot District,SRB,True,"[22.1130907,42.87003381388495,23.005696986554828,43.4026572]","[22.1130907,42.87003381388495,23.005696986554828,43.4026572]",0.0618841,0,0.892606287,within_safe_vector_latitude,not_run+unchanged,2,
adm1,41074048B152991575474,Jablanica District,SRB,True,"[21.3943639,42.669383925483906,22.51672880647781,43.1671885]","[21.3943639,42.669383925483906,22.51672880647781,43.1671885]",0.0362849,0,1.122364906,within_safe_vector_latitude,not_run+unchanged,2,
adm1,41074048B62787435476864,Toplica District,SRB,True,"[20.9264449,42.866544721994146,21.8208281,43.4014873]","[20.9264449,42.866544721994146,21.8208281,43.4014873]",0.0376904,0,0.8943832,within_safe_vector_latitude,not_run+unchanged,1,
adm1,41074048B35657283611645,Nisava District,SRB,True,"[21.4643136,43.0623813,22.3449804,43.8187276]","[21.4643136,43.0623813,22.3449804,43.8187276]",0.0618841,0,0.8806668,within_safe_vector_latitude,not_run+unchanged,1,
adm1,41074048B66445282038706,Rasina District,SRB,True,"[20.7782119,43.1475221,21.575159,43.8536657]","[20.7782119,43.1475221,21.575159,43.8536657]",0.0429349,0,0.7969471,within_safe_vector_latitude,not_run+unchanged,1,
adm1,4304713B25967812410873,Outer Isla,SYC,True,"[46.208451494438386,-10.152637315999925,56.29436698917543,-5.410086074881892]","[46.208451494438386,-10.152637315999925,56.29436698917543,-5.410086074881892]",0.024884619,0,0.315430523,within_safe_vector_latitude,not_run+unchanged,2,
adm1,4304713B68430641477456,Baie Saint,SYC,True,"[55.6817335045857,-4.357147900854898,55.79077719980796,-4.28987690039861]","[55.6817335045857,-4.357147900854898,55.79077719980796,-4.28987690039861]",0.0167388,0,0.109043695,within_safe_vector_latitude,not_run+unchanged,1,
adm1,4304713B30823539589951,Grand Anse,SYC,True,"[55.67831039400005,-4.361375600303688,55.75917220013696,-4.29410442995975]","[55.67831039400005,-4.361375600303688,55.75917220013696,-4.29410442995975]",0.0167388,0,0.080861806,within_safe_vector_latitude,not_run+unchanged,1,
adm1,4304713B61373702137462,La Digue a,SYC,True,"[55.205407774227645,-4.513678073999927,55.856327799888106,-3.79843390030419]","[55.205407774227645,-4.513678073999927,55.856327799888106,-3.79843390030419]",0.00685687,0,0.050172326,within_safe_vector_latitude,not_run+unchanged,1,
adm1,4304713B37030743125890,Anse Aux P,SYC,True,"[55.50308233258363,-4.696142100377585,55.52921046038366,-4.683977662638995]","[55.50308233258363,-4.696142100377585,55.52921046038366,-4.683977662638995]",0.008922979,0,0.026128128,within_safe_vector_latitude,not_run+unchanged,1,
adm1,4304713B33324691861484,Anse Boile,SYC,True,"[55.47496159969813,-4.737634508325868,55.50587819891979,-4.683204337410189]","[55.47496159969813,-4.737634508325868,55.50587819891979,-4.683204337410189]",0.009696303,0,0.030916599,within_safe_vector_latitude,not_run+unchanged,1,
adm1,4304713B87843643892528,Anse Etoil,SYC,True,"[55.43978866931167,-4.607299531448177,55.46594850658864,-4.577863194262293]","[55.43978866931167,-4.607299531448177,55.46594850658864,-4.577863194262293]",0.010112709,0,0.026159837,within_safe_vector_latitude,not_run+unchanged,1,
adm1,4304713B89376585633127,Anse Royal,SYC,True,"[55.50100030402086,-4.764091576365104,55.52669959970683,-4.719193684940535]","[55.50100030402086,-4.764091576365104,55.52669959970683,-4.719193684940535]",0.005592851,0,0.025699296,within_safe_vector_latitude,not_run+unchanged,1,
adm1,4304713B21107318630465,Au Cap,SYC,True,"[55.499572627574764,-4.732085999769026,55.52669959970683,-4.687665827316039]","[55.499572627574764,-4.732085999769026,55.52669959970683,-4.687665827316039]",0.008922979,0,0.027126972,within_safe_vector_latitude,not_run+unchanged,1,
adm1,4304713B38530476923333,Baie Lazar,SYC,True,"[55.46221601289588,-4.768553065371634,55.50974482326501,-4.734583356836424]","[55.46221601289588,-4.768553065371634,55.50974482326501,-4.734583356836424]",0.010707575,0,0.04752881,within_safe_vector_latitude,not_run+unchanged,1,
adm1,4304713B88598061182448,Beau Vallo,SYC,True,"[55.423011599805534,-4.627168031279552,55.44811678356274,-4.592844305520259]","[55.423011599805534,-4.627168031279552,55.44811678356274,-4.592844305520259]",0.006127112,0,0.025105184,within_safe_vector_latitude,not_run+unchanged,1,
adm1,4304713B54769404218422,Bel Air,SYC,True,"[55.43824201975349,-4.65714923934587,55.457218000010755,-4.621976999638775]","[55.43824201975349,-4.65714923934587,55.457218000010755,-4.621976999638775]",0.007435815,0,0.01897598,within_safe_vector_latitude,not_run+unchanged,1,
adm1,4304713B26716977032117,Bel Ombre,SYC,True,"[55.38518637688846,-4.646382178094996,55.432055421520545,-4.614674429990351]","[55.38518637688846,-4.646382178094996,55.432055421520545,-4.614674429990351]",0.007316843,0,0.046869045,within_safe_vector_latitude,not_run+unchanged,1,
adm1,4304713B24501722208733,Cascade,SYC,True,"[55.47006731105762,-4.690640153320373,55.5117078787157,-4.650507455945384]","[55.47006731105762,-4.690640153320373,55.5117078787157,-4.650507455945384]",0.009696303,0,0.041640568,within_safe_vector_latitude,not_run+unchanged,1,
adm1,4304713B70505016322555,Glacis,SYC,True,"[55.43206552679307,-4.593855576973226,55.46351358655848,-4.561653143547507]","[55.43206552679307,-4.593855576973226,55.46351358655848,-4.561653143547507]",0.010112709,0,0.03144806,within_safe_vector_latitude,not_run+unchanged,1,
adm1,4304713B44273626822256,Grand'Anse,SYC,True,"[55.43871791220192,-4.708551543028717,55.48636661842477,-4.65714923934587]","[55.43871791220192,-4.708551543028717,55.48636661842477,-4.65714923934587]",0.008744519,0,0.047648706,within_safe_vector_latitude,not_run+unchanged,1,
adm1,4304713B99498664822858,La RiviÃ¨re,SYC,True,"[55.4480572970067,-4.623003974154017,55.460085699695355,-4.604265718887746]","[55.4480572970067,-4.623003974154017,55.460085699695355,-4.604265718887746]",0.005115841,0,0.012028403,within_safe_vector_latitude,not_run+unchanged,1,
adm1,4304713B85899211000067,Les Mamell,SYC,True,"[55.46346430693228,-4.658219997354934,55.479604993188616,-4.639184309308405]","[55.46346430693228,-4.658219997354934,55.479604993188616,-4.639184309308405]",0.009101439,0,0.016140686,within_safe_vector_latitude,not_run+unchanged,1,
adm1,4304713B48375430986897,Mont Buxto,SYC,True,"[55.44074045420865,-4.620565026254894,55.45245929945713,-4.607299531448177]","[55.44074045420865,-4.620565026254894,55.45245929945713,-4.607299531448177]",0.005294301,0,0.011718845,within_safe_vector_latitude,not_run+unchanged,1,
adm1,4304713B90252608075096,Mont Fleur,SYC,True,"[55.44811678356274,-4.642812987429352,55.513226699652535,-4.597188948999928]","[55.44811678356274,-4.642812987429352,55.513226699652535,-4.597188948999928]",0.007435815,0,0.018175524,within_safe_vector_latitude,not_run+unchanged,1,
adm1,4304713B73485441343177,Plaisance,SYC,True,"[55.45115059612317,-4.666131704814291,55.46917501271673,-4.630862874542508]","[55.45115059612317,-4.666131704814291,55.46917501271673,-4.630862874542508]",0.007673761,0,0.018024417,within_safe_vector_latitude,not_run+unchanged,1,
adm1,4304713B83277674209167,Pointe La,SYC,True,"[55.506056658587966,-4.689234399647773,55.53422925027683,-4.664720500350768]","[55.506056658587966,-4.689234399647773,55.53422925027683,-4.664720500350768]",0.013807941,0,0.028172592,within_safe_vector_latitude,not_run+unchanged,1,
adm1,4304713B13397871657541,Port Glaud,SYC,True,"[55.3652252560499,-4.678090168076963,55.45115059612317,-4.626450207556822]","[55.3652252560499,-4.678090168076963,55.45115059612317,-4.626450207556822]",0.009848601,0,0.08592534,within_safe_vector_latitude,not_run+unchanged,1,
adm1,4304713B64732243105598,Roche CaÃ¯m,SYC,True,"[55.46489198337838,-4.650879858999929,55.483084112672096,-4.632491700331684]","[55.46489198337838,-4.650879858999929,55.483084112672096,-4.632491700331684]",0.003737862,0,0.010320253,within_safe_vector_latitude,not_run+unchanged,1,
adm1,4304713B99490362371976,Saint Loui,SYC,True,"[55.43157952907205,-4.62996389761571,55.448235755775556,-4.61497329358258]","[55.43157952907205,-4.62996389761571,55.448235755775556,-4.61497329358258]",0.005770193,0,0.016656227,within_safe_vector_latitude,not_run+unchanged,1,
adm1,4304713B51488395510296,Takamaka,SYC,True,"[55.48271179300008,-4.8054990742417,55.5388379402401,-4.761037478696664]","[55.48271179300008,-4.8054990742417,55.5388379402401,-4.761037478696664]",0.010707575,0,0.056126147,within_safe_vector_latitude,not_run+unchanged,1,
adm1,38320839B10533035746056,Southern,SLE,True,"[-12.99249077899998,6.924195290184006,-11.142780882175373,8.488779429612407]","[-12.99249077899998,6.924195290184006,-11.142780882175373,8.488779429612407]",0.134990206,0,1.849709897,within_safe_vector_latitude,not_run+unchanged,2,
adm1,38320839B88872338973316,Eastern,SLE,True,"[-11.592258345354821,7.340966451190098,-10.270625552999945,9.077826701760273]","[-11.592258345354821,7.340966451190098,-10.270625552999945,9.077826701760273]",0.106988271,0,1.321632792,within_safe_vector_latitude,not_run+unchanged,2,
adm1,38320839B54273514798812,Western Area,SLE,True,"[-13.291838887905556,8.171583519810156,-12.913334574428973,8.499616162455252]","[-13.291838887905556,8.171583519810156,-12.913334574428973,8.499616162455252]",0.04531416,0,0.378504313,within_safe_vector_latitude,not_run+unchanged,1,
adm1,38320839B67217096191525,Northern,SLE,True,"[-13.302128076999963,8.248058706394602,-10.580201353568725,10.00043000100004]","[-13.302128076999963,8.248058706394602,-10.580201353568725,10.00043000100004]",0.172414601,0,2.721926723,within_safe_vector_latitude,not_run+unchanged,2,
adm1,49756563B71725710252082,CENTRAL REGION,SGP,True,"[103.75023271608646,1.238167318000023,103.91938395358903,1.367994223008428]","[103.75023271608646,1.238167318000023,103.91938395358903,1.367994223008428]",0.015365125,0,0.169151238,within_safe_vector_latitude,not_run+unchanged,1,
adm1,49756563B91384122076896,EAST REGION,SGP,True,"[103.89349715360557,1.302615285871389,104.03320204000005,1.399191081000026]","[103.89349715360557,1.302615285871389,104.03320204000005,1.399191081000026]",0.011621628,0,0.139704886,within_safe_vector_latitude,not_run+unchanged,1,
adm1,49756563B55738899153180,NORTH-EAST REGION,SGP,True,"[103.81673594941455,1.333560170763847,104.08509151066421,1.431986300314474]","[103.81673594941455,1.333560170763847,104.08509151066421,1.431986300314474]",0.013332519,0,0.105223958,within_safe_vector_latitude,not_run+unchanged,1,
adm1,49756563B73572011151336,NORTH REGION,SGP,True,"[103.69301472915882,1.335787408265602,103.86711222999392,1.470642361000046]","[103.69301472915882,1.335787408265602,103.86711222999392,1.470642361000046]",0.006097819,0,0.126710927,within_safe_vector_latitude,not_run+unchanged,1,
adm1,49756563B34226909336254,WEST REGION,SGP,True,"[103.6057115749408,1.21512518882927,103.79165610468921,1.433673811017051]","[103.6057115749408,1.21512518882927,103.79165610468921,1.433673811017051]",0.016526822,0,0.185753099,within_safe_vector_latitude,not_run+unchanged,1,
adm1,72843720B99597932318450,Nord-Ovest,ITA,True,"[6.626996,43.77875144118957,11.42764580431442,46.632517]","[6.626996,43.77875144118957,11.42764580431442,46.632517]",0.051071027,0,4.800649804,within_safe_vector_latitude,not_run+unchanged,2,
adm1,72843720B59566147937015,Nord-Est,ITA,True,"[9.197911727336376,43.73192431848447,13.918546,47.09175658076154]","[9.197911727336376,43.73192431848447,13.918546,47.09175658076154]",0.051071027,0,4.720634273,within_safe_vector_latitude,not_run+unchanged,2,
adm1,72843720B863019116732,Centro,ITA,True,"[9.686700448591356,40.87940359900006,14.027521399559452,44.472707491373264]","[9.686700448591356,40.87940359900006,14.027521399559452,44.472707491373264]",0.031610488,0,4.340820951,within_safe_vector_latitude,not_run+unchanged,3,
adm1,72843720B88210905209841,Sud,ITA,True,"[13.018547466510995,37.91575437594164,18.52024815752463,42.895081403093755]","[13.018547466510995,37.91575437594164,18.52024815752463,42.895081403093755]",0.023278236,0,5.501700691,within_safe_vector_latitude,not_run+unchanged,2,
adm1,72843720B81376294924159,Isole,ITA,True,"[8.131250382000076,36.64956046150798,15.652827963890442,41.259235558603656]","[8.131250382000076,36.64956046150798,15.652827963890442,41.259235558603656]",0.02333355,0,3.228688323,within_safe_vector_latitude,not_run+unchanged,3,
adm1,11528761B68421227592850,Saint Ann,JAM,True,"[-77.4941725,18.1807801,-76.9994863,18.479583740000066]","[-77.4941725,18.1807801,-76.9994863,18.479583740000066]",0.1319882,0,0.4946862,within_safe_vector_latitude,not_run+unchanged,1,
adm1,11528761B47547507236574,Trelawny,JAM,True,"[-77.7756901,18.2098016,-77.4418178,18.5115661]","[-77.7756901,18.2098016,-77.4418178,18.5115661]",0.0613448,0,0.3338723,within_safe_vector_latitude,not_run+unchanged,1,
adm1,11528761B1553841374990,Saint Mary,JAM,True,"[-77.0722107,18.1449568,-76.6994353,18.423581435130746]","[-77.0722107,18.1449568,-76.6994353,18.423581435130746]",0.0578774,0,0.3727754,within_safe_vector_latitude,not_run+unchanged,1,
adm1,11528761B60518956675191,Portland,JAM,True,"[-76.7573127,17.9838936,-76.2487919835889,18.2669265]","[-76.7573127,17.9838936,-76.2487919835889,18.2669265]",0.0673777,0,0.508520716,within_safe_vector_latitude,not_run+unchanged,1,
adm1,11528761B92267541916078,Saint James,JAM,True,"[-77.9963321,18.2061884,-77.7362365,18.5248634]","[-77.9963321,18.2061884,-77.7362365,18.5248634]",0.0513409,0,0.2600956,within_safe_vector_latitude,not_run+unchanged,1,
adm1,11528761B48390883640410,Hanover,JAM,True,"[-78.3450398,18.3044313,-77.9203784,18.46158522006309]","[-78.3450398,18.3044313,-77.9203784,18.46158522006309]",0.110702,0,0.4246614,within_safe_vector_latitude,not_run+unchanged,1,
adm1,11528761B78686886241288,Westmoreland,JAM,True,"[-78.3689286,18.07136568518079,-77.8810623,18.356982]","[-78.3689286,18.07136568518079,-77.8810623,18.356982]",0.110702,0,0.4878663,within_safe_vector_latitude,not_run+unchanged,1,
adm1,11528761B76244175997364,Saint Elizabeth,JAM,True,"[-77.96024450165447,17.8546319,-77.56671671805051,18.2531879]","[-77.96024450165447,17.8546319,-77.56671671805051,18.2531879]",0.0613448,0,0.393527784,within_safe_vector_latitude,not_run+unchanged,1,
adm1,11528761B66153365875645,Saint Thomas,JAM,True,"[-76.6654871,17.8503639,-76.18458557099996,18.0887383]","[-76.6654871,17.8503639,-76.18458557099996,18.0887383]",0.0673777,0,0.480901529,within_safe_vector_latitude,not_run+unchanged,1,
adm1,11528761B12055930952794,Clarendon,JAM,True,"[-77.4941725,17.7057172,-77.1253406,18.2098016]","[-77.4941725,17.7057172,-77.1253406,18.2098016]",0.1026797,0,0.3688319,within_safe_vector_latitude,not_run+unchanged,1,
adm1,11528761B17176392015583,Saint Catherine,JAM,True,"[-77.2192719,17.83953486880791,-76.84849075556781,18.2509223]","[-77.2192719,17.83953486880791,-76.84849075556781,18.2509223]",0.1319882,0,0.370781144,within_safe_vector_latitude,not_run+unchanged,1,
adm1,11528761B9801814618213,Manchester,JAM,True,"[-77.63845,17.838683,-77.3459977,18.2443626]","[-77.63845,17.838683,-77.3459977,18.2443626]",0.1026797,0,0.2924523,within_safe_vector_latitude,not_run+unchanged,1,
adm1,11528761B95441286388390,Kingston,JAM,True,"[-76.8206502,17.952427309411213,-76.7194154,17.9860985]","[-76.8206502,17.952427309411213,-76.7194154,17.9860985]",0.0311932,0,0.1012348,within_safe_vector_latitude,not_run+unchanged,1,
adm1,11528761B58908339710294,Saint Andrew,JAM,True,"[-76.897149,17.928697110411026,-76.6267506,18.1710287]","[-76.897149,17.928697110411026,-76.6267506,18.1710287]",0.0422947,0,0.2703984,within_safe_vector_latitude,not_run+unchanged,1,
adm1,47310658B55038426470858,Osaka Prefecture,JPN,True,"[135.09360735711584,34.271821,135.746589,35.051263]","[135.09360735711584,34.271821,135.746589,35.051263]",0.016693116,0,0.652981643,within_safe_vector_latitude,not_run+unchanged,1,
adm1,47310658B53666900505284,Oita,JPN,True,"[130.8247501,32.73593,132.0852544088237,33.69243275112751]","[130.8247501,32.73593,132.0852544088237,33.69243275112751]",0.018322,0,1.260504309,within_safe_vector_latitude,not_run+unchanged,1,
adm1,47310658B99690886618857,Hyogo Prefecture,JPN,True,"[134.252845,34.188735,135.468524,35.67455633736229]","[134.252845,34.188735,135.468524,35.67455633736229]",0.016693115,0,1.215679,within_safe_vector_latitude,not_run+unchanged,2,
adm1,47310658B56113460554138,Fukui Prefecture,JPN,True,"[135.449339,35.343687,136.832362,36.295355]","[135.449339,35.343687,136.832362,36.295355]",0.010025026,0,1.383023,within_safe_vector_latitude,not_run+unchanged,1,
adm1,47310658B66619598690773,Shiga,JPN,True,"[135.763739,34.790571,136.454998,35.703726]","[135.763739,34.790571,136.454998,35.703726]",0.007271,0,0.691259,within_safe_vector_latitude,not_run+unchanged,1,
adm1,47310658B6129583352403,Nara Prefecture,JPN,True,"[135.539698,33.858956,136.229777,34.781332]","[135.539698,33.858956,136.229777,34.781332]",0.009268,0,0.690079,within_safe_vector_latitude,not_run+unchanged,1,
adm1,47310658B28580642450327,Gifu Prefecture,JPN,True,"[136.276216,35.133729,137.653054,36.465066]","[136.276216,35.133729,137.653054,36.465066]",0.018783,0,1.376838,within_safe_vector_latitude,not_run+unchanged,1,
adm1,47310658B36253982271084,Mie Prefecture,JPN,True,"[135.853184,33.722858,136.9273194984957,35.257649]","[135.853184,33.722858,136.9273194984957,35.257649]",0.011642456,0,1.074135498,within_safe_vector_latitude,not_run+unchanged,1,
adm1,47310658B18585040133157,Wakayama Prefecture,JPN,True,"[135.0571098099751,33.43539047400003,136.013364,34.384482]","[135.0571098099751,33.43539047400003,136.013364,34.384482]",0.018341064,0,0.954465935,within_safe_vector_latitude,not_run+unchanged,1,
adm1,47310658B199342310790,Tokyo,JPN,True,"[138.9428648,24.281199969611933,153.98653148585652,35.8984245]","[138.9428648,24.281199969611933,153.98653148585652,35.8984245]",0.011749268,0,0.9761442,within_safe_vector_latitude,not_run+unchanged,3,
adm1,47310658B84955483384411,Fukuoka Prefecture,JPN,True,"[130.039571,33.001439,131.190574,33.96455383400007]","[130.039571,33.001439,131.190574,33.96455383400007]",0.014876758,0,1.151003,within_safe_vector_latitude,not_run+unchanged,1,
adm1,47310658B92659408322453,Saitama,JPN,True,"[138.711419,35.753384,139.900333,36.283344]","[138.711419,35.753384,139.900333,36.283344]",0.01476,0,1.188914,within_safe_vector_latitude,not_run+unchanged,1,
adm1,47310658B52822170400832,Fukushima,JPN,True,"[139.164748,36.791337,141.0421142570001,37.976647]","[139.164748,36.791337,141.0421142570001,37.976647]",0.014968871,0,1.877366257,within_safe_vector_latitude,not_run+unchanged,1,
adm1,47310658B20461581662238,Tochigi,JPN,True,"[139.326559,36.199682,140.292198,37.154981]","[139.326559,36.199682,140.292198,37.154981]",0.011796,0,0.965639,within_safe_vector_latitude,not_run+unchanged,1,
adm1,47310658B70834199776359,Aomori,JPN,True,"[139.860377,40.21776,141.683311,41.54627609200003]","[139.860377,40.21776,141.683311,41.54627609200003]",0.020686,0,1.822934,within_safe_vector_latitude,not_run+unchanged,2,
adm1,47310658B53717877461658,Saga Prefecture,JPN,True,"[129.7589672,32.950524,130.5421271,33.556416]","[129.7589672,32.950524,130.5421271,33.556416]",0.023011092,0,0.7831599,within_safe_vector_latitude,not_run+unchanged,1,
adm1,47310658B82893106270036,Nagasaki Prefecture,JPN,True,"[128.59825387562327,32.56932,130.38012003541692,34.706644]","[128.59825387562327,32.56932,130.38012003541692,34.706644]",0.010025024,0,0.827192049,within_safe_vector_latitude,not_run+unchanged,1,
adm1,47310658B9011809709100,Miyazaki Prefecture,JPN,True,"[130.7033771,31.360833752267578,131.885707,32.83894]","[130.7033771,31.360833752267578,131.885707,32.83894]",0.031644,0,1.1823299,within_safe_vector_latitude,not_run+unchanged,2,
adm1,47310658B50146545060878,Kumamoto,JPN,True,"[129.967262,32.094924,131.329506,33.195122]","[129.967262,32.094924,131.329506,33.195122]",0.019134522,0,0.969114273,within_safe_vector_latitude,not_run+unchanged,1,
adm1,47310658B56795339529760,Kagoshima Prefecture,JPN,True,"[128.520048,27.328753,131.205448,32.229383]","[128.520048,27.328753,131.205448,32.229383]",0.031644,0,1.098845,within_safe_vector_latitude,not_run+unchanged,2,
adm1,47310658B57998234967550,Gunma,JPN,True,"[138.397128,35.985333,139.669944,37.0586272]","[138.397128,35.985333,139.669944,37.0586272]",0.01476,0,1.272816,within_safe_vector_latitude,not_run+unchanged,1,
adm1,47310658B94014236912993,Kyoto Prefecture,JPN,True,"[134.854035,34.705754,136.055473,35.7793]","[134.854035,34.705754,136.055473,35.7793]",0.008606491,0,1.201438,within_safe_vector_latitude,not_run+unchanged,2,
adm1,47310658B1351727290704,Chiba,JPN,True,"[139.754577637,34.899639,140.86958313000002,36.104101]","[139.754577637,34.899639,140.86958313000002,36.104101]",0.0204111,0,1.115005493,within_safe_vector_latitude,not_run+unchanged,1,
adm1,47310658B31759366295450,Ibaraki,JPN,True,"[139.687691,35.73958206200007,140.84538269000006,36.945266]","[139.687691,35.73958206200007,140.84538269000006,36.945266]",0.014915,0,1.15769169,within_safe_vector_latitude,not_run+unchanged,1,
adm1,47310658B16920518838967,Kanagawa,JPN,True,"[138.915767,35.136361244171944,139.78704834000007,35.672897]","[138.915767,35.136361244171944,139.78704834000007,35.672897]",0.010889398,0,0.87128134,within_safe_vector_latitude,not_run+unchanged,1,
adm1,47310658B84769036468911,Hiroshima,JPN,True,"[132.036448,34.07920146421639,133.45639,35.105683]","[132.036448,34.07920146421639,133.45639,35.105683]",0.015264791,0,1.419942,within_safe_vector_latitude,not_run+unchanged,1,
adm1,47310658B78383189487115,Tottori Prefecture,JPN,True,"[133.136098,35.057678,134.515315,35.609051]","[133.136098,35.057678,134.515315,35.609051]",0.016253,0,1.379217,within_safe_vector_latitude,not_run+unchanged,1,
adm1,47310658B41093195623763,Shimane,JPN,True,"[131.667966,34.302439,133.38584295048616,36.348916]","[131.667966,34.302439,133.38584295048616,36.348916]",0.016253,0,1.657350312,within_safe_vector_latitude,not_run+unchanged,1,
adm1,47310658B84734951454670,Niigata,JPN,True,"[137.634981,36.736559,139.899887,38.553587]","[137.634981,36.736559,139.899887,38.553587]",0.018817,0,2.264906,within_safe_vector_latitude,not_run+unchanged,1,
adm1,47310658B40291932252870,Nagano,JPN,True,"[137.324551,35.198414,138.739252,37.030423]","[137.324551,35.198414,138.739252,37.030423]",0.018817,0,1.414701,within_safe_vector_latitude,not_run+unchanged,1,
adm1,47310658B49885151916407,Aichi Prefecture,JPN,True,"[136.671033,34.57790080644248,137.838115,35.424776]","[136.671033,34.57790080644248,137.838115,35.424776]",0.018916471,0,1.167082,within_safe_vector_latitude,not_run+unchanged,1,
adm1,47310658B89229150671737,Yamanashi,JPN,True,"[138.180144,35.168384,139.134379,35.971709]","[138.180144,35.168384,139.134379,35.971709]",0.0507499,0,0.954235,within_safe_vector_latitude,not_run+unchanged,1,
adm1,47310658B93104231283628,Miyagi,JPN,True,"[140.274979,37.773256,141.675519,39.002779]","[140.274979,37.773256,141.675519,39.002779]",0.023995,0,1.40054,within_safe_vector_latitude,not_run+unchanged,1,
adm1,47310658B1770087263252,Yamagata,JPN,True,"[139.539605,37.733829,140.646436,39.133357]","[139.539605,37.733829,140.646436,39.133357]",0.039542,0,1.106831,within_safe_vector_latitude,not_run+unchanged,1,
adm1,47310658B79582216473080,Akita,JPN,True,"[139.693108184466,38.873163,140.995425,40.511069]","[139.693108184466,38.873163,140.995425,40.511069]",0.039542,0,1.302316816,within_safe_vector_latitude,not_run+unchanged,1,
adm1,47310658B25007192225139,Iwate,JPN,True,"[140.653208,38.747651,142.0702019936186,40.450301]","[140.653208,38.747651,142.0702019936186,40.450301]",0.010249,0,1.416993994,within_safe_vector_latitude,not_run+unchanged,1,
adm1,47310658B23327126724630,Toyama,JPN,True,"[136.768438,36.274372,137.763381,36.979749]","[136.768438,36.274372,137.763381,36.979749]",0.010864258,0,0.994943,within_safe_vector_latitude,not_run+unchanged,1,
adm1,47310658B25198997079345,Shizuoka,JPN,True,"[137.474107,34.595390320000035,139.148003,35.64594]","[137.474107,34.595390320000035,139.148003,35.64594]",0.0507499,0,1.673896,within_safe_vector_latitude,not_run+unchanged,1,
adm1,47310658B64524405341851,Ishikawa Prefecture,JPN,True,"[136.2440524088097,36.067229,137.36040393346207,37.533427]","[136.2440524088097,36.067229,137.36040393346207,37.533427]",0.010864258,0,1.116351525,within_safe_vector_latitude,not_run+unchanged,1,
adm1,47310658B14484689696833,Okayama Prefecture,JPN,True,"[133.266927,34.429537520591865,134.413161,35.3528999]","[133.266927,34.429537520591865,134.413161,35.3528999]",0.013587924,0,1.146234,within_safe_vector_latitude,not_run+unchanged,1,
adm1,47310658B83740553463450,Tokushima Prefecture,JPN,True,"[133.660748,33.545613,134.7501024830391,34.239743]","[133.660748,33.545613,134.7501024830391,34.239743]",0.010040284,0,1.089354483,within_safe_vector_latitude,not_run+unchanged,1,
adm1,47310658B3517091690,Kochi Prefecture,JPN,True,"[132.614865,32.721584,134.306833,33.883363]","[132.614865,32.721584,134.306833,33.883363]",0.01343,0,1.691968,within_safe_vector_latitude,not_run+unchanged,1,
adm1,47310658B51488753471902,Ehime Prefecture,JPN,True,"[132.0170898450001,32.897733,133.692777,34.299412]","[132.0170898450001,32.897733,133.692777,34.299412]",0.014217301,0,1.675687155,within_safe_vector_latitude,not_run+unchanged,1,
adm1,47310658B61159371292051,Kagawa Prefecture,JPN,True,"[133.557001,34.0123275,134.440696,34.564601]","[133.557001,34.0123275,134.440696,34.564601]",0.0100719,0,0.883695,within_safe_vector_latitude,not_run+unchanged,1,
adm1,47310658B31569081891025,Okinawa Prefecture,JPN,True,"[122.933736,24.255247681176094,131.27339,27.094758]","[122.933736,24.255247681176094,131.27339,27.094758]",0.010003,0,0.690663572,within_safe_vector_latitude,not_run+unchanged,2,
adm1,47310658B99930143900280,Hokkaido,JPN,True,"[139.405206,41.397809,145.817103,45.522796]","[139.405206,41.397809,145.817103,45.522796]",0.02671814,0,6.049968908,within_safe_vector_latitude,not_run+unchanged,1,
adm1,47310658B89542195514726,Yamaguchi,JPN,True,"[130.86203002900004,33.769002587000045,132.47201,34.681045]","[130.86203002900004,33.769002587000045,132.47201,34.681045]",0.014144898,0,1.388658054,within_safe_vector_latitude,not_run+unchanged,1,
adm1,38789647B43528262636538,Batken Region,KGZ,True,"[69.250998,39.3816901,72.5566328,40.3450557]","[69.250998,39.3816901,72.5566328,40.3450557]",0.1093413,0,3.3056348,within_safe_vector_latitude,not_run+unchanged,1,
adm1,38789647B74878035894071,Osh Region,KGZ,True,"[71.5072184,39.1728437,74.91002212980572,41.1349493]","[71.5072184,39.1728437,74.91002212980572,41.1349493]",0.1663974,0,3.40280373,within_safe_vector_latitude,not_run+unchanged,2,
adm1,38789647B46237219042962,Talas Region,KGZ,True,"[70.865203,42.0563484,73.6660974,42.83208430250533]","[70.865203,42.0563484,73.6660974,42.83208430250533]",0.1829192,0,2.8008944,within_safe_vector_latitude,not_run+unchanged,1,
adm1,38789647B85532999857943,Jalal-Abad Region,KGZ,True,"[70.17164003710508,40.802276,73.9440908,42.2200918]","[70.17164003710508,40.802276,73.9440908,42.2200918]",0.1829192,0,3.772450763,within_safe_vector_latitude,not_run+unchanged,2,
adm1,38789647B57762434555293,Issyk-Kul Region,KGZ,True,"[75.6415295,41.1812796,80.2267802796872,42.939487]","[75.6415295,41.1812796,80.2267802796872,42.939487]",0.2197109,0,4.58525078,within_safe_vector_latitude,not_run+unchanged,2,
adm1,38789647B49701521312730,Chuy Region,KGZ,True,"[73.057557,41.8321626,77.2269282,43.2667971]","[73.057557,41.8321626,77.2269282,43.2667971]",0.185167,0,4.1693712,within_safe_vector_latitude,not_run+unchanged,1,
adm1,38789647B68189783551847,Naryn Region,KGZ,True,"[73.3869333,40.2797924,77.9069014,42.4519713]","[73.3869333,40.2797924,77.9069014,42.4519713]",0.2197109,0,4.5199681,within_safe_vector_latitude,not_run+unchanged,2,
adm1,31783359B80437097027275,Xaignabouli,LAO,True,"[100.403966,17.466794299999982,101.8967336,19.935522700000035]","[100.403966,17.466794299999982,101.8967336,19.935522700000035]",0.0485317,0,1.4927676,within_safe_vector_latitude,not_run+unchanged,2,
adm1,31783359B8999899719232,Attapeu,LAO,True,"[106.1711306,14.2928118,107.59593105607343,15.2886074]","[106.1711306,14.2928118,107.59593105607343,15.2886074]",0.075775565,0,1.424800456,within_safe_vector_latitude,not_run+unchanged,1,
adm1,31783359B18099798035754,Bokeo,LAO,True,"[100.0854271,19.7696277,101.2546778,20.844302587812006]","[100.0854271,19.7696277,101.2546778,20.844302587812006]",0.036364191,0,1.1692507,within_safe_vector_latitude,not_run+unchanged,2,
adm1,31783359B52686694059818,Bolikhamsai,LAO,True,"[102.8102281,17.869778994818745,105.25880779999999,19.119953228000043]","[102.8102281,17.869778994818745,105.25880779999999,19.119953228000043]",0.1629457,0,2.4485797,within_safe_vector_latitude,not_run+unchanged,1,
adm1,31783359B26227132251916,Champasak,LAO,True,"[105.19782954222647,13.909753163635505,106.8281934,15.4701345]","[105.19782954222647,13.909753163635505,106.8281934,15.4701345]",0.044489364,0,1.630363858,within_safe_vector_latitude,not_run+unchanged,1,
adm1,31783359B1064119540000,Houaphan,LAO,True,"[103.10917249999999,19.6149572,104.9899516756797,20.9761448]","[103.10917249999999,19.6149572,104.9899516756797,20.9761448]",0.294388633,0,1.880779176,within_safe_vector_latitude,not_run+unchanged,1,
adm1,31783359B32687543126582,Khammouane,LAO,True,"[104.2703965,16.9006317,106.42596498450179,18.26602150900004]","[104.2703965,16.9006317,106.42596498450179,18.26602150900004]",0.197901655,0,2.155568485,within_safe_vector_latitude,not_run+unchanged,1,
adm1,31783359B96178998933928,Luang Namtha,LAO,True,"[100.50942759762927,20.3015951,101.7751464,21.564407922478413]","[100.50942759762927,20.3015951,101.7751464,21.564407922478413]",0.222964488,0,1.265718802,within_safe_vector_latitude,not_run+unchanged,2,
adm1,31783359B8337285946490,Luang Prabang,LAO,True,"[101.72238389999998,19.0422543,103.40046970000002,21.1353428]","[101.72238389999998,19.0422543,103.40046970000002,21.1353428]",0.0573998,0,1.6780858,within_safe_vector_latitude,not_run+unchanged,1,
adm1,31783359B43569910510083,Oudomxay,LAO,True,"[100.7282531,19.8164492,102.3573817,21.2145666]","[100.7282531,19.8164492,102.3573817,21.2145666]",0.0485317,0,1.6291286,within_safe_vector_latitude,not_run+unchanged,2,
adm1,31783359B48269776417908,Phongsaly,LAO,True,"[101.54867165500008,20.8431977,102.99769622759891,22.502872]","[101.54867165500008,20.8431977,102.99769622759891,22.502872]",0.074053908,0,1.449024573,within_safe_vector_latitude,not_run+unchanged,2,
adm1,31783359B10266600227606,Salavan,LAO,True,"[105.342227,15.2783359,107.15695429827564,16.548915802579632]","[105.342227,15.2783359,107.15695429827564,16.548915802579632]",0.104408149,0,1.814727298,within_safe_vector_latitude,not_run+unchanged,1,
adm1,31783359B41032705110141,Savannakhet,LAO,True,"[104.733866,15.8767606,106.79832920000001,17.1234495]","[104.733866,15.8767606,106.79832920000001,17.1234495]",0.071545779,0,2.0644632,within_safe_vector_latitude,not_run+unchanged,1,
adm1,31783359B97264007138888,Vientiane Capital,LAO,True,"[102.0115351,17.80327,103.102812,18.4371276]","[102.0115351,17.80327,103.102812,18.4371276]",0.041792737,0,1.0912769,within_safe_vector_latitude,not_run+unchanged,1,
adm1,31783359B43191608929261,Vientiane,LAO,True,"[101.3862423,17.8135368,102.8984454,19.4135669]","[101.3862423,17.8135368,102.8984454,19.4135669]",0.0573998,0,1.5122031,within_safe_vector_latitude,not_run+unchanged,1,
adm1,31783359B37921942896223,Xaisomboun,LAO,True,"[102.5427767,18.4541896,103.899078,19.3114892]","[102.5427767,18.4541896,103.899078,19.3114892]",0.1629457,0,1.3563013,within_safe_vector_latitude,not_run+unchanged,1,
adm1,31783359B64397225362620,Xekong,LAO,True,"[106.3007149,15.0284181,107.63497669219367,16.189325437842164]","[106.3007149,15.0284181,107.63497669219367,16.189325437842164]",0.111896079,0,1.334261792,within_safe_vector_latitude,not_run+unchanged,1,
adm1,31783359B28405124024719,Xiangkhouang,LAO,True,"[102.6510504,18.7952608,104.28568499754651,20.0365965]","[102.6510504,18.7952608,104.28568499754651,20.0365965]",0.094550609,0,1.634634598,within_safe_vector_latitude,not_run+unchanged,1,
adm1,71098776B79799475449991,Alūksnes novads,LVA,True,"[26.594788325000025,57.22511474200007,27.692673455000033,57.633316741000044]","[26.594788325000025,57.22511474200007,27.692673455000033,57.633316741000044]",0.045259557,0,1.09788513,within_safe_vector_latitude,not_run+unchanged,1,
adm1,71098776B86236730304515,Līvānu novads,LVA,True,"[26.085221271000023,56.18115062900006,26.61098372500004,56.52175168100007]","[26.085221271000023,56.18115062900006,26.61098372500004,56.52175168100007]",0.039411749,0,0.525762454,within_safe_vector_latitude,not_run+unchanged,1,
adm1,71098776B5661553593199,Gulbenes novads,LVA,True,"[25.996354206000035,56.94385974000005,27.163065063000033,57.40878143100008]","[25.996354206000035,56.94385974000005,27.163065063000033,57.40878143100008]",0.066314101,0,1.166710857,within_safe_vector_latitude,not_run+unchanged,1,
adm1,71098776B75589501739909,Ventspils novads,LVA,True,"[21.333832320000056,56.93883850200007,22.32004826700006,57.65630879855587]","[21.333832320000056,56.93883850200007,22.32004826700006,57.65630879855587]",0.055004126,0,0.986215947,within_safe_vector_latitude,not_run+unchanged,1,
adm1,71098776B61604579096819,Valkas novads,LVA,True,"[25.476265200000057,57.49895887500003,26.371746761000054,57.924156239523114]","[25.476265200000057,57.49895887500003,26.371746761000054,57.924156239523114]",0.034127849,0,0.895481561,within_safe_vector_latitude,not_run+unchanged,1,
adm1,71098776B26557032040822,Salaspils novads,LVA,True,"[24.191198994000047,56.82174514400003,24.51787783900005,56.924741622000056]","[24.191198994000047,56.82174514400003,24.51787783900005,56.924741622000056]",0.029209658,0,0.326678845,within_safe_vector_latitude,not_run+unchanged,1,
adm1,71098776B72876713406332,Jelgavas,LVA,True,"[23.623499521000042,56.59686861400007,23.799571462000074,56.69180054800006]","[23.623499521000042,56.59686861400007,23.799571462000074,56.69180054800006]",0.031182767,0,0.176071941,within_safe_vector_latitude,not_run+unchanged,1,
adm1,71098776B7836540053544,Rēzeknes,LVA,True,"[27.30322269100003,56.47772953300006,27.379346618000056,56.53808801000008]","[27.30322269100003,56.47772953300006,27.379346618000056,56.53808801000008]",0.014755237,0,0.076123927,within_safe_vector_latitude,not_run+unchanged,1,
adm1,71098776B69315771541786,Jūrmalas,LVA,True,"[23.473392371000045,56.92380807100005,23.970957011000053,57.00535965000006]","[23.473392371000045,56.92380807100005,23.970957011000053,57.00535965000006]",0.039802436,0,0.49756464,within_safe_vector_latitude,not_run+unchanged,1,
adm1,71098776B54416336216712,Ventspils,LVA,True,"[21.517383820000077,57.347987784000054,21.673473771000033,57.470581250000066]","[21.517383820000077,57.347987784000054,21.673473771000033,57.470581250000066]",0.026462021,0,0.156089951,within_safe_vector_latitude,not_run+unchanged,1,
adm1,71098776B41268812817743,Rīga,LVA,True,"[23.945543434000058,56.85734619300007,24.324243677000027,57.08606540926229]","[23.945543434000058,56.85734619300007,24.324243677000027,57.08606540926229]",0.035810496,0,0.378700243,within_safe_vector_latitude,not_run+unchanged,1,
adm1,71098776B36836907015105,Liepājas,LVA,True,"[20.98074913100004,56.46549808992127,21.10574035600007,56.609051718000046]","[20.98074913100004,56.46549808992127,21.10574035600007,56.609051718000046]",0.021606781,0,0.124991225,within_safe_vector_latitude,not_run+unchanged,1,
adm1,71098776B71258051821866,Dienvidkurzemes novads,LVA,True,"[20.971155728000042,56.06919138100005,22.01164374700005,56.97556751700006]","[20.971155728000042,56.06919138100005,22.01164374700005,56.97556751700006]",0.022645951,0,1.040488019,within_safe_vector_latitude,not_run+unchanged,1,
adm1,71098776B9951399870342,Kuldīgas novads,LVA,True,"[21.39422875300005,56.49759960400007,22.50434129300004,57.18598381900006]","[21.39422875300005,56.49759960400007,22.50434129300004,57.18598381900006]",0.055004126,0,1.11011254,within_safe_vector_latitude,not_run+unchanged,2,
adm1,71098776B25519893452051,Saldus novads,LVA,True,"[21.939222845000074,56.35159704200004,22.928613419000044,56.92794722000008]","[21.939222845000074,56.35159704200004,22.928613419000044,56.92794722000008]",0.033322082,0,0.989390574,within_safe_vector_latitude,not_run+unchanged,2,
adm1,71098776B72530071307653,Talsu novads,LVA,True,"[22.076572557000077,57.00384057100007,23.14699773600006,57.758992712000065]","[22.076572557000077,57.00384057100007,23.14699773600006,57.758992712000065]",0.043197096,0,1.070425179,within_safe_vector_latitude,not_run+unchanged,2,
adm1,71098776B88120504169111,Tukuma novads,LVA,True,"[22.44316376100005,56.68855007600007,23.55194653785674,57.31623038600003]","[22.44316376100005,56.68855007600007,23.55194653785674,57.31623038600003]",0.037615536,0,1.108782777,within_safe_vector_latitude,not_run+unchanged,2,
adm1,71098776B58439830015402,Dobeles novads,LVA,True,"[22.710577415000046,56.30463896800006,23.53032137100007,56.81834770300003]","[22.710577415000046,56.30463896800006,23.53032137100007,56.81834770300003]",0.037615536,0,0.819743956,within_safe_vector_latitude,not_run+unchanged,1,
adm1,71098776B34309626401644,Jelgavas novads,LVA,True,"[23.39245663400004,56.320517978000055,24.122966029000054,56.89572635400003]","[23.39245663400004,56.320517978000055,24.122966029000054,56.89572635400003]",0.044945837,0,0.730509395,within_safe_vector_latitude,not_run+unchanged,1,
adm1,71098776B68624450600982,Mārupes novads,LVA,True,"[23.494324695000046,56.80081834300006,24.082076193000034,56.98911549300004]","[23.494324695000046,56.80081834300006,24.082076193000034,56.98911549300004]",0.044945837,0,0.587751498,within_safe_vector_latitude,not_run+unchanged,1,
adm1,71098776B97467876462064,Bauskas novads,LVA,True,"[23.828019493000056,56.24890313700007,25.03573302600006,56.71808291900004]","[23.828019493000056,56.24890313700007,25.03573302600006,56.71808291900004]",0.057920667,0,1.207713533,within_safe_vector_latitude,not_run+unchanged,1,
adm1,71098776B85146594431848,Ogres novads,LVA,True,"[24.432586723000043,56.54034087100007,25.550480364000066,56.99752166700006]","[24.432586723000043,56.54034087100007,25.550480364000066,56.99752166700006]",0.057920667,0,1.117893641,within_safe_vector_latitude,not_run+unchanged,1,
adm1,71098776B85643540098422,Aizkraukles novads,LVA,True,"[24.891750149000075,56.14491203772518,25.94846960600006,56.829355416000055]","[24.891750149000075,56.14491203772518,25.94846960600006,56.829355416000055]",0.034987607,0,1.056719457,within_safe_vector_latitude,not_run+unchanged,1,
adm1,71098776B48937535890319,Jēkabpils novads,LVA,True,"[25.29013153300008,56.05200236100006,26.624898993000045,56.665407480000056]","[25.29013153300008,56.05200236100006,26.624898993000045,56.665407480000056]",0.104766433,0,1.33476746,within_safe_vector_latitude,not_run+unchanged,1,
adm1,71098776B32517746264485,Ludzas novads,LVA,True,"[27.345042584000055,56.13646868500007,28.241401517381053,56.879025]","[27.345042584000055,56.13646868500007,28.241401517381053,56.879025]",0.053338377,0,0.896358933,within_safe_vector_latitude,not_run+unchanged,1,
adm1,71098776B8434036234200,Rēzeknes novads,LVA,True,"[26.722784241000056,56.17118136300007,27.723128597000027,56.83081634800004]","[26.722784241000056,56.17118136300007,27.723128597000027,56.83081634800004]",0.040165688,0,1.000344356,within_safe_vector_latitude,not_run+unchanged,1,
adm1,71098776B22234049819432,Balvu novads,LVA,True,"[26.856397061000052,56.78043999100004,27.8701565,57.37047607936802]","[26.856397061000052,56.78043999100004,27.8701565,57.37047607936802]",0.053338377,0,1.013759439,within_safe_vector_latitude,not_run+unchanged,1,
adm1,71098776B63357041229203,Madonas novads,LVA,True,"[25.479693404000045,56.58526073100006,26.991466712000033,57.10206569800005]","[25.479693404000045,56.58526073100006,26.991466712000033,57.10206569800005]",0.04915012,0,1.511773308,within_safe_vector_latitude,not_run+unchanged,1,
adm1,71098776B38544645515098,Smiltenes novads,LVA,True,"[25.507552691000058,57.182527949000075,26.842578993000075,57.58769822100004]","[25.507552691000058,57.182527949000075,26.842578993000075,57.58769822100004]",0.066314101,0,1.335026302,within_safe_vector_latitude,not_run+unchanged,1,
adm1,71098776B7317746382863,Cēsu novads,LVA,True,"[24.785124298000028,56.92612147800003,26.166141856000024,57.50562656500006]","[24.785124298000028,56.92612147800003,26.166141856000024,57.50562656500006]",0.041409645,0,1.381017558,within_safe_vector_latitude,not_run+unchanged,1,
adm1,71098776B18023994711883,Valmieras novads,LVA,True,"[24.83396844400005,57.38351960500006,25.99439321500006,58.08556875732702]","[24.83396844400005,57.38351960500006,25.99439321500006,58.08556875732702]",0.0831448,0,1.160424771,within_safe_vector_latitude,not_run+unchanged,1,
adm1,71098776B78485662562022,Ādažu novads,LVA,True,"[24.11696060400004,57.02674503500003,24.509105456000043,57.19579293400005]","[24.11696060400004,57.02674503500003,24.509105456000043,57.19579293400005]",0.031976883,0,0.392144852,within_safe_vector_latitude,not_run+unchanged,1,
adm1,71098776B49730814014776,Ropažu novads,LVA,True,"[24.153054851000036,56.870241761000045,24.820866215000024,57.105649147000065]","[24.153054851000036,56.870241761000045,24.820866215000024,57.105649147000065]",0.033657698,0,0.667811364,within_safe_vector_latitude,not_run+unchanged,1,
adm1,71098776B50948551270506,Siguldas novads,LVA,True,"[24.498414796000077,56.92289646800003,25.157068225000046,57.41006052500006]","[24.498414796000077,56.92289646800003,25.157068225000046,57.41006052500006]",0.086552667,0,0.658653429,within_safe_vector_latitude,not_run+unchanged,1,
adm1,71098776B20667457444759,Preiļu novads,LVA,True,"[26.29084666700004,56.05772114100006,27.144088873000044,56.56052209200004]","[26.29084666700004,56.05772114100006,27.144088873000044,56.56052209200004]",0.056912627,0,0.853242206,within_safe_vector_latitude,not_run+unchanged,1,
adm1,71098776B38282481952649,Krāslavas novads,LVA,True,"[26.928250370000058,55.783682,28.095863439000027,56.26169754800003]","[26.928250370000058,55.783682,28.095863439000027,56.26169754800003]",0.082844369,0,1.167613069,within_safe_vector_latitude,not_run+unchanged,1,
adm1,71098776B82164502050739,Daugavpils,LVA,True,"[26.437998744000026,55.83475181500006,26.636175196000067,55.95757521300004]","[26.437998744000026,55.83475181500006,26.636175196000067,55.95757521300004]",0.019943708,0,0.198176452,within_safe_vector_latitude,not_run+unchanged,1,
adm1,71098776B65259108099076,Ķekavas novads,LVA,True,"[24.007824861000074,56.65951240800007,24.544000701000073,56.91006121400005]","[24.007824861000074,56.65951240800007,24.544000701000073,56.91006121400005]",0.046294981,0,0.53617584,within_safe_vector_latitude,not_run+unchanged,1,
adm1,71098776B7518739434496,Olaines novads,LVA,True,"[23.748545268000044,56.663942672000076,24.256351624000047,56.88046150100007]","[23.748545268000044,56.663942672000076,24.256351624000047,56.88046150100007]",0.046294981,0,0.507806356,within_safe_vector_latitude,not_run+unchanged,1,
adm1,71098776B45130970792207,Saulkrastu novads,LVA,True,"[24.336929416000032,57.10810649800004,24.684655727000063,57.350282648000075]","[24.336929416000032,57.10810649800004,24.684655727000063,57.350282648000075]",0.034834897,0,0.347726311,within_safe_vector_latitude,not_run+unchanged,1,
adm1,71098776B19754450586287,Limbažu novads,LVA,True,"[24.333166057000028,57.22144892700004,25.09997331200003,57.99051742600005]","[24.333166057000028,57.22144892700004,25.09997331200003,57.99051742600005]",0.086552667,0,0.766807255,within_safe_vector_latitude,not_run+unchanged,1,
adm1,71098776B31603947980404,Augšdaugavas novads,LVA,True,"[25.820430540000075,55.674681365000026,26.98456094100004,56.208226886000034]","[25.820430540000075,55.674681365000026,26.98456094100004,56.208226886000034]",0.072453838,0,1.164130401,within_safe_vector_latitude,not_run+unchanged,2,
adm1,71098776B4894818931549,Varakļānu novads,LVA,True,"[26.376042722000022,56.534897099000034,26.791854769000054,56.71461368900003]","[26.376042722000022,56.534897099000034,26.791854769000054,56.71461368900003]",0.104766433,0,0.415812047,within_safe_vector_latitude,not_run+unchanged,1,
adm1,68408151B19672163648714,Baalbek-Hermel,LBN,True,"[35.875877199970546,33.816547099749585,36.614731139212324,34.51778101947616]","[35.875877199970546,33.816547099749585,36.614731139212324,34.51778101947616]",0.046893315,0,0.738853939,within_safe_vector_latitude,not_run+unchanged,1,
adm1,68408151B13555465262434,Beyrouth,LBN,True,"[35.4685371363957,33.864343799159485,35.54022614764483,33.904445648000035]","[35.4685371363957,33.864343799159485,35.54022614764483,33.904445648000035]",0.029862494,0,0.071689011,within_safe_vector_latitude,not_run+unchanged,1,
adm1,68408151B65529488220063,Liban-Nord,LBN,True,"[35.64849987275027,34.13713182726275,36.287325932229294,34.51431295415971]","[35.64849987275027,34.13713182726275,36.287325932229294,34.51431295415971]",0.072315581,0,0.638826059,within_safe_vector_latitude,not_run+unchanged,1,
adm1,68408151B78911970066467,Mont-Liban,LBN,True,"[35.3867800855698,33.48947331501972,35.89951841650486,33.97814620247664]","[35.3867800855698,33.48947331501972,35.89951841650486,33.97814620247664]",0.057247088,0,0.512738331,within_safe_vector_latitude,not_run+unchanged,1,
adm1,68408151B17317068268844,Liban-Sud,LBN,True,"[35.107074022348286,33.085197,35.63598710072928,33.59369278740951]","[35.107074022348286,33.085197,35.63598710072928,33.59369278740951]",0.049924785,0,0.528913078,within_safe_vector_latitude,not_run+unchanged,1,
adm1,68408151B46493486830483,Nabatîyé,LBN,True,"[35.29826104451166,33.055026,35.85926085627837,33.50577520136511]","[35.29826104451166,33.055026,35.85926085627837,33.50577520136511]",0.049924785,0,0.560999812,within_safe_vector_latitude,not_run+unchanged,1,
adm1,68408151B59549752014872,Béqaa,LBN,True,"[35.615825684674974,33.414193382271094,36.089183277532186,33.93279825652536]","[35.615825684674974,33.414193382271094,36.089183277532186,33.93279825652536]",0.052434272,0,0.473357593,within_safe_vector_latitude,not_run+unchanged,1,
adm1,68408151B85296590469481,Aakkâr,LBN,True,"[35.95624888144493,34.41188459111959,36.458204489540606,34.69209]","[35.95624888144493,34.41188459111959,36.458204489540606,34.69209]",0.072315581,0,0.501955608,within_safe_vector_latitude,not_run+unchanged,1,
adm1,68408151B4671352582534,Keserwan-Jbeil,LBN,True,"[35.596782649173235,33.94007817134815,36.01503140582332,34.21210624217738]","[35.596782649173235,33.94007817134815,36.01503140582332,34.21210624217738]",0.057354297,0,0.418248757,within_safe_vector_latitude,not_run+unchanged,1,
adm1,63558799B62052207870559,Mokhotlong District,LSO,True,"[28.5562949,-29.5566863,29.455698238176538,-28.75607]","[28.5562949,-29.5566863,29.455698238176538,-28.75607]",0.135355,0,0.899403338,within_safe_vector_latitude,not_run+unchanged,1,
adm1,63558799B83139219064193,Maseru District,LSO,True,"[27.2946647,-29.96271,28.31438,-29.282078739670855]","[27.2946647,-29.96271,28.31438,-29.282078739670855]",0.0308515,0,1.0197153,within_safe_vector_latitude,not_run+unchanged,1,
adm1,63558799B80267127102175,Butha-Buthe District,LSO,True,"[28.223292,-29.0860483,28.8173,-28.5710475]","[28.223292,-29.0860483,28.8173,-28.5710475]",0.02176,0,0.594008,within_safe_vector_latitude,not_run+unchanged,1,
adm1,63558799B8829159228001,Mohale's Hoek District,LSO,True,"[27.177661277415154,-30.4148305,28.5918435,-29.78733]","[27.177661277415154,-30.4148305,28.5918435,-29.78733]",0.037725945,0,1.414182223,within_safe_vector_latitude,not_run+unchanged,1,
adm1,63558799B33254441338778,Mafeteng District,LSO,True,"[27.0114832,-30.0580625,28.0643947,-29.526375649338306]","[27.0114832,-30.0580625,28.0643947,-29.526375649338306]",0.0308515,0,1.0529115,within_safe_vector_latitude,not_run+unchanged,1,
adm1,63558799B90026421394578,Quthing District,LSO,True,"[27.559761721493018,-30.675505,28.3704782,-30.0228824]","[27.559761721493018,-30.675505,28.3704782,-30.0228824]",0.03213,0,0.810716479,within_safe_vector_latitude,not_run+unchanged,1,
adm1,63558799B64035332832072,Berea District,LSO,True,"[27.5109297,-29.3952809,28.2905673,-28.9464592]","[27.5109297,-29.3952809,28.2905673,-28.9464592]",0.01821,0,0.7796376,within_safe_vector_latitude,not_run+unchanged,1,
adm1,63558799B97764260128978,Thaba-Tseka District,LSO,True,"[28.093063,-29.897018,29.324694972069405,-29.1189398]","[28.093063,-29.897018,29.324694972069405,-29.1189398]",0.135355,0,1.231631972,within_safe_vector_latitude,not_run+unchanged,1,
adm1,63558799B57972026302791,Qacha's Nek District,LSO,True,"[28.2257382,-30.16965,29.16936431099911,-29.7094595]","[28.2257382,-30.16965,29.16936431099911,-29.7094595]",0.02483,0,0.943626111,within_safe_vector_latitude,not_run+unchanged,1,
adm1,63558799B58245420334254,Leribe District,LSO,True,"[27.639577249890454,-29.3707956,28.7924785,-28.69482]","[27.639577249890454,-29.3707956,28.7924785,-28.69482]",0.02176,0,1.15290125,within_safe_vector_latitude,not_run+unchanged,1,
adm1,1627179B80972729563959,Bomi,LBR,True,"[-11.088486522999972,6.477530549000051,-10.504205203999959,6.984721350000029]","[-11.088486522999972,6.477530549000051,-10.504205203999959,6.984721350000029]",0.066265145,0,0.584281319,within_safe_vector_latitude,not_run+unchanged,1,
adm1,1627179B61083292869492,Bong,LBR,True,"[-10.50932114799997,6.426788531000057,-9.069433,7.434455828000068]","[-10.50932114799997,6.426788531000057,-9.069433,7.434455828000068]",0.117797094,0,1.439888148,within_safe_vector_latitude,not_run+unchanged,1,
adm1,1627179B68944354302681,Gbarpolu,LBR,True,"[-10.948095536999972,6.843837269000062,-9.636307138999939,8.013504453000053]","[-10.948095536999972,6.843837269000062,-9.636307138999939,8.013504453000053]",0.117797094,0,1.311788398,within_safe_vector_latitude,not_run+unchanged,1,
adm1,1627179B88241484252267,Grand Bassa,LBR,True,"[-10.379699556850651,5.573125547000075,-9.158322317999932,6.745834315000025]","[-10.379699556850651,5.573125547000075,-9.158322317999932,6.745834315000025]",0.058860671,0,1.22063401,within_safe_vector_latitude,not_run+unchanged,1,
adm1,1627179B74258959251724,Grand Cape Mount,LBR,True,"[-11.497010110384624,6.581097277203188,-10.515434063999976,7.531293379786339]","[-11.497010110384624,6.581097277203188,-10.515434063999976,7.531293379786339]",0.069148531,0,0.981576046,within_safe_vector_latitude,not_run+unchanged,2,
adm1,1627179B37296174914995,Grand Gedeh,LBR,True,"[-9.095888908999939,5.493837915000029,-7.373869,6.503914908452922]","[-9.095888908999939,5.493837915000029,-7.373869,6.503914908452922]",0.112125968,0,1.722019909,within_safe_vector_latitude,not_run+unchanged,1,
adm1,1627179B73218899246114,Grand Kru,LBR,True,"[-8.708703440999955,4.457028247376127,-7.797045573999981,5.170631426000057]","[-8.708703440999955,4.457028247376127,-7.797045573999981,5.170631426000057]",0.121157996,0,0.911657867,within_safe_vector_latitude,not_run+unchanged,1,
adm1,1627179B56799731812869,Lofa,LBR,True,"[-10.606377745282389,7.17609862200004,-9.343918,8.551934083551092]","[-10.606377745282389,7.17609862200004,-9.343918,8.551934083551092]",0.103822466,0,1.262459745,within_safe_vector_latitude,not_run+unchanged,1,
adm1,1627179B42027709959095,Margibi,LBR,True,"[-10.659051958999953,6.127054947041567,-9.873201496999968,6.897003936000033]","[-10.659051958999953,6.127054947041567,-9.873201496999968,6.897003936000033]",0.064449831,0,0.785850462,within_safe_vector_latitude,not_run+unchanged,1,
adm1,1627179B42926997018975,Maryland,LBR,True,"[-8.08771375899994,4.354445428000076,-7.531453825523365,5.141823066000029]","[-8.08771375899994,4.354445428000076,-7.531453825523365,5.141823066000029]",0.07681231,0,0.556259933,within_safe_vector_latitude,not_run+unchanged,1,
adm1,1627179B44982627598129,Montserrado,LBR,True,"[-10.958459585667262,6.217820132455242,-10.367941077999944,6.826793104000046]","[-10.958459585667262,6.217820132455242,-10.367941077999944,6.826793104000046]",0.060366919,0,0.590518508,within_safe_vector_latitude,not_run+unchanged,1,
adm1,1627179B84371361469065,Nimba,LBR,True,"[-9.220284479999975,5.819323802000042,-8.275061,7.699958554305011]","[-9.220284479999975,5.819323802000042,-8.275061,7.699958554305011]",0.078182485,0,0.94522348,within_safe_vector_latitude,not_run+unchanged,1,
adm1,1627179B79218106656993,River Gee,LBR,True,"[-8.252782518999936,4.821811251783507,-7.369435488648022,5.605840261000026]","[-8.252782518999936,4.821811251783507,-7.369435488648022,5.605840261000026]",0.112125968,0,0.88334703,within_safe_vector_latitude,not_run+unchanged,1,
adm1,1627179B71095179953326,Rivercess,LBR,True,"[-9.73319328499997,5.27402345400003,-9.06762790299996,6.499243406000062]","[-9.73319328499997,5.27402345400003,-9.06762790299996,6.499243406000062]",0.078182485,0,0.665565382,within_safe_vector_latitude,not_run+unchanged,1,
adm1,1627179B77023488056889,Sinoe,LBR,True,"[-9.425786133999964,4.807511122000051,-8.072421682999959,5.86136807500003]","[-9.425786133999964,4.807511122000051,-8.072421682999959,5.86136807500003]",0.114042724,0,1.353364451,within_safe_vector_latitude,not_run+unchanged,1,
adm1,10800210B65194490964920,Ghadamis,LBY,True,"[9.392101361772383,28.544898790546824,11.951859979254664,32.41005519160249]","[9.392101361772383,28.544898790546824,11.951859979254664,32.41005519160249]",0.627972005,0,2.559758617,within_safe_vector_latitude,not_run+unchanged,4,
adm1,10800210B63841479422356,An Nuqat al Khams,LBY,True,"[11.511281230785949,32.307563178198166,12.564757912041655,33.122896640948994]","[11.511281230785949,32.307563178198166,12.564757912041655,33.122896640948994]",0.599446614,0,1.053476681,within_safe_vector_latitude,not_run+unchanged,1,
adm1,10800210B89898169718474,Al Kufrah,LBY,True,"[19.16806033691506,19.50992594525298,25.019167,30.9383183198468]","[19.16806033691506,19.50992594525298,25.019167,30.9383183198468]",2.753010254,0,5.851106663,within_safe_vector_latitude,not_run+unchanged,4,
adm1,10800210B53073192190863,Murzuq,LBY,True,"[11.334016554220625,21.950509224596708,19.18548993262374,27.075169379163583]","[11.334016554220625,21.950509224596708,19.18548993262374,27.075169379163583]",1.452107747,0,7.851473378,within_safe_vector_latitude,not_run+unchanged,1,
adm1,10800210B28216506156245,Al Butnan,LBY,True,"[22.95656294122682,28.09670061284305,25.149538447000054,32.21180540466542]","[22.95656294122682,28.09670061284305,25.149538447000054,32.21180540466542]",1.919158534,0,2.192975506,within_safe_vector_latitude,not_run+unchanged,2,
adm1,10800210B39782956615971,Ajdabiya,LBY,True,"[18.49926394987142,27.00762828171986,24.98124475074468,31.215778770089482]","[18.49926394987142,27.00762828171986,24.98124475074468,31.215778770089482]",2.753010254,0,6.481980801,within_safe_vector_latitude,not_run+unchanged,2,
adm1,10800210B20515568933500,Ash Shati',LBY,True,"[9.834810692000076,26.217469793796,15.894048292794537,29.552460029306985]","[9.834810692000076,26.217469793796,15.894048292794537,29.552460029306985]",1.637626139,0,6.059237601,within_safe_vector_latitude,not_run+unchanged,2,
adm1,10800210B26344076542723,Ghat,LBY,True,"[9.41993828842235,24.32633855817795,11.467240355857768,27.81445043401743]","[9.41993828842235,24.32633855817795,11.467240355857768,27.81445043401743]",0.946475247,0,2.047302067,within_safe_vector_latitude,not_run+unchanged,2,
adm1,10800210B41812565387288,Surt,LBY,True,"[16.115636833772896,28.502084865724044,18.780528191422945,31.250444948296256]","[16.115636833772896,28.502084865724044,18.780528191422945,31.250444948296256]",0.737023706,0,2.664891358,within_safe_vector_latitude,not_run+unchanged,1,
adm1,10800210B58781405840719,Misratah,LBY,True,"[13.397663201895284,29.37676015925399,16.5312187025811,32.43970588500002]","[13.397663201895284,29.37676015925399,16.5312187025811,32.43970588500002]",0.738456217,0,3.133555501,within_safe_vector_latitude,not_run+unchanged,2,
adm1,10800210B66581866957995,Al Marqab,LBY,True,"[13.236432732884339,31.967764796807955,14.753858707499916,32.75823593404118]","[13.236432732884339,31.967764796807955,14.753858707499916,32.75823593404118]",0.724400227,0,1.517425975,within_safe_vector_latitude,not_run+unchanged,1,
adm1,10800210B53685260454781,Tajura' wa an Nawahi al Arba,LBY,True,"[13.07633914633459,32.33373729074344,13.954435639892893,32.875712985113275]","[13.07633914633459,32.33373729074344,13.954435639892893,32.875712985113275]",0.718002907,0,0.878096494,within_safe_vector_latitude,not_run+unchanged,1,
adm1,10800210B15874653580067,Az Zawiyah,LBY,True,"[11.862666457091393,32.26020172802737,13.101734308132729,32.86887315535085]","[11.862666457091393,32.26020172802737,13.101734308132729,32.86887315535085]",0.956944173,0,1.239067851,within_safe_vector_latitude,not_run+unchanged,1,
adm1,10800210B44488917334986,Al Qubbah,LBY,True,"[21.9177632988372,30.799360663563846,23.249470605246007,32.90651209400005]","[21.9177632988372,30.799360663563846,23.249470605246007,32.90651209400005]",0.811685321,0,1.331707306,within_safe_vector_latitude,not_run+unchanged,4,
adm1,10800210B23470577588067,Al Jabal al Akhdar,LBY,True,"[21.357908588390305,31.065623481338662,22.112480096179524,32.90427968300003]","[21.357908588390305,31.065623481338662,22.112480096179524,32.90427968300003]",0.47338311,0,0.754571508,within_safe_vector_latitude,not_run+unchanged,2,
adm1,10800210B54463644997685,Al Marj,LBY,True,"[20.309282668160677,31.035056871277618,21.71715538901003,32.77609393600005]","[20.309282668160677,31.035056871277618,21.71715538901003,32.77609393600005]",0.673853829,0,1.407872721,within_safe_vector_latitude,not_run+unchanged,2,
adm1,10800210B74925506200485,Benghazi,LBY,True,"[19.92663514324636,31.006996568337,21.319040154779373,32.53868824290208]","[19.92663514324636,31.006996568337,21.319040154779373,32.53868824290208]",0.725330404,0,1.392405012,within_safe_vector_latitude,not_run+unchanged,2,
adm1,10800210B86029592505559,Al Jifarah,LBY,True,"[12.81961062972681,32.26020172802737,13.250798781138883,32.72120717976759]","[12.81961062972681,32.26020172802737,13.250798781138883,32.72120717976759]",0.431188151,0,0.431188151,within_safe_vector_latitude,not_run+unchanged,1,
adm1,10800210B39461050964926,Mizdah,LBY,True,"[11.589918246729724,28.43030630129482,14.950126580377457,32.317381700205374]","[11.589918246729724,28.43030630129482,14.950126580377457,32.317381700205374]",0.956944173,0,3.360208334,within_safe_vector_latitude,not_run+unchanged,2,
adm1,10800210B94224648391824,Al Jufrah,LBY,True,"[14.419823032007343,26.00376190848533,19.172194452012377,29.861950182155226]","[14.419823032007343,26.00376190848533,19.172194452012377,29.861950182155226]",0.794266765,0,4.75237142,within_safe_vector_latitude,not_run+unchanged,1,
adm1,10800210B80153830865201,Sabha,LBY,True,"[13.934374626687713,26.246873683873446,16.279657829845007,27.721202297448144]","[13.934374626687713,26.246873683873446,16.279657829845007,27.721202297448144]",1.452107747,0,2.345283203,within_safe_vector_latitude,not_run+unchanged,1,
adm1,10800210B2800497533490,Wadi al Hayaa,LBY,True,"[11.303666393888989,25.5514380971905,14.146248000245066,27.292184557271526]","[11.303666393888989,25.5514380971905,14.146248000245066,27.292184557271526]",1.637626139,0,2.842581606,within_safe_vector_latitude,not_run+unchanged,1,
adm1,41692755B66371769109520,Triesen,LIE,True,"[9.5127602,47.048729,9.603472,47.1244719]","[9.5127602,47.048729,9.603472,47.1244719]",0.0103422,0,0.0907118,within_safe_vector_latitude,not_run+unchanged,1,
adm1,41692755B68962474767900,Schellenberg,LIE,True,"[9.5294222,47.2240972,9.5674105,47.25247]","[9.5294222,47.2240972,9.5674105,47.25247]",0.0136469,0,0.0379883,within_safe_vector_latitude,not_run+unchanged,1,
adm1,41692755B90684947638296,Gamprin,LIE,True,"[9.4923349,47.1871201,9.5651924,47.2333097]","[9.4923349,47.1871201,9.5651924,47.2333097]",0.0133509,0,0.0452688,within_safe_vector_latitude,not_run+unchanged,1,
adm1,41692755B18610673403937,Triesenberg,LIE,True,"[9.5304765,47.0781382,9.6357143,47.1665343]","[9.5304765,47.0781382,9.6357143,47.1665343]",0.0109424,0,0.0581217,within_safe_vector_latitude,not_run+unchanged,1,
adm1,41692755B941757218579,Eschen,LIE,True,"[9.4878765,47.1868278,9.579003,47.2292154]","[9.4878765,47.1868278,9.579003,47.2292154]",0.0136638,0,0.0729964,within_safe_vector_latitude,not_run+unchanged,1,
adm1,41692755B33734108210637,Ruggell,LIE,True,"[9.510421219237752,47.2258092,9.5559307,47.270520741670985]","[9.510421219237752,47.2258092,9.5559307,47.270520741670985]",0.0136469,0,0.045509481,within_safe_vector_latitude,not_run+unchanged,1,
adm1,41692755B54662867343220,Mauren,LIE,True,"[9.5295102,47.1952079,9.585102495919987,47.2314552]","[9.5295102,47.1952079,9.585102495919987,47.2314552]",0.0136638,0,0.055592296,within_safe_vector_latitude,not_run+unchanged,1,
adm1,41692755B26730620500431,Schaan,LIE,True,"[9.485929,47.0607752675956,9.6246703,47.1942267]","[9.485929,47.0607752675956,9.6246703,47.1942267]",0.0094858,0,0.0806928,within_safe_vector_latitude,not_run+unchanged,1,
adm1,41692755B63992629942054,Balzers,LIE,True,"[9.471785444000034,47.04908995900007,9.6343833,47.16454428599915]","[9.471785444000034,47.04908995900007,9.6343833,47.16454428599915]",0.017935828,0,0.067967356,within_safe_vector_latitude,not_run+unchanged,1,
adm1,41692755B23424129986871,Planken,LIE,True,"[9.524455,47.1560628,9.591404283913567,47.1925027]","[9.524455,47.1560628,9.591404283913567,47.1925027]",0.0109424,0,0.0329089,within_safe_vector_latitude,not_run+unchanged,1,
adm1,41692755B54479018835512,Vaduz,LIE,True,"[9.49543211466293,47.0870567,9.6116778,47.1940393]","[9.49543211466293,47.0870567,9.6116778,47.1940393]",0.0103422,0,0.061840685,within_safe_vector_latitude,not_run+unchanged,1,
adm1,39236102B43626903589456,Utena County,LTU,True,"[24.6528121,55.0316516,26.835475,55.944521]","[24.6528121,55.0316516,26.835475,55.944521]",0.1117889,0,2.1826629,within_safe_vector_latitude,not_run+unchanged,2,
adm1,39236102B36357844716419,Marijampole County,LTU,True,"[22.5892361,54.25330204924799,23.7937027,55.1051333]","[22.5892361,54.25330204924799,23.7937027,55.1051333]",0.0606707,0,1.2044666,within_safe_vector_latitude,not_run+unchanged,1,
adm1,39236102B79521903246642,Vilnius County,LTU,True,"[24.3850396,54.126910912608594,26.7589037,55.5177239]","[24.3850396,54.126910912608594,26.7589037,55.5177239]",0.147325512,0,2.3738641,within_safe_vector_latitude,not_run+unchanged,1,
adm1,39236102B83915359981162,Panevezys County,LTU,True,"[23.8795558,55.3872229,26.045950778000076,56.45023758279916]","[23.8795558,55.3872229,26.045950778000076,56.45023758279916]",0.1117889,0,2.166394978,within_safe_vector_latitude,not_run+unchanged,2,
adm1,39236102B54951608919811,Kaunas County,LTU,True,"[22.6699568,54.455405,24.8114991,55.576743]","[22.6699568,54.455405,24.8114991,55.576743]",0.0832237,0,2.1415423,within_safe_vector_latitude,not_run+unchanged,1,
adm1,39236102B93217040597196,Alytus County,LTU,True,"[23.3117605,53.896794990000046,25.0256322,54.562617]","[23.3117605,53.896794990000046,25.0256322,54.562617]",0.114411217,0,1.7138717,within_safe_vector_latitude,not_run+unchanged,1,
adm1,39236102B21585051382269,Klaipeda County,LTU,True,"[20.953823236695605,55.1805708,22.0247628,56.3852682]","[20.953823236695605,55.1805708,22.0247628,56.3852682]",0.0475413,0,0.975484541,within_safe_vector_latitude,not_run+unchanged,2,
adm1,39236102B31218690811927,Telsiai County,LTU,True,"[21.511856,55.5969521,22.737733,56.43234850517761]","[21.511856,55.5969521,22.737733,56.43234850517761]",0.0583361,0,1.225877,within_safe_vector_latitude,not_run+unchanged,4,
adm1,39236102B46747206322764,Siauliai County,LTU,True,"[22.4662742,55.4644425,24.1823228,56.414850377399766]","[22.4662742,55.4644425,24.1823228,56.414850377399766]",0.0832237,0,1.7160486,within_safe_vector_latitude,not_run+unchanged,4,
adm1,39236102B1026114868474,Taurage County,LTU,True,"[21.649974,55.02407045881525,23.5044078,55.6887944]","[21.649974,55.02407045881525,23.5044078,55.6887944]",0.0630816,0,1.8544338,within_safe_vector_latitude,not_run+unchanged,2,
adm1,76397094B75044033408583,Canton Echternach,LUX,True,"[6.2366543,49.730415,6.53085407830383,49.8598843]","[6.2366543,49.730415,6.53085407830383,49.8598843]",0.0094375,0,0.294199778,within_safe_vector_latitude,not_run+unchanged,1,
adm1,76397094B81286574502905,Canton Grevenmacher,LUX,True,"[6.166998,49.5900402,6.517149,49.755653]","[6.166998,49.5900402,6.517149,49.755653]",0.009045933,0,0.350151,within_safe_vector_latitude,not_run+unchanged,1,
adm1,76397094B46061876108979,Canton Remich,LUX,True,"[6.2192173,49.45955919909569,6.3823109,49.628384]","[6.2192173,49.45955919909569,6.3823109,49.628384]",0.010395281,0,0.1630936,within_safe_vector_latitude,not_run+unchanged,1,
adm1,76397094B49543500261856,Canton Mersch,LUX,True,"[5.9859333,49.681343,6.279539,49.834442]","[5.9859333,49.681343,6.279539,49.834442]",0.0069006,0,0.2936057,within_safe_vector_latitude,not_run+unchanged,1,
adm1,76397094B22879125121781,Canton Capellen,LUX,True,"[5.848412768686809,49.54619,6.104185,49.723724]","[5.848412768686809,49.54619,6.104185,49.723724]",0.010732,0,0.255772231,within_safe_vector_latitude,not_run+unchanged,1,
adm1,76397094B53618071923197,Canton Luxembourg,LUX,True,"[5.998434,49.516975,6.3096867,49.692116]","[5.998434,49.516975,6.3096867,49.692116]",0.0091247,0,0.3112527,within_safe_vector_latitude,not_run+unchanged,1,
adm1,76397094B45773647818245,Canton Redange,LUX,True,"[5.740767,49.701874,6.0411587,49.8886929]","[5.740767,49.701874,6.0411587,49.8886929]",0.016283164,0,0.3003917,within_safe_vector_latitude,not_run+unchanged,1,
adm1,76397094B91879595380480,Canton Diekirch,LUX,True,"[5.97019,49.785378,6.314253,49.955254]","[5.97019,49.785378,6.314253,49.955254]",0.0094375,0,0.344063,within_safe_vector_latitude,not_run+unchanged,1,
adm1,76397094B23155303849994,Canton Esch-sur-Alzette,LUX,True,"[5.810578003739415,49.4478539,6.2406513,49.589825]","[5.810578003739415,49.4478539,6.2406513,49.589825]",0.009570233,0,0.430073296,within_safe_vector_latitude,not_run+unchanged,1,
adm1,76397094B70222545473363,Canton Clervaux,LUX,True,"[5.819225,49.932365,6.171856,50.18180500100004]","[5.819225,49.932365,6.171856,50.18180500100004]",0.02027,0,0.352631,within_safe_vector_latitude,not_run+unchanged,1,
adm1,76397094B67457450323927,Canton Wiltz,LUX,True,"[5.736736903113923,49.852413,6.0608425,50.032234]","[5.736736903113923,49.852413,6.0608425,50.032234]",0.013512094,0,0.324105597,within_safe_vector_latitude,not_run+unchanged,1,
adm1,76397094B51041035930086,Canton Vianden,LUX,True,"[6.087206,49.870728,6.2353649,49.9875659]","[6.087206,49.870728,6.2353649,49.9875659]",0.0121725,0,0.1481589,within_safe_vector_latitude,not_run+unchanged,1,
adm1,64170238B96397749018979,Monaco,MCO,True,"[7.409055812867268,43.7247599,7.439781960000062,43.7513432]","[7.409055812867268,43.7247599,7.439781960000062,43.7513432]",0.0078699,0,0.030726147,within_safe_vector_latitude,not_run+unchanged,1,
adm1,14279143B81467460095364,Uvs,MNG,True,"[90.00300702794624,48.424298,95.725991,50.88426967583398]","[90.00300702794624,48.424298,95.725991,50.88426967583398]",0.240693,0,5.722983972,within_safe_vector_latitude,not_run+unchanged,2,
adm1,14279143B22317554045022,Khovd,MNG,True,"[90.66894914431425,44.99933443883601,94.41252,48.968842]","[90.66894914431425,44.99933443883601,94.41252,48.968842]",0.240693,0,3.743570856,within_safe_vector_latitude,not_run+unchanged,2,
adm1,14279143B63368554420497,Zavkhan,MNG,True,"[93.182357,46.574553,99.215377,50.04316780337213]","[93.182357,46.574553,99.215377,50.04316780337213]",0.2884,0,6.03302,within_safe_vector_latitude,not_run+unchanged,2,
adm1,14279143B49613281560709,Bulgan,MNG,True,"[101.634552,47.250622,104.76046,50.4104194]","[101.634552,47.250622,104.76046,50.4104194]",0.2668115,0,3.125908,within_safe_vector_latitude,not_run+unchanged,2,
adm1,14279143B47638406449643,Dornogovi,MNG,True,"[107.648261,42.397,112.02774360400008,46.623979]","[107.648261,42.397,112.02774360400008,46.623979]",1.047398982,0,4.379482604,within_safe_vector_latitude,not_run+unchanged,1,
adm1,14279143B69842940795179,Ulaanbaatar,MNG,True,"[106.356383,47.2902622,108.4847948,48.257157]","[106.356383,47.2902622,108.4847948,48.257157]",0.234963,0,1.220621,within_safe_vector_latitude,not_run+unchanged,1,
adm1,14279143B31648094269757,Govisumber,MNG,True,"[107.956788,45.93452,109.001138,46.980353]","[107.956788,45.93452,109.001138,46.980353]",0.159079,0,1.04435,within_safe_vector_latitude,not_run+unchanged,1,
adm1,14279143B54746499726346,Sükhbaatar,MNG,True,"[111.167098,44.74354491839482,116.5427334,47.793868]","[111.167098,44.74354491839482,116.5427334,47.793868]",0.607615512,0,5.3756354,within_safe_vector_latitude,not_run+unchanged,2,
adm1,14279143B39885639062119,Govi-Altai,MNG,True,"[93.082093,42.710298082725814,98.466453,47.782333]","[93.082093,42.710298082725814,98.466453,47.782333]",0.2884,0,5.38436,within_safe_vector_latitude,not_run+unchanged,1,
adm1,14279143B15424694570155,Orkhon,MNG,True,"[103.9737811,48.899174,104.563073,49.128293]","[103.9737811,48.899174,104.563073,49.128293]",0.2668115,0,0.5892919,within_safe_vector_latitude,not_run+unchanged,2,
adm1,14279143B49702315868913,Arkhangai,MNG,True,"[98.177643,46.826145,103.677711,49.204927]","[98.177643,46.826145,103.677711,49.204927]",0.324829,0,5.500068,within_safe_vector_latitude,not_run+unchanged,4,
adm1,14279143B7576416025221,Bayankhongor,MNG,True,"[97.567687,42.566333,101.807892,47.721683]","[97.567687,42.566333,101.807892,47.721683]",0.516846,0,4.240205,within_safe_vector_latitude,not_run+unchanged,2,
adm1,14279143B59026071325992,Dundgovi,MNG,True,"[103.618758,44.180855,108.653,46.774472]","[103.618758,44.180855,108.653,46.774472]",0.535508,0,5.034242,within_safe_vector_latitude,not_run+unchanged,1,
adm1,14279143B52126529381065,Ömnögovi,MNG,True,"[99.417008,41.5828191595781,108.030885,45.202245]","[99.417008,41.5828191595781,108.030885,45.202245]",0.516846,0,8.613877,within_safe_vector_latitude,not_run+unchanged,2,
adm1,14279143B32793669032275,Övörkhangai,MNG,True,"[101.136322,44.048863,104.653283,47.413289]","[101.136322,44.048863,104.653283,47.413289]",0.388962,0,3.516961,within_safe_vector_latitude,not_run+unchanged,2,
adm1,14279143B76228648820573,Töv,MNG,True,"[104.068596,46.38046,109.036072,49.123901]","[104.068596,46.38046,109.036072,49.123901]",0.535508,0,4.967476,within_safe_vector_latitude,not_run+unchanged,2,
adm1,14279143B35762276870520,Dornod,MNG,True,"[111.99664453482222,46.2367242,119.927811,50.2827]","[111.99664453482222,46.2367242,119.927811,50.2827]",2.146761918,0,7.931166465,within_safe_vector_latitude,not_run+unchanged,4,
adm1,14279143B84215380438566,Selenge,MNG,True,"[104.3632707,48.50528,108.5714018,50.4761241]","[104.3632707,48.50528,108.5714018,50.4761241]",0.247216,0,4.2081311,within_safe_vector_latitude,not_run+unchanged,2,
adm1,14279143B20985490361275,Hovsgel,MNG,True,"[96.875489,48.235275,102.784729,52.1496]","[96.875489,48.235275,102.784729,52.1496]",0.324829,0,5.90924,within_safe_vector_latitude,not_run+unchanged,4,
adm1,14279143B7284431230829,Bayan-Ölgii,MNG,True,"[87.742774,46.542481,91.927123,50.0012214]","[87.742774,46.542481,91.927123,50.0012214]",0.831342364,0,4.184349,within_safe_vector_latitude,not_run+unchanged,4,
adm1,14279143B32551742065768,Darkhan-Uul,MNG,True,"[105.808417,49.087348,106.799737,49.9280821]","[105.808417,49.087348,106.799737,49.9280821]",0.197524,0,0.99132,within_safe_vector_latitude,not_run+unchanged,1,
adm1,14279143B70362797710090,Khentii,MNG,True,"[108.3856424,46.059845,112.694053,49.39162519583189]","[108.3856424,46.059845,112.694053,49.39162519583189]",0.303246,0,4.3084106,within_safe_vector_latitude,not_run+unchanged,4,
adm1,59799669B9703090978387,Herceg Novi Municipality,MNE,True,"[18.434011,42.361918,18.6855328,42.5881341]","[18.434011,42.361918,18.6855328,42.5881341]",0.0171768,0,0.2515218,within_safe_vector_latitude,not_run+unchanged,1,
adm1,59799669B59523358081802,Plav Municipality,MNE,True,"[19.8260316,42.50682147300006,20.11195257600008,42.7107807]","[19.8260316,42.50682147300006,20.11195257600008,42.7107807]",0.0312414,0,0.285920976,within_safe_vector_latitude,not_run+unchanged,1,
adm1,59799669B88193558767116,Rožaje Municipality,MNE,True,"[20.0085346,42.7473164603223,20.354044103959392,42.98916398800003]","[20.0085346,42.7473164603223,20.354044103959392,42.98916398800003]",0.0397181,0,0.345509504,within_safe_vector_latitude,not_run+unchanged,1,
adm1,59799669B93063361678836,Andrijevica Municipality,MNE,True,"[19.618993,42.5884757,19.9000112,42.8536557]","[19.618993,42.5884757,19.9000112,42.8536557]",0.0310585,0,0.2810182,within_safe_vector_latitude,not_run+unchanged,1,
adm1,59799669B93779420845023,Berane Municipality,MNE,True,"[19.6172989,42.6933975,20.055988377439764,42.9663397]","[19.6172989,42.6933975,20.055988377439764,42.9663397]",0.0518905,0,0.438689477,within_safe_vector_latitude,not_run+unchanged,1,
adm1,59799669B20319020653405,Podgorica Municipality,MNE,True,"[18.9894022,42.1789606,19.655049,42.7089575]","[18.9894022,42.1789606,19.655049,42.7089575]",0.1446468,0,0.6656468,within_safe_vector_latitude,not_run+unchanged,1,
adm1,59799669B22511566400758,Bar Municipality,MNE,True,"[18.9382028,41.9627963,19.4019173397389,42.2987515]","[18.9382028,41.9627963,19.4019173397389,42.2987515]",0.1446468,0,0.46371454,within_safe_vector_latitude,not_run+unchanged,1,
adm1,59799669B20349667855259,Bijelo Polje Municipality,MNE,True,"[19.4105994,42.9143077,20.059793016987655,43.244564]","[19.4105994,42.9143077,20.059793016987655,43.244564]",0.060183,0,0.649193617,within_safe_vector_latitude,not_run+unchanged,1,
adm1,59799669B20110685483927,Budva Municipality,MNE,True,"[18.7910266,42.1648249,19.0176602,42.354781]","[18.7910266,42.1648249,19.0176602,42.354781]",0.0321853,0,0.2266336,within_safe_vector_latitude,not_run+unchanged,1,
adm1,59799669B91583747266461,Cetinje Municipality,MNE,True,"[18.6934508,42.252233,19.1674707,42.6971979]","[18.6934508,42.252233,19.1674707,42.6971979]",0.0752932,0,0.4740199,within_safe_vector_latitude,not_run+unchanged,1,
adm1,59799669B12564288388297,Danilovgrad Municipality,MNE,True,"[18.9370734,42.4667117,19.2860576,42.7603895]","[18.9370734,42.4667117,19.2860576,42.7603895]",0.083199,0,0.3489842,within_safe_vector_latitude,not_run+unchanged,1,
adm1,59799669B48420505719641,Kolašin Municipality,MNE,True,"[19.1960822,42.6458537,19.6642169,42.9371394]","[19.1960822,42.6458537,19.6642169,42.9371394]",0.0639993,0,0.4681347,within_safe_vector_latitude,not_run+unchanged,1,
adm1,59799669B80293643035426,Kotor Municipality,MNE,True,"[18.5437729,42.2671415,18.8080116,42.629158]","[18.5437729,42.2671415,18.8080116,42.629158]",0.0548908,0,0.2642387,within_safe_vector_latitude,not_run+unchanged,1,
adm1,59799669B74362705567987,Mojkovac Municipality,MNE,True,"[19.3111238,42.8973119,19.65024,43.0733155]","[19.3111238,42.8973119,19.65024,43.0733155]",0.0343401,0,0.3391162,within_safe_vector_latitude,not_run+unchanged,1,
adm1,59799669B66678983232609,Nikšić Municipality,MNE,True,"[18.448332,42.5733662,19.2359876,43.1020049]","[18.448332,42.5733662,19.2359876,43.1020049]",0.0548908,0,0.7876556,within_safe_vector_latitude,not_run+unchanged,1,
adm1,59799669B58100018961631,Pljevlja Municipality,MNE,True,"[18.912602394920548,43.0661202,19.5504225,43.557985066829126]","[18.912602394920548,43.0661202,19.5504225,43.557985066829126]",0.0322939,0,0.637820105,within_safe_vector_latitude,not_run+unchanged,1,
adm1,59799669B28207041867492,Plužine Municipality,MNE,True,"[18.6483964,42.9334507,19.023448,43.36067055068759]","[18.6483964,42.9334507,19.023448,43.36067055068759]",0.0450292,0,0.3750516,within_safe_vector_latitude,not_run+unchanged,1,
adm1,59799669B7591395216485,Tivat Municipality,MNE,True,"[18.6176734,42.36298256017319,18.7386213,42.4774052]","[18.6176734,42.36298256017319,18.7386213,42.4774052]",0.029136678,0,0.1209479,within_safe_vector_latitude,not_run+unchanged,1,
adm1,59799669B84579627936880,Ulcinj Municipality,MNE,True,"[19.1384588,41.86875152700003,19.3885422,42.0666177]","[19.1384588,41.86875152700003,19.3885422,42.0666177]",0.0586164,0,0.2500834,within_safe_vector_latitude,not_run+unchanged,1,
adm1,59799669B79583520985931,Šavnik Municipality,MNE,True,"[18.9314264,42.8399419,19.3547809,43.1197681]","[18.9314264,42.8399419,19.3547809,43.1197681]",0.0406583,0,0.4233545,within_safe_vector_latitude,not_run+unchanged,1,
adm1,59799669B41052051546873,Žabljak Municipality,MNE,True,"[18.9718721,42.9967459,19.372084,43.26253458224172]","[18.9718721,42.9967459,19.372084,43.26253458224172]",0.0406583,0,0.4002119,within_safe_vector_latitude,not_run+unchanged,1,
adm1,59799669B75560777931070,Gusinje Municipality,MNE,True,"[19.74348568100004,42.46034107300005,19.9174082,42.6299154]","[19.74348568100004,42.46034107300005,19.9174082,42.6299154]",0.066376714,0,0.173922519,within_safe_vector_latitude,not_run+unchanged,1,
adm1,59799669B78864851615199,Petnjica Municipality,MNE,True,"[19.8739826,42.8637985,20.0968168,43.004728]","[19.8739826,42.8637985,20.0968168,43.004728]",0.060183,0,0.2228342,within_safe_vector_latitude,not_run+unchanged,1,
adm1,19869673B93268339583324,Pelagonia,MKD,True,"[20.8327635,40.855667019621876,21.931691,41.605521]","[20.8327635,40.855667019621876,21.931691,41.605521]",0.166056846,0,1.0989275,within_safe_vector_latitude,not_run+unchanged,2,
adm1,19869673B24262378327284,Southwest,MKD,True,"[20.45472649999988,40.89849450000003,21.39744949999988,41.84729699999986]","[20.45472649999988,40.89849450000003,21.39744949999988,41.84729699999986]",0.091909,0,0.942723,within_safe_vector_latitude,not_run+unchanged,2,
adm1,19869673B59759079390778,Vardar,MKD,True,"[21.36940749999988,41.100362414515075,22.37046949999971,42.01594549999991]","[21.36940749999988,41.100362414515075,22.37046949999971,42.01594549999991]",0.09682,0,1.001062,within_safe_vector_latitude,not_run+unchanged,1,
adm1,19869673B18118429348634,Polog,MKD,True,"[20.513945325000066,41.493318,21.24241199999982,42.205661327318126]","[20.513945325000066,41.493318,21.24241199999982,42.205661327318126]",0.077175,0,0.728466675,within_safe_vector_latitude,not_run+unchanged,1,
adm1,19869673B18425588006505,Southeast,MKD,True,"[22.21597987780922,41.11749100885321,22.97938574400007,41.787294]","[22.21597987780922,41.11749100885321,22.97938574400007,41.787294]",0.0824735,0,0.763405866,within_safe_vector_latitude,not_run+unchanged,2,
adm1,19869673B25367051519859,East,MKD,True,"[21.947119499999733,41.51983550000011,23.032223499999947,42.155158499999835]","[21.947119499999733,41.51983550000011,23.032223499999947,42.155158499999835]",0.1007865,0,1.085104,within_safe_vector_latitude,not_run+unchanged,2,
adm1,19869673B29343041094723,Skopje,MKD,True,"[21.149873500000314,41.717966,21.82130849999989,42.24919049999981]","[21.149873500000314,41.717966,21.82130849999989,42.24919049999981]",0.0732,0,0.671435,within_safe_vector_latitude,not_run+unchanged,1,
adm1,19869673B2276524487216,Northeast,MKD,True,"[21.443203608421264,41.96056649999994,22.51041199999978,42.35259075340958]","[21.443203608421264,41.96056649999994,22.51041199999978,42.35259075340958]",0.1007865,0,1.067208392,within_safe_vector_latitude,not_run+unchanged,2,
adm1,27540722B39676432794686,Diana,MDG,True,"[47.85939127922483,-14.2650988,49.66567868269389,-11.9534166]","[47.85939127922483,-14.2650988,49.66567868269389,-11.9534166]",0.0450466,0,1.806287403,within_safe_vector_latitude,not_run+unchanged,1,
adm1,27540722B96967449701393,Sava,MDG,True,"[49.0630606,-15.9953757,50.4857755,-12.738885985845123]","[49.0630606,-15.9953757,50.4857755,-12.738885985845123]",0.0359268,0,1.4227149,within_safe_vector_latitude,not_run+unchanged,1,
adm1,27540722B29762949035073,Analanjirofo,MDG,True,"[48.6894569,-17.7518766,50.0461006,-14.8806791]","[48.6894569,-17.7518766,50.0461006,-14.8806791]",0.0507774,0,1.3566437,within_safe_vector_latitude,not_run+unchanged,1,
adm1,27540722B26835460634378,Amoron'i Mania,MDG,True,"[45.7500076,-21.0392287,47.7614059,-19.8790894]","[45.7500076,-21.0392287,47.7614059,-19.8790894]",0.0491028,0,2.0113983,within_safe_vector_latitude,not_run+unchanged,1,
adm1,27540722B59079602855311,Ihorombe,MDG,True,"[44.9771423,-23.6433565,47.1935026,-21.6242466]","[44.9771423,-23.6433565,47.1935026,-21.6242466]",0.0855751,0,2.2163603,within_safe_vector_latitude,not_run+unchanged,4,
adm1,27540722B85261442939952,Melaky,MDG,True,"[43.92819537328759,-19.3276348,45.9582939,-16.184147659769117]","[43.92819537328759,-19.3276348,45.9582939,-16.184147659769117]",0.0592689,0,2.030098527,within_safe_vector_latitude,not_run+unchanged,2,
adm1,27540722B66660932242608,Menabe,MDG,True,"[43.5532123,-21.9062188,45.8533821,-18.165081]","[43.5532123,-21.9062188,45.8533821,-18.165081]",0.047081,0,2.3001698,within_safe_vector_latitude,not_run+unchanged,2,
adm1,27540722B16458597550107,Vakinankaratra,MDG,True,"[45.7722816,-20.2828901,47.8556366,-19.1357678]","[45.7722816,-20.2828901,47.8556366,-19.1357678]",0.0491028,0,2.083355,within_safe_vector_latitude,not_run+unchanged,1,
adm1,27540722B68428456346892,Atsinanana,MDG,True,"[47.6477356,-20.47019,49.52013858316448,-17.4842109]","[47.6477356,-20.47019,49.52013858316448,-17.4842109]",0.0702477,0,1.872402983,within_safe_vector_latitude,not_run+unchanged,1,
adm1,27540722B20631024421355,Alaotra-Mangoro,MDG,True,"[47.8192101,-19.7974976,48.9043274,-16.2214108]","[47.8192101,-19.7974976,48.9043274,-16.2214108]",0.0438728,0,1.0851173,within_safe_vector_latitude,not_run+unchanged,1,
adm1,27540722B38694577181717,Sofia,MDG,True,"[47.04212657463788,-16.6891327,49.4477234,-13.8739056]","[47.04212657463788,-16.6891327,49.4477234,-13.8739056]",0.0507774,0,2.405596825,within_safe_vector_latitude,not_run+unchanged,1,
adm1,27540722B69979521515872,Anosy,MDG,True,"[45.2009327,-25.20693857160026,47.4171181,-22.6669559]","[45.2009327,-25.20693857160026,47.4171181,-22.6669559]",0.0855751,0,2.2161854,within_safe_vector_latitude,not_run+unchanged,1,
adm1,27540722B20664439648320,Boeny,MDG,True,"[44.8913739,-17.2722735,47.3645039,-15.19908338711403]","[44.8913739,-17.2722735,47.3645039,-15.19908338711403]",0.0592689,0,2.47313,within_safe_vector_latitude,not_run+unchanged,2,
adm1,27540722B63964985004787,Betsiboka,MDG,True,"[45.4944248,-17.8910503,48.19702,-16.2985351]","[45.4944248,-17.8910503,48.19702,-16.2985351]",0.0582848,0,2.7025952,within_safe_vector_latitude,not_run+unchanged,1,
adm1,27540722B10144800929043,Analamanga,MDG,True,"[46.5387325,-19.5172386,48.0454903,-17.6900501]","[46.5387325,-19.5172386,48.0454903,-17.6900501]",0.0582848,0,1.5067578,within_safe_vector_latitude,not_run+unchanged,1,
adm1,27540722B68546220644411,Bongolava,MDG,True,"[45.4753799,-19.4679711,47.1314373,-17.7153931]","[45.4753799,-19.4679711,47.1314373,-17.7153931]",0.0562516,0,1.6560574,within_safe_vector_latitude,not_run+unchanged,1,
adm1,27540722B8147071737362,Itasy,MDG,True,"[46.1664095,-19.4410805,47.4992275,-18.6714768]","[46.1664095,-19.4410805,47.4992275,-18.6714768]",0.0552673,0,1.332818,within_safe_vector_latitude,not_run+unchanged,1,
adm1,27540722B7206368911185,Atsimo-Andrefana,MDG,True,"[43.22081766396401,-25.2891405,45.7771568,-20.8924446]","[43.22081766396401,-25.2891405,45.7771568,-20.8924446]",0.0542793,0,2.556339136,within_safe_vector_latitude,not_run+unchanged,4,
adm1,27540722B38453733722382,Androy,MDG,True,"[44.5021343,-25.60541408165178,46.2803132,-23.7662288]","[44.5021343,-25.60541408165178,46.2803132,-23.7662288]",0.0542793,0,1.7781789,within_safe_vector_latitude,not_run+unchanged,2,
adm1,27540722B82031840289091,Atsimo-Atsinanana,MDG,True,"[46.385025,-24.2992764,47.96706518198532,-22.1481783]","[46.385025,-24.2992764,47.96706518198532,-22.1481783]",0.0685196,0,1.582040182,within_safe_vector_latitude,not_run+unchanged,1,
adm1,27540722B35082115892485,Matsiatra Ambony,MDG,True,"[45.5034447,-22.2383234,47.4581243,-20.7025893]","[45.5034447,-22.2383234,47.4581243,-20.7025893]",0.0441399,0,1.9546796,within_safe_vector_latitude,not_run+unchanged,2,
adm1,27540722B59950383788875,Vatovavy-Fitovinany,MDG,True,"[47.064028,-22.320471,48.59940521344451,-20.2538283]","[47.064028,-22.320471,48.59940521344451,-20.2538283]",0.0702477,0,1.535377213,within_safe_vector_latitude,not_run+unchanged,2,
adm1,82672581B12520625652479,Central Region,MWI,True,"[32.67421085334493,-15.3292257,34.97441,-12.1628229]","[32.67421085334493,-15.3292257,34.97441,-12.1628229]",0.08137,0,2.300199147,within_safe_vector_latitude,not_run+unchanged,2,
adm1,82672581B71595037145626,Southern Region,MWI,True,"[34.2506183,-17.129521699640968,35.9185730864297,-13.4831105]","[34.2506183,-17.129521699640968,35.9185730864297,-13.4831105]",0.132878873,0,1.667954786,within_safe_vector_latitude,not_run+unchanged,1,
adm1,82672581B33227208107325,Northern Region,MWI,True,"[32.9430057743454,-14.42775,35.29625,-9.367227391999961]","[32.9430057743454,-14.42775,35.29625,-9.367227391999961]",0.169539134,0,2.353244226,within_safe_vector_latitude,not_run+unchanged,4,
adm1,15666254B89722251658211,Selangor,MYS,True,"[100.80975700996699,2.600389005000068,101.97074739999994,3.8701848]","[100.80975700996699,2.600389005000068,101.97074739999994,3.8701848]",0.0542067,0,1.16099039,within_safe_vector_latitude,not_run+unchanged,2,
adm1,15666254B42356713390762,Johor,MYS,True,"[102.4708831,1.270148291986764,104.2946387,2.896562]","[102.4708831,1.270148291986764,104.2946387,2.896562]",0.1672928,0,1.8237556,within_safe_vector_latitude,not_run+unchanged,1,
adm1,15666254B97003483933575,Kuala Lumpur,MYS,True,"[101.6151785,3.033554200000026,101.7591999,3.2431901]","[101.6151785,3.033554200000026,101.7591999,3.2431901]",0.024718,0,0.1440214,within_safe_vector_latitude,not_run+unchanged,1,
adm1,15666254B45695250728659,Malacca,MYS,True,"[101.97109422005047,2.108722210000053,102.5929129,2.4980802]","[101.97109422005047,2.108722210000053,102.5929129,2.4980802]",0.0680792,0,0.62181868,within_safe_vector_latitude,not_run+unchanged,1,
adm1,15666254B60207109163985,Negeri Sembilan,MYS,True,"[101.7037215,2.3908275,102.7001786,3.2877773]","[101.7037215,2.3908275,102.7001786,3.2877773]",0.107091,0,0.9964571,within_safe_vector_latitude,not_run+unchanged,1,
adm1,15666254B50935235229272,Sabah,MYS,True,"[115.34133671156162,4.114879,119.26905670000008,7.359583379000071]","[115.34133671156162,4.114879,119.26905670000008,7.359583379000071]",0.213590788,0,3.927719988,within_safe_vector_latitude,not_run+unchanged,1,
adm1,15666254B8535925993004,Sarawak,MYS,True,"[109.53835172500004,0.853945710672628,115.67778651302768,4.990089100000091]","[109.53835172500004,0.853945710672628,115.67778651302768,4.990089100000091]",0.1416317,0,6.139434788,within_safe_vector_latitude,not_run+unchanged,2,
adm1,15666254B53975248776023,Kelantan,MYS,True,"[101.3339797,4.5591696,102.663263,6.2438365]","[101.3339797,4.5591696,102.663263,6.2438365]",0.0344877,0,1.3292833,within_safe_vector_latitude,not_run+unchanged,1,
adm1,15666254B54729125478011,Putrajaya,MYS,True,"[101.6596875,2.879796000000113,101.73268209999998,2.976052]","[101.6596875,2.879796000000113,101.73268209999998,2.976052]",0.0251858,0,0.0729946,within_safe_vector_latitude,not_run+unchanged,1,
adm1,15666254B71460903090065,Terengganu,MYS,True,"[102.3755855,3.932839400000034,103.49212460000007,5.93836820000007]","[102.3755855,3.932839400000034,103.49212460000007,5.93836820000007]",0.0538661,0,1.1165391,within_safe_vector_latitude,not_run+unchanged,1,
adm1,15666254B34720353032971,Pahang,MYS,True,"[101.3346334,2.457941,103.6381176,4.7923097]","[101.3346334,2.457941,103.6381176,4.7923097]",0.1672928,0,2.3034842,within_safe_vector_latitude,not_run+unchanged,1,
adm1,15666254B71428205180864,Kedah,MYS,True,"[99.6409838913209,5.0768278,101.127939,6.543583400000102]","[99.6409838913209,5.0768278,101.127939,6.543583400000102]",0.086871,0,0.928351032,within_safe_vector_latitude,not_run+unchanged,1,
adm1,15666254B44964481844598,Perlis,MYS,True,"[100.1208794360857,6.254587332823148,100.3781475,6.726082]","[100.1208794360857,6.254587332823148,100.3781475,6.726082]",0.086871,0,0.257268064,within_safe_vector_latitude,not_run+unchanged,1,
adm1,15666254B15173108486297,Perak,MYS,True,"[100.37619781500007,3.668114299999957,101.7522762,5.934362982867248]","[100.37619781500007,3.668114299999957,101.7522762,5.934362982867248]",0.0496502,0,1.376078385,within_safe_vector_latitude,not_run+unchanged,2,
adm1,15666254B92074897121205,Penang,MYS,True,"[100.17871856700003,5.1219713,100.5506172,5.585677899999951]","[100.17871856700003,5.1219713,100.5506172,5.585677899999951]",0.0496502,0,0.209423048,within_safe_vector_latitude,not_run+unchanged,1,
adm1,15666254B4265207353082,Labuan,MYS,True,"[115.15724006280722,5.252055646000031,115.26663985886842,5.392786907455587]","[115.15724006280722,5.252055646000031,115.26663985886842,5.392786907455587]",0.0176812,0,0.109399796,within_safe_vector_latitude,not_run+unchanged,1,
adm1,51498476B98791116592748,Haa Alif,MDV,True,"[72.92788942724756,6.812916757000039,73.2359854,7.086369750229657]","[72.92788942724756,6.812916757000039,73.2359854,7.086369750229657]",0.007087708,0,0.017851253,within_safe_vector_latitude,not_run+unchanged,1,
adm1,51498476B19903504900827,Haa Dhaalu,MDV,True,"[72.94681698285106,6.540389062000031,73.1851474,6.7765455]","[72.94681698285106,6.540389062000031,73.1851474,6.7765455]",0.007209484,0,0.0240193,within_safe_vector_latitude,not_run+unchanged,1,
adm1,51498476B54405642022214,Shaviyani,MDV,True,"[73.1042928,6.300566972776937,73.10708618200005,6.306331963720178]","[73.1042928,6.300566972776937,73.10708618200005,6.306331963720178]",0.001724243,0,0.002793382,within_safe_vector_latitude,not_run+unchanged,1,
adm1,51498476B65748733522803,Lhaviyani,MDV,True,"[73.32372284100006,5.297916889000021,73.63874816900005,5.570388794000053]","[73.32372284100006,5.297916889000021,73.63874816900005,5.570388794000053]",0.009521485,0,0.0182724,within_safe_vector_latitude,not_run+unchanged,1,
adm1,51498476B18155918690693,Raa,MDV,True,"[72.92958068900003,5.453694345000031,73.03372192500007,5.979555607000066]","[72.92958068900003,5.453694345000031,73.03372192500007,5.979555607000066]",0.016693115,0,0.017944336,within_safe_vector_latitude,not_run+unchanged,1,
adm1,51498476B81939708930954,Baa,MDV,True,"[72.99477672702919,4.862180857965451,73.0076365,4.8805512]","[72.99477672702919,4.862180857965451,73.0076365,4.8805512]",0.0039543,0,0.012859773,within_safe_vector_latitude,not_run+unchanged,1,
adm1,51498476B37587528585643,Alif Alif,MDV,True,"[72.9526204,4.434280523300215,72.95708465600006,4.44233301426428]","[72.9526204,4.434280523300215,72.95708465600006,4.44233301426428]",0.001832908,0,0.004464256,within_safe_vector_latitude,not_run+unchanged,1,
adm1,51498476B44501206987884,Dhaalu,MDV,True,"[72.86958313000008,2.672888995000051,73.03375244100005,2.951250076000065]","[72.86958313000008,2.672888995000051,73.03375244100005,2.951250076000065]",0.005470276,0,0.010894775,within_safe_vector_latitude,not_run+unchanged,1,
adm1,51498476B50236467063056,Faafu,MDV,True,"[72.81622314400005,3.065416575000029,72.97541809100005,3.275388957000075]","[72.81622314400005,3.065416575000029,72.97541809100005,3.275388957000075]",0.00541687,0,0.009994507,within_safe_vector_latitude,not_run+unchanged,1,
adm1,51498476B41041245420758,Thaa,MDV,True,"[72.92292022700008,2.167916774000048,73.36624908500005,2.557888986000023]","[72.92292022700008,2.167916774000048,73.36624908500005,2.557888986000023]",0.00669098,0,0.01752472,within_safe_vector_latitude,not_run+unchanged,1,
adm1,51498476B22432837509574,Addu,MDV,True,"[73.07622528100006,-0.7005135,73.2396989,-0.578777789999947]","[73.07622528100006,-0.7005135,73.2396989,-0.578777789999947]",0.014013785,0,0.029435319,within_safe_vector_latitude,not_run+unchanged,1,
adm1,51498476B94896396125649,Kaafu,MDV,True,"[73.52623807011071,4.200846317333614,73.52625274600007,4.200961558964804]","[73.52623807011071,4.200846317333614,73.52625274600007,4.200961558964804]",1.4676e-05,0,1.4676e-05,within_safe_vector_latitude,not_run+unchanged,1,
adm1,51498476B82988233622813,Vaavu,MDV,True,"[73.74205780000005,3.449555635000024,73.74541473400006,3.462083340000049]","[73.74205780000005,3.449555635000024,73.74541473400006,3.462083340000049]",0.002052307,0,0.003356934,within_safe_vector_latitude,not_run+unchanged,1,
adm1,92416918B70420899930674,Bamako,MLI,True,"[-8.068236788999954,12.50288964300005,-7.912267588999954,12.71143053900005]","[-8.068236788999954,12.50288964300005,-7.912267588999954,12.71143053900005]",0.078115073,0,0.1559692,within_safe_vector_latitude,not_run+unchanged,1,
adm1,92416918B98496355207236,Gao,MLI,True,"[-1.609462895999953,14.944070001000057,4.244648739126509,19.03658397800005]","[-1.609462895999953,14.944070001000057,4.244648739126509,19.03658397800005]",1.021699626,0,5.854111635,within_safe_vector_latitude,not_run+unchanged,2,
adm1,92416918B67011525583155,Kayes,MLI,True,"[-12.240344642999958,11.89388,-8.132315776999953,15.69883810000005]","[-12.240344642999958,11.89388,-8.132315776999953,15.69883810000005]",0.193202875,0,4.108028866,within_safe_vector_latitude,not_run+unchanged,2,
adm1,92416918B67702032852187,Kidal,MLI,True,"[-2.056461396999953,17.69958510100005,4.242842984000048,21.906762105000052]","[-2.056461396999953,17.69958510100005,4.242842984000048,21.906762105000052]",1.021699626,0,6.299304381,within_safe_vector_latitude,not_run+unchanged,2,
adm1,92416918B61022065682725,Koulikouro,MLI,True,"[-9.136137777999954,11.462186,-5.964312774999953,15.49722709900005]","[-9.136137777999954,11.462186,-5.964312774999953,15.49722709900005]",0.65967,0,3.171825003,within_safe_vector_latitude,not_run+unchanged,1,
adm1,92416918B29694163592634,Mopti,MLI,True,"[-5.665573024999953,13.155388544000061,-0.750791348349644,15.89611335000005]","[-5.665573024999953,13.155388544000061,-0.750791348349644,15.89611335000005]",0.269573751,0,4.914781677,within_safe_vector_latitude,not_run+unchanged,1,
adm1,92416918B20164850262385,Segou,MLI,True,"[-7.081341025999953,12.54944197200005,-3.958407022999953,15.55125597400005]","[-7.081341025999953,12.54944197200005,-3.958407022999953,15.55125597400005]",0.408823001,0,3.122934003,within_safe_vector_latitude,not_run+unchanged,1,
adm1,92416918B9364304684584,Sikasso,MLI,True,"[-8.676641790982677,10.14761893800005,-4.368386398999953,12.81442197200005]","[-8.676641790982677,10.14761893800005,-4.368386398999953,12.81442197200005]",0.1611735,0,4.308255392,within_safe_vector_latitude,not_run+unchanged,2,
adm1,92416918B34817349162892,Tombouctou,MLI,True,"[-6.57188,14.99632772400005,0.141157501362869,25.00214795605697]","[-6.57188,14.99632772400005,0.141157501362869,25.00214795605697]",0.856891126,0,6.713037501,within_safe_vector_latitude,not_run+unchanged,4,
adm1,83640313B32595760925513,Ghajnsielem,MLT,True,"[14.268648250244496,36.004559290888324,14.35127153902945,36.03889380230521]","[14.268648250244496,36.004559290888324,14.35127153902945,36.03889380230521]",0.008529125,0,0.036452474,within_safe_vector_latitude,not_run+unchanged,1,
adm1,83640313B18243789580420,Qala,MLT,True,"[14.2942714889723,36.02566283252497,14.336095792155936,36.05084526980693]","[14.2942714889723,36.02566283252497,14.336095792155936,36.05084526980693]",0.009311073,0,0.041824303,within_safe_vector_latitude,not_run+unchanged,1,
adm1,83640313B37542325651352,Saint Lawerence,MLT,True,"[14.186466866853095,36.03324843615559,14.209549091250722,36.061655126434346]","[14.186466866853095,36.03324843615559,14.209549091250722,36.061655126434346]",0.008592171,0,0.023082224,within_safe_vector_latitude,not_run+unchanged,1,
adm1,83640313B59834490853323,Gharb,MLT,True,"[14.183534129289512,36.05499013660125,14.216609514850802,36.08012668182607]","[14.183534129289512,36.05499013660125,14.216609514850802,36.08012668182607]",0.016358301,0,0.033075386,within_safe_vector_latitude,not_run+unchanged,1,
adm1,83640313B97822985297737,Ghasri,MLT,True,"[14.210282745881784,36.05142072283809,14.237351451835309,36.081371145374135]","[14.210282745881784,36.05142072283809,14.237351451835309,36.081371145374135]",0.007968271,0,0.027068706,within_safe_vector_latitude,not_run+unchanged,1,
adm1,83640313B66469281314411,Żebbuġ Gozo,MLT,True,"[14.227778263388359,36.049489336876036,14.26462228837255,36.08208465700005]","[14.227778263388359,36.049489336876036,14.26462228837255,36.08208465700005]",0.007287797,0,0.036844025,within_safe_vector_latitude,not_run+unchanged,1,
adm1,83640313B82150771484023,Kerċem,MLT,True,"[14.1966515956791,36.030033321120925,14.233145515416254,36.055133365191296]","[14.1966515956791,36.030033321120925,14.233145515416254,36.055133365191296]",0.009811597,0,0.03649392,within_safe_vector_latitude,not_run+unchanged,1,
adm1,83640313B34539485231325,Munxar,MLT,True,"[14.213685285380109,36.02004144047444,14.239237069455555,36.036462420133375]","[14.213685285380109,36.02004144047444,14.239237069455555,36.036462420133375]",0.009811597,0,0.025551784,within_safe_vector_latitude,not_run+unchanged,1,
adm1,83640313B21560607994139,Fontana,MLT,True,"[14.23296588147673,36.03243753472492,14.241879162400153,36.04293028267227]","[14.23296588147673,36.03243753472492,14.241879162400153,36.04293028267227]",0.008310023,0,0.008913281,within_safe_vector_latitude,not_run+unchanged,1,
adm1,83640313B22954982351017,Rabat Gozo,MLT,True,"[14.224603982336475,36.03566283380553,14.252848284640947,36.05316032452214]","[14.224603982336475,36.03566283380553,14.252848284640947,36.05316032452214]",0.008361899,0,0.028244302,within_safe_vector_latitude,not_run+unchanged,1,
adm1,83640313B35952736247105,Xgħajra,MLT,True,"[14.247892993960534,36.03999270325875,14.282479985940313,36.072876749607644]","[14.247892993960534,36.03999270325875,14.282479985940313,36.072876749607644]",0.009112249,0,0.034586992,within_safe_vector_latitude,not_run+unchanged,1,
adm1,83640313B46213837211089,Sannat,MLT,True,"[14.231354218726949,36.01113691441009,14.272403943322091,36.0312376704299]","[14.231354218726949,36.01113691441009,14.272403943322091,36.0312376704299]",0.00983851,0,0.041049725,within_safe_vector_latitude,not_run+unchanged,1,
adm1,83640313B46186135646579,Xewkija,MLT,True,"[14.23903111854429,36.02168664634644,14.276114725197658,36.042614447444066]","[14.23903111854429,36.02168664634644,14.276114725197658,36.042614447444066]",0.00983851,0,0.037083607,within_safe_vector_latitude,not_run+unchanged,1,
adm1,83640313B83418789682728,Nadur,MLT,True,"[14.275563583941675,36.03471745983302,14.315089830428008,36.06501671261498]","[14.275563583941675,36.03471745983302,14.315089830428008,36.06501671261498]",0.009311073,0,0.039526246,within_safe_vector_latitude,not_run+unchanged,1,
adm1,83640313B46811785336007,Marsaskala,MLT,True,"[14.543425774123477,35.84508176110597,14.576281806939903,35.87913924601462]","[14.543425774123477,35.84508176110597,14.576281806939903,35.87913924601462]",0.010347872,0,0.032856033,within_safe_vector_latitude,not_run+unchanged,1,
adm1,83640313B7434934757616,Mellieħa,MLT,True,"[14.31956691055385,35.92892772319203,14.397832870000059,35.99642214839071]","[14.31956691055385,35.92892772319203,14.397832870000059,35.99642214839071]",0.021419913,0,0.078265959,within_safe_vector_latitude,not_run+unchanged,1,
adm1,83640313B93972734358441,Gżira,MLT,True,"[14.485770757994544,35.89912976053415,14.498183533769854,35.909236875788906]","[14.485770757994544,35.89912976053415,14.498183533769854,35.909236875788906]",0.006965308,0,0.012412776,within_safe_vector_latitude,not_run+unchanged,1,
adm1,83640313B45218014578174,Mġarr,MLT,True,"[14.333034407370802,35.89773492272269,14.401857959334734,35.93895047605207]","[14.333034407370802,35.89773492272269,14.401857959334734,35.93895047605207]",0.015502318,0,0.068823552,within_safe_vector_latitude,not_run+unchanged,1,
adm1,83640313B70016887726547,Saint Paul's Bay,MLT,True,"[14.369719116579631,35.91089948704416,14.42726637812681,35.96119108104176]","[14.369719116579631,35.91089948704416,14.42726637812681,35.96119108104176]",0.021419913,0,0.057547262,within_safe_vector_latitude,not_run+unchanged,1,
adm1,83640313B55702430610648,Naxxar,MLT,True,"[14.418072065929493,35.90678740181153,14.461720752834026,35.955348115501565]","[14.418072065929493,35.90678740181153,14.461720752834026,35.955348115501565]",0.007274924,0,0.043648687,within_safe_vector_latitude,not_run+unchanged,1,
adm1,83640313B82456448658391,Għargħur,MLT,True,"[14.446426528185157,35.91319869123424,14.463240509156947,35.932701109927734]","[14.446426528185157,35.91319869123424,14.463240509156947,35.932701109927734]",0.007292706,0,0.016813981,within_safe_vector_latitude,not_run+unchanged,1,
adm1,83640313B96609834677200,Pembroke,MLT,True,"[14.46055209541521,35.924179871735134,14.49038008589207,35.93834101422351]","[14.46055209541521,35.924179871735134,14.49038008589207,35.93834101422351]",0.008446465,0,0.029352279,within_safe_vector_latitude,not_run+unchanged,1,
adm1,83640313B85420480605860,Saint Julian's,MLT,True,"[14.481333352428521,35.90857939278811,14.495804615450197,35.92693574231953]","[14.481333352428521,35.90857939278811,14.495804615450197,35.92693574231953]",0.006830386,0,0.014471263,within_safe_vector_latitude,not_run+unchanged,1,
adm1,83640313B14575143196718,Sliema,MLT,True,"[14.4912182253276,35.905813067120334,14.51353208803505,35.91799139161532]","[14.4912182253276,35.905813067120334,14.51353208803505,35.91799139161532]",0.007131577,0,0.022313863,within_safe_vector_latitude,not_run+unchanged,1,
adm1,83640313B16668515866528,Swieqi,MLT,True,"[14.454027176076295,35.91328451750053,14.485231327499434,35.93420297600528]","[14.454027176076295,35.91328451750053,14.485231327499434,35.93420297600528]",0.010990576,0,0.031204151,within_safe_vector_latitude,not_run+unchanged,1,
adm1,83640313B38008564196191,Saint John,MLT,True,"[14.462191171198356,35.90267433535945,14.488163737993773,35.916978052340426]","[14.462191171198356,35.90267433535945,14.488163737993773,35.916978052340426]",0.010990576,0,0.025972567,within_safe_vector_latitude,not_run+unchanged,1,
adm1,83640313B63748346307845,Iklin,MLT,True,"[14.44760094677315,35.90251739554526,14.462860308958511,35.916685146359214]","[14.44760094677315,35.90251739554526,14.462860308958511,35.916685146359214]",0.009359223,0,0.015259362,within_safe_vector_latitude,not_run+unchanged,1,
adm1,83640313B86571698528234,Valletta,MLT,True,"[14.504862160912637,35.89260338137105,14.519499779000057,35.903619513783156]","[14.504862160912637,35.89260338137105,14.519499779000057,35.903619513783156]",0.00822704,0,0.014637618,within_safe_vector_latitude,not_run+unchanged,1,
adm1,83640313B6781586030718,Ta' Xbiex,MLT,True,"[14.491960864793953,35.89699935900006,14.499698547498497,35.901851842140594]","[14.491960864793953,35.89699935900006,14.499698547498497,35.901851842140594]",0.005642789,0,0.007737683,within_safe_vector_latitude,not_run+unchanged,1,
adm1,83640313B52026072381253,Floriana,MLT,True,"[14.498129405766349,35.88553783337392,14.510507722547445,35.89706718316535]","[14.498129405766349,35.88553783337392,14.510507722547445,35.89706718316535]",0.006732755,0,0.012378317,within_safe_vector_latitude,not_run+unchanged,1,
adm1,83640313B3347274833420,Pietà,MLT,True,"[14.489742935452455,35.8901347816398,14.496698995905652,35.89701425264087]","[14.489742935452455,35.8901347816398,14.496698995905652,35.89701425264087]",0.006650176,0,0.00695606,within_safe_vector_latitude,not_run+unchanged,1,
adm1,83640313B22513233777013,Msida,MLT,True,"[14.471978285307898,35.888431496124156,14.494076414429514,35.90407005344116]","[14.471978285307898,35.888431496124156,14.494076414429514,35.90407005344116]",0.007211264,0,0.022098129,within_safe_vector_latitude,not_run+unchanged,1,
adm1,83640313B26643895520377,Ħamrun,MLT,True,"[14.478975386532227,35.87877911107489,14.498347855931684,35.89168737136413]","[14.478975386532227,35.87877911107489,14.498347855931684,35.89168737136413]",0.006689124,0,0.019372469,within_safe_vector_latitude,not_run+unchanged,1,
adm1,83640313B42870636526721,Santa Venera,MLT,True,"[14.470443642051919,35.884692002731356,14.48566451064886,35.895209007644326]","[14.470443642051919,35.884692002731356,14.48566451064886,35.895209007644326]",0.007524482,0,0.015220869,within_safe_vector_latitude,not_run+unchanged,1,
adm1,83640313B10359673671978,Birkirkara,MLT,True,"[14.453501085677658,35.888060884680385,14.476554690396938,35.904534176235074]","[14.453501085677658,35.888060884680385,14.476554690396938,35.904534176235074]",0.009359223,0,0.023053605,within_safe_vector_latitude,not_run+unchanged,1,
adm1,83640313B20822579723452,Balzan,MLT,True,"[14.445816179745805,35.89273185656401,14.45910948334324,35.90361555575407]","[14.445816179745805,35.89273185656401,14.45910948334324,35.90361555575407]",0.008893171,0,0.013293304,within_safe_vector_latitude,not_run+unchanged,1,
adm1,83640313B61939962177338,Lija,MLT,True,"[14.432326547231128,35.89745300280077,14.448954783801582,35.90975124899643]","[14.432326547231128,35.89745300280077,14.448954783801582,35.90975124899643]",0.008415376,0,0.016628237,within_safe_vector_latitude,not_run+unchanged,1,
adm1,83640313B63712418645070,Mosta,MLT,True,"[14.396230537705947,35.899249077822276,14.434567223308875,35.92921327565142]","[14.396230537705947,35.899249077822276,14.434567223308875,35.92921327565142]",0.011345141,0,0.038336686,within_safe_vector_latitude,not_run+unchanged,1,
adm1,83640313B18835650997044,Mdina,MLT,True,"[14.401925715680136,35.88108469495086,14.41277387155418,35.88654419272882]","[14.401925715680136,35.88108469495086,14.41277387155418,35.88654419272882]",0.009396736,0,0.010848156,within_safe_vector_latitude,not_run+unchanged,1,
adm1,83640313B16233505494965,Mtarfa,MLT,True,"[14.396325399799935,35.88505412248276,14.411322451894705,35.893182708827965]","[14.396325399799935,35.88505412248276,14.411322451894705,35.893182708827965]",0.009396736,0,0.014997052,within_safe_vector_latitude,not_run+unchanged,1,
adm1,83640313B41251532632205,Rabat Malta,MLT,True,"[14.328694343000052,35.86158713028192,14.415703763684178,35.908153755987996]","[14.328694343000052,35.86158713028192,14.415703763684178,35.908153755987996]",0.015502318,0,0.087009421,within_safe_vector_latitude,not_run+unchanged,1,
adm1,83640313B57354980514439,Dingli,MLT,True,"[14.361739781039773,35.84544705871343,14.40066103696762,35.87013071250618]","[14.361739781039773,35.84544705871343,14.40066103696762,35.87013071250618]",0.008413543,0,0.038921256,within_safe_vector_latitude,not_run+unchanged,1,
adm1,83640313B93037213409403,Attard,MLT,True,"[14.409368861368534,35.8813834004668,14.45910948334324,35.90271282066328]","[14.409368861368534,35.8813834004668,14.45910948334324,35.90271282066328]",0.015124964,0,0.049740622,within_safe_vector_latitude,not_run+unchanged,1,
adm1,83640313B83261609786955,Xagħra,MLT,True,"[14.540508960898762,35.8805088089469,14.555713834337451,35.891621060374575]","[14.540508960898762,35.8805088089469,14.555713834337451,35.891621060374575]",0.007844942,0,0.015204873,within_safe_vector_latitude,not_run+unchanged,1,
adm1,83640313B96832712848193,Kalkara,MLT,True,"[14.52412847141213,35.88659358664427,14.544111689702959,35.89774047270873]","[14.52412847141213,35.88659358664427,14.544111689702959,35.89774047270873]",0.009519003,0,0.019983218,within_safe_vector_latitude,not_run+unchanged,1,
adm1,83640313B14397888835877,Birgu,MLT,True,"[14.520030586576468,35.88135463937232,14.530989957750023,35.890165947653344]","[14.520030586576468,35.88135463937232,14.530989957750023,35.890165947653344]",0.006195737,0,0.010959371,within_safe_vector_latitude,not_run+unchanged,1,
adm1,83640313B87582987818287,Żebbuġ Malta,MLT,True,"[14.412061194920057,35.860156366179524,14.463389357304607,35.88624640637397]","[14.412061194920057,35.860156366179524,14.463389357304607,35.88624640637397]",0.015124964,0,0.051328162,within_safe_vector_latitude,not_run+unchanged,1,
adm1,83640313B1314618030603,Qormi,MLT,True,"[14.451668575160284,35.8631458013968,14.485162537230849,35.89273185656401]","[14.451668575160284,35.8631458013968,14.485162537230849,35.89273185656401]",0.007524482,0,0.033493962,within_safe_vector_latitude,not_run+unchanged,1,
adm1,83640313B28463401337071,Isla,MLT,True,"[14.517573507258987,35.88456034082208,14.521423137387444,35.888770571602095]","[14.517573507258987,35.88456034082208,14.521423137387444,35.888770571602095]",0.001392551,0,0.002035989,within_safe_vector_latitude,not_run+unchanged,1,
adm1,83640313B83137316861428,Siġġiewi,MLT,True,"[14.391167400100926,35.82634626910374,14.471044984310538,35.867563731509904]","[14.391167400100926,35.82634626910374,14.471044984310538,35.867563731509904]",0.011849462,0,0.079877584,within_safe_vector_latitude,not_run+unchanged,1,
adm1,83640313B32902396036385,Luqa,MLT,True,"[14.457994003113129,35.83126476843671,14.508346653321041,35.87407557838765]","[14.457994003113129,35.83126476843671,14.508346653321041,35.87407557838765]",0.012566627,0,0.05035265,within_safe_vector_latitude,not_run+unchanged,1,
adm1,83640313B71214708633944,Marsa,MLT,True,"[14.480111924237235,35.864441307748564,14.50106590736163,35.88787579761936]","[14.480111924237235,35.864441307748564,14.50106590736163,35.88787579761936]",0.009965281,0,0.020953983,within_safe_vector_latitude,not_run+unchanged,1,
adm1,83640313B82959541944820,Qrendi,MLT,True,"[14.432332150337913,35.81951068180366,14.467391539643245,35.84175235031785]","[14.432332150337913,35.81951068180366,14.467391539643245,35.84175235031785]",0.012583792,0,0.035059389,within_safe_vector_latitude,not_run+unchanged,1,
adm1,83640313B29119193634160,Mqabba,MLT,True,"[14.451103537854465,35.83607214080604,14.480427694315381,35.85076696648338]","[14.451103537854465,35.83607214080604,14.480427694315381,35.85076696648338]",0.012583792,0,0.029324156,within_safe_vector_latitude,not_run+unchanged,1,
adm1,83640313B10698043212678,Kirkop,MLT,True,"[14.477550078462059,35.83853214105028,14.49219185226275,35.84969012907675]","[14.477550078462059,35.83853214105028,14.49219185226275,35.84969012907675]",0.008039699,0,0.014641774,within_safe_vector_latitude,not_run+unchanged,1,
adm1,83640313B72392664646104,Safi,MLT,True,"[14.480660186395767,35.825902945816836,14.50475847916789,35.84226930812525]","[14.480660186395767,35.825902945816836,14.50475847916789,35.84226930812525]",0.012566627,0,0.024098293,within_safe_vector_latitude,not_run+unchanged,1,
adm1,83640313B26470162845875,Żurrieq,MLT,True,"[14.45893650721223,35.81262849560562,14.513926459656773,35.840403881677105]","[14.45893650721223,35.81262849560562,14.513926459656773,35.840403881677105]",0.008555703,0,0.054989952,within_safe_vector_latitude,not_run+unchanged,1,
adm1,83640313B27023824805393,Paola,MLT,True,"[14.493548223678829,35.86251396272257,14.515766350611054,35.88542347982889]","[14.493548223678829,35.86251396272257,14.515766350611054,35.88542347982889]",0.008010667,0,0.022218127,within_safe_vector_latitude,not_run+unchanged,1,
adm1,83640313B42587750659802,Bormla,MLT,True,"[14.515568952603246,35.87565288253268,14.526712788001703,35.88631745048997]","[14.515568952603246,35.87565288253268,14.526712788001703,35.88631745048997]",0.006516799,0,0.011143835,within_safe_vector_latitude,not_run+unchanged,1,
adm1,83640313B59486877017515,Tarxien,MLT,True,"[14.495413079707362,35.85752393179172,14.517254892057565,35.87246233721834]","[14.495413079707362,35.85752393179172,14.517254892057565,35.87246233721834]",0.008010667,0,0.021841812,within_safe_vector_latitude,not_run+unchanged,1,
adm1,83640313B47184915596760,Fgura,MLT,True,"[14.510424309236441,35.86298391284322,14.528728456937301,35.87749866270212]","[14.510424309236441,35.86298391284322,14.528728456937301,35.87749866270212]",0.006516799,0,0.018304148,within_safe_vector_latitude,not_run+unchanged,1,
adm1,83640313B77690414343492,Saint Lucia's,MLT,True,"[14.494423708750105,35.85224483938674,14.510397363879235,35.859519593124105]","[14.494423708750105,35.85224483938674,14.510397363879235,35.859519593124105]",0.008735268,0,0.015973655,within_safe_vector_latitude,not_run+unchanged,1,
adm1,83640313B29565670809924,Gudja,MLT,True,"[14.495627319302685,35.83939316169938,14.51033931964065,35.85342375158518]","[14.495627319302685,35.83939316169938,14.51033931964065,35.85342375158518]",0.008735268,0,0.014712,within_safe_vector_latitude,not_run+unchanged,1,
adm1,83640313B8600633511290,Għaxaq,MLT,True,"[14.50411508570295,35.83067830855265,14.52621341751967,35.86044325669906]","[14.50411508570295,35.83067830855265,14.52621341751967,35.86044325669906]",0.008923873,0,0.022098332,within_safe_vector_latitude,not_run+unchanged,1,
adm1,83640313B26944319289369,Birżebbuġa,MLT,True,"[14.500003515085666,35.80629270690157,14.544212244547396,35.843231829753904]","[14.500003515085666,35.80629270690157,14.544212244547396,35.843231829753904]",0.008555703,0,0.044208729,within_safe_vector_latitude,not_run+unchanged,1,
adm1,83640313B88881158567089,Żejtun,MLT,True,"[14.514042316557209,35.84567631203589,14.549867398992035,35.86862314398746]","[14.514042316557209,35.84567631203589,14.549867398992035,35.86862314398746]",0.008923873,0,0.035825082,within_safe_vector_latitude,not_run+unchanged,1,
adm1,83640313B20015641298084,Żabbar,MLT,True,"[14.5257632399734,35.863574135685894,14.563255050191897,35.88675761963481]","[14.5257632399734,35.863574135685894,14.563255050191897,35.88675761963481]",0.010099427,0,0.03749181,within_safe_vector_latitude,not_run+unchanged,1,
adm1,83640313B51941763183850,Marsaxlokk,MLT,True,"[14.526162000311217,35.81960512077313,14.57190212137192,35.84826565479409]","[14.526162000311217,35.81960512077313,14.57190212137192,35.84826565479409]",0.010347872,0,0.045740121,within_safe_vector_latitude,not_run+unchanged,1,
adm1,77969171B4211054760807,Kwajalein,MHL,True,"[166.81884956377723,8.7167436,167.73788452200006,9.401900507232142]","[166.81884956377723,8.7167436,167.73788452200006,9.401900507232142]",0.0097395,0,0.015327362,within_safe_vector_latitude,not_run+unchanged,1,
adm1,77969171B60065562167569,Kili,MHL,True,"[165.53837907493173,11.611265,165.55491733389192,11.629611015000023]","[165.53837907493173,11.611265,165.55491733389192,11.629611015000023]",0.006796025,0,0.016538259,within_safe_vector_latitude,not_run+unchanged,1,
adm1,77969171B95504405890016,Likiep,MHL,True,"[169.0049302092892,9.8174746,169.30705261200012,10.0381234]","[169.0049302092892,9.8174746,169.30705261200012,10.0381234]",0.0121863,0,0.016889892,within_safe_vector_latitude,not_run+unchanged,1,
adm1,77969171B35666329157800,Namu,MHL,True,"[168.24373567967308,7.7530012,168.2537536630001,7.755416870000033]","[168.24373567967308,7.7530012,168.2537536630001,7.755416870000033]",0.007691467,0,0.010017983,within_safe_vector_latitude,not_run+unchanged,1,
adm1,77969171B57525149952276,Ailinglaplap,MHL,True,"[168.67791748000002,7.2727279,168.97098196783494,7.59625005700002]","[168.67791748000002,7.2727279,168.97098196783494,7.59625005700002]",0.013401795,0,0.018867321,within_safe_vector_latitude,not_run+unchanged,2,
adm1,77969171B15122701338463,Ailuk,MHL,True,"[169.94624328600003,10.40622234400007,169.97708129900002,10.461222650000025]","[169.94624328600003,10.40622234400007,169.97708129900002,10.461222650000025]",0.007034302,0,0.010818482,within_safe_vector_latitude,not_run+unchanged,1,
adm1,77969171B34066116483983,Arno,MHL,True,"[171.61938306054205,6.991220898291907,171.92955017100007,7.130388737000033]","[171.61938306054205,6.991220898291907,171.92955017100007,7.130388737000033]",0.0090349,0,0.025574768,within_safe_vector_latitude,not_run+unchanged,1,
adm1,77969171B77738089577037,Aur,MHL,True,"[171.16291809100005,8.306314080564334,171.1667236,8.312138743456206]","[171.16291809100005,8.306314080564334,171.1667236,8.312138743456206]",0.002635909,0,0.003805509,within_safe_vector_latitude,not_run+unchanged,1,
adm1,77969171B38591821482466,Ebon,MHL,True,"[168.6884749,4.5730408,168.7501,4.596985109170306]","[168.6884749,4.5730408,168.7501,4.596985109170306]",0.0138752,0,0.0616251,within_safe_vector_latitude,not_run+unchanged,2,
adm1,77969171B80728608262829,Enewetak,MHL,True,"[160.95372009300002,9.7665343,162.3348944,11.34420359732905]","[160.95372009300002,9.7665343,162.3348944,11.34420359732905]",0.0177431,0,0.0318607,within_safe_vector_latitude,not_run+unchanged,2,
adm1,77969171B260410775552,Jabat,MHL,True,"[168.9770202640001,7.738722324000037,168.98371887200005,7.752083303000063]","[168.9770202640001,7.738722324000037,168.98371887200005,7.752083303000063]",0.002471924,0,0.006698608,within_safe_vector_latitude,not_run+unchanged,1,
adm1,77969171B75968789186626,Lae,MHL,True,"[166.22038269200004,8.919528009000032,166.27542114200003,8.962861062000059]","[166.22038269200004,8.919528009000032,166.27542114200003,8.962861062000059]",0.010818481,0,0.018371582,within_safe_vector_latitude,not_run+unchanged,1,
adm1,77969171B5098285569707,Majuro,MHL,True,"[171.2513904715933,7.058940047438641,171.3840161,7.0943616391561]","[171.2513904715933,7.058940047438641,171.3840161,7.0943616391561]",0.015821361,0,0.02201159,within_safe_vector_latitude,not_run+unchanged,1,
adm1,77969171B53385125256121,Mejit,MHL,True,"[170.8712158200001,10.268866561732928,170.8780985,10.293749809000076]","[170.8712158200001,10.268866561732928,170.8780985,10.293749809000076]",0.003949842,0,0.004319203,within_safe_vector_latitude,not_run+unchanged,1,
adm1,77969171B54378659360174,Namdrik,MHL,True,"[168.10041809100005,5.591364821312697,168.13419541794823,5.630416870000033]","[168.10041809100005,5.591364821312697,168.13419541794823,5.630416870000033]",0.004989624,0,0.006254777,within_safe_vector_latitude,not_run+unchanged,1,
adm1,77969171B60639821987115,Ujae,MHL,True,"[165.7544145,8.926304008823957,165.76289367700008,8.930417061000071]","[165.7544145,8.926304008823957,165.76289367700008,8.930417061000071]",0.004957601,0,0.008479177,within_safe_vector_latitude,not_run+unchanged,1,
adm1,77969171B78565267382439,Utirik,MHL,True,"[169.84365623311754,11.223694801000022,169.85999254078342,11.23052791759787]","[169.84365623311754,11.223694801000022,169.85999254078342,11.23052791759787]",0.005449602,0,0.016336308,within_safe_vector_latitude,not_run+unchanged,1,
adm1,77969171B89836250003833,Wotho,MHL,True,"[165.99870162171075,10.164087790399947,166.00961303700012,10.1778847]","[165.99870162171075,10.164087790399947,166.00961303700012,10.1778847]",0.007299524,0,0.010911415,within_safe_vector_latitude,not_run+unchanged,1,
adm1,77969171B58637068818674,Jaluit,MHL,True,"[169.5811316004575,5.787889005000068,169.6090744899912,5.802553465385753]","[169.5811316004575,5.787889005000068,169.6090744899912,5.802553465385753]",0.010009767,0,0.02794289,within_safe_vector_latitude,not_run+unchanged,1,
adm1,77969171B38536087618645,Mili,MHL,True,"[171.7242794,6.073554949988391,171.75952148400006,6.1021459]","[171.7242794,6.073554949988391,171.75952148400006,6.1021459]",0.009807709,0,0.020996456,within_safe_vector_latitude,not_run+unchanged,1,
adm1,77969171B37424980791701,Maloelap,MHL,True,"[170.8378906250001,8.88624954200003,170.849814,8.902630833048992]","[170.8378906250001,8.88624954200003,170.849814,8.902630833048992]",0.005932782,0,0.011923375,within_safe_vector_latitude,not_run+unchanged,1,
adm1,77969171B58043664047812,Wotje,MHL,True,"[170.23113847897312,9.4445269,170.2444313,9.4673482]","[170.23113847897312,9.4445269,170.2444313,9.4673482]",0.0072048,0,0.013292821,within_safe_vector_latitude,not_run+unchanged,1,
adm1,64602211B19416274064143,Adrar,MRT,True,"[-14.296003100103212,18.557060241699162,-6.35476112365717,24.297869926802335]","[-14.296003100103212,18.557060241699162,-6.35476112365717,24.297869926802335]",4.288955212,0,7.941241976,within_safe_vector_latitude,not_run+unchanged,4,
adm1,64602211B24757493091095,Assaba,MRT,True,"[-12.839029312133789,15.106888001000073,-10.584837501169696,18.310989379882926]","[-12.839029312133789,15.106888001000073,-10.584837501169696,18.310989379882926]",0.289890289,0,2.254191811,within_safe_vector_latitude,not_run+unchanged,2,
adm1,64602211B32818049823770,Brakna,MRT,True,"[-14.953796563999958,16.107209442424306,-12.310170173644963,18.557060241699162]","[-14.953796563999958,16.107209442424306,-12.310170173644963,18.557060241699162]",0.784080505,0,2.64362639,within_safe_vector_latitude,not_run+unchanged,1,
adm1,64602211B42879511039945,Dakhlet Nouadhibou,MRT,True,"[-17.066446213194457,19.408193588256893,-14.173149108886662,21.333928510208352]","[-17.066446213194457,19.408193588256893,-14.173149108886662,21.333928510208352]",1.666602135,0,2.893297104,within_safe_vector_latitude,not_run+unchanged,1,
adm1,64602211B65251719279272,Gorgol,MRT,True,"[-13.735008657788095,15.132907174972319,-12.004879951476994,16.85835075378418]","[-13.735008657788095,15.132907174972319,-12.004879951476994,16.85835075378418]",0.194778442,0,1.730128706,within_safe_vector_latitude,not_run+unchanged,1,
adm1,64602211B46967673309417,Guidimaka,MRT,True,"[-12.746095305121633,14.721273,-11.500289916992074,16.05607032775879]","[-12.746095305121633,14.721273,-11.500289916992074,16.05607032775879]",0.161270142,0,1.245805388,within_safe_vector_latitude,not_run+unchanged,1,
adm1,64602211B22115476481884,Hodh ech Chargui,MRT,True,"[-9.329576975190466,15.49496622400005,-5.333333,23.15807914733898]","[-9.329576975190466,15.49496622400005,-5.333333,23.15807914733898]",1.595179081,0,3.996243975,within_safe_vector_latitude,not_run+unchanged,2,
adm1,64602211B52393032227980,Hodh el Gharbi,MRT,True,"[-11.09580993652338,15.361625,-8.289197921752873,17.72287940979004]","[-11.09580993652338,15.361625,-8.289197921752873,17.72287940979004]",0.609855652,0,2.806612015,within_safe_vector_latitude,not_run+unchanged,1,
adm1,64602211B38857826595310,Inchiri,MRT,True,"[-16.544406917728285,18.995889663696346,-14.15443038940424,21.150840759277457]","[-16.544406917728285,18.995889663696346,-14.15443038940424,21.150840759277457]",1.956292152,0,2.389976528,within_safe_vector_latitude,not_run+unchanged,1,
adm1,64602211B45475199809733,Nouakchott,MRT,True,"[-16.050138473510742,17.886459350585938,-15.779998779296761,18.39312171936035]","[-16.050138473510742,17.886459350585938,-15.779998779296761,18.39312171936035]",0.269057274,0,0.270139694,within_safe_vector_latitude,not_run+unchanged,1,
adm1,64602211B48349945606013,Tagant,MRT,True,"[-12.669039726257324,17.080350875854435,-7.987679958343506,19.725460052490234]","[-12.669039726257324,17.080350875854435,-7.987679958343506,19.725460052490234]",3.025681973,0,4.681359768,within_safe_vector_latitude,not_run+unchanged,2,
adm1,64602211B50097143527370,Tiris Zemmour,MRT,True,"[-13.14515761218466,21.351659774780217,-4.83561984813168,27.29554375280898]","[-13.14515761218466,21.351659774780217,-4.83561984813168,27.29554375280898]",4.288955212,0,8.309537764,within_safe_vector_latitude,not_run+unchanged,4,
adm1,64602211B44145471606678,Trarza,MRT,True,"[-16.519723717999966,16.06168069803324,-12.669039726257324,19.000570297241268]","[-16.519723717999966,16.06168069803324,-12.669039726257324,19.000570297241268]",1.956292152,0,3.850683992,within_safe_vector_latitude,not_run+unchanged,1,
adm1,65221844B99203907341133,Black River,MUS,True,"[57.30865280000006,-20.48874252539451,57.47328260000006,-20.164226837817388]","[57.30865280000006,-20.48874252539451,57.47328260000006,-20.164226837817388]",0.0100045,0,0.1646298,within_safe_vector_latitude,not_run+unchanged,1,
adm1,65221844B3325932502431,Flacq,MUS,True,"[57.61746520000003,-20.334334099999978,57.806304933000035,-20.108869184233253]","[57.61746520000003,-20.334334099999978,57.806304933000035,-20.108869184233253]",0.103650766,0,0.188839733,within_safe_vector_latitude,not_run+unchanged,1,
adm1,65221844B660734165567,Grand Port,MUS,True,"[57.52234660000005,-20.495670012222376,57.780837200000065,-20.312238699999966]","[57.52234660000005,-20.495670012222376,57.780837200000065,-20.312238699999966]",0.042144,0,0.2584906,within_safe_vector_latitude,not_run+unchanged,1,
adm1,65221844B64352145242214,Moka,MUS,True,"[57.47095970000004,-20.336949799999957,57.66849540000004,-20.166947599999958]","[57.47095970000004,-20.336949799999957,57.66849540000004,-20.166947599999958]",0.0392703,0,0.1975357,within_safe_vector_latitude,not_run+unchanged,1,
adm1,65221844B91551715822340,Pamplemousses,MUS,True,"[57.49579380000006,-20.196742098999948,57.64871050000005,-19.999876]","[57.49579380000006,-20.196742098999948,57.64871050000005,-19.999876]",0.045457301,0,0.1529167,within_safe_vector_latitude,not_run+unchanged,1,
adm1,65221844B21568199301359,Plaines Wilhems,MUS,True,"[57.43824880000005,-20.42109739999995,57.60039489900004,-20.182531]","[57.43824880000005,-20.42109739999995,57.60039489900004,-20.182531]",0.042144,0,0.162146099,within_safe_vector_latitude,not_run+unchanged,1,
adm1,65221844B53255720811613,Port Louis,MUS,True,"[57.47190744256152,-20.199598899999955,57.55598850100006,-20.13855375788205]","[57.47190744256152,-20.199598899999955,57.55598850100006,-20.13855375788205]",0.0103801,0,0.084081058,within_safe_vector_latitude,not_run+unchanged,1,
adm1,65221844B93227578092779,Rivière du Rempart,MUS,True,"[57.56933630000003,-20.15190949999993,57.74726956611566,-19.982065399999954]","[57.56933630000003,-20.15190949999993,57.74726956611566,-19.982065399999954]",0.103650766,0,0.177933266,within_safe_vector_latitude,not_run+unchanged,1,
adm1,65221844B93866494923153,Savanne,MUS,True,"[57.372077,-20.525357,57.622611,-20.390513]","[57.372077,-20.525357,57.622611,-20.390513]",0.017774301,0,0.250534,within_safe_vector_latitude,not_run+unchanged,1,
adm1,65221844B37057547030311,Rodrigues,MUS,True,"[63.33044837245432,-19.769891205251625,63.501472496572475,-19.667528198999946]","[63.33044837245432,-19.769891205251625,63.501472496572475,-19.667528198999946]",0.013781,0,0.171024124,within_safe_vector_latitude,not_run+unchanged,1,
adm1,65221844B12885462064369,St. Brandon,MUS,True,"[59.567544600000076,-16.758015399999977,59.57544899900006,-16.73019848090135]","[59.567544600000076,-16.758015399999977,59.57544899900006,-16.73019848090135]",0.0027673,0,0.007904399,within_safe_vector_latitude,not_run+unchanged,1,
adm1,65221844B83452679821580,Agaléga,MUS,True,"[56.58571370000004,-10.490700699999934,56.705126,-10.33723189999995]","[56.58571370000004,-10.490700699999934,56.705126,-10.33723189999995]",0.011873401,0,0.060736343,within_safe_vector_latitude,not_run+unchanged,1,
adm1,31927357B17004778023462,Aguascalientes,MEX,True,"[-102.87417658499999,21.62226648500007,-101.83528944699998,22.459589684000036]","[-102.87417658499999,21.62226648500007,-101.83528944699998,22.459589684000036]",0.076693467,0,1.038887138,within_safe_vector_latitude,not_run+unchanged,2,
adm1,31927357B35339934753022,Baja California,MEX,True,"[-118.36319800479336,27.999999986000034,-112.76317922348963,32.718767885000034]","[-118.36319800479336,27.999999986000034,-112.76317922348963,32.718767885000034]",0.227303309,0,4.359215453,within_safe_vector_latitude,not_run+unchanged,2,
adm1,31927357B33389180120223,Baja California Sur,MEX,True,"[-115.08170077899996,22.871958721000055,-109.41547669799996,28.000000363408674]","[-115.08170077899996,22.871958721000055,-109.41547669799996,28.000000363408674]",0.133333334,0,5.666224081,within_safe_vector_latitude,not_run+unchanged,2,
adm1,31927357B84428150771724,Campeche,MEX,True,"[-92.46669375,17.815693099294837,-89.121229197,20.848327288000064]","[-92.46669375,17.815693099294837,-89.121229197,20.848327288000064]",0.129039415,0,3.345464553,within_safe_vector_latitude,not_run+unchanged,2,
adm1,31927357B65177449444732,Chiapas,MEX,True,"[-94.13915599599994,14.535748731816925,-90.371542,17.983957351000072]","[-94.13915599599994,14.535748731816925,-90.371542,17.983957351000072]",0.663304267,0,3.767613996,within_safe_vector_latitude,not_run+unchanged,1,
adm1,31927357B49801195703560,Chihuahua,MEX,True,"[-109.07488616699999,25.56354791900003,-103.29935599254323,31.783909135000044]","[-109.07488616699999,25.56354791900003,-103.29935599254323,31.783909135000044]",0.236691882,0,5.775530174,within_safe_vector_latitude,not_run+unchanged,1,
adm1,31927357B32124965101143,Coahuila de Zaragoza,MEX,True,"[-103.96000191999997,24.54268406600005,-99.84325778927581,29.880022911000026]","[-103.96000191999997,24.54268406600005,-99.84325778927581,29.880022911000026]",0.148985073,0,4.116744131,within_safe_vector_latitude,not_run+unchanged,2,
adm1,31927357B75771156097737,Colima,MEX,True,"[-114.75932577099996,18.344333649000077,-103.48634645199996,19.512518771000032]","[-114.75932577099996,18.344333649000077,-103.48634645199996,19.512518771000032]",0.049767853,0,1.203880826,within_safe_vector_latitude,not_run+unchanged,2,
adm1,31927357B79016588373767,Distrito Federal,MEX,True,"[-99.36492420399998,19.048236664000058,-98.94030281199997,19.592757280000058]","[-99.36492420399998,19.048236664000058,-98.94030281199997,19.592757280000058]",0.091398764,0,0.424621392,within_safe_vector_latitude,not_run+unchanged,1,
adm1,31927357B5285092776894,Durango,MEX,True,"[-107.21013222599998,22.34603153100005,-102.47269698099996,26.844875912000077]","[-107.21013222599998,22.34603153100005,-102.47269698099996,26.844875912000077]",0.162204389,0,4.737435245,within_safe_vector_latitude,not_run+unchanged,1,
adm1,31927357B33104012885361,Guanajuato,MEX,True,"[-102.09689916999997,19.912750181000035,-99.67130261499995,21.83941671900004]","[-102.09689916999997,19.912750181000035,-99.67130261499995,21.83941671900004]",0.043058228,0,2.425596555,within_safe_vector_latitude,not_run+unchanged,2,
adm1,31927357B20618267715210,Guerrero,MEX,True,"[-102.18411749999996,16.316055262893137,-98.00727639399997,18.887271371000054]","[-102.18411749999996,16.316055262893137,-98.00727639399997,18.887271371000054]",0.049099701,0,4.176841106,within_safe_vector_latitude,not_run+unchanged,2,
adm1,31927357B12556965236767,Hidalgo,MEX,True,"[-99.85910642099998,19.59789138000008,-97.98504340799997,21.398517652000066]","[-99.85910642099998,19.59789138000008,-97.98504340799997,21.398517652000066]",0.054575189,0,1.874063013,within_safe_vector_latitude,not_run+unchanged,1,
adm1,31927357B65869129959700,Jalisco,MEX,True,"[-105.69524929399995,18.92613172700004,-101.51054174999996,22.75015969100008]","[-105.69524929399995,18.92613172700004,-101.51054174999996,22.75015969100008]",0.076693467,0,4.184707544,within_safe_vector_latitude,not_run+unchanged,2,
adm1,31927357B41082348713023,Mexico,MEX,True,"[-100.61315378099994,18.367433814000037,-98.59686665599997,20.28586666600006]","[-100.61315378099994,18.367433814000037,-98.59686665599997,20.28586666600006]",0.054575189,0,2.016287125,within_safe_vector_latitude,not_run+unchanged,1,
adm1,31927357B49073316106075,Michoacan de Ocampo,MEX,True,"[-103.73825735399998,17.927180432334602,-100.06335892699997,20.394435713000064]","[-103.73825735399998,17.927180432334602,-100.06335892699997,20.394435713000064]",0.039442157,0,3.674898427,within_safe_vector_latitude,not_run+unchanged,2,
adm1,31927357B72315499763974,Morelos,MEX,True,"[-99.49441414799998,18.332566502000077,-98.63294665099994,19.131701727000063]","[-99.49441414799998,18.332566502000077,-98.63294665099994,19.131701727000063]",0.091398764,0,0.861467497,within_safe_vector_latitude,not_run+unchanged,1,
adm1,31927357B15886886594254,Nayarit,MEX,True,"[-106.68745206599957,20.603220948000057,-103.72089554599995,23.084081988000037]","[-106.68745206599957,20.603220948000057,-103.72089554599995,23.084081988000037]",0.098032052,0,1.959500947,within_safe_vector_latitude,not_run+unchanged,2,
adm1,31927357B30741484985331,Nuevo Leon,MEX,True,"[-101.20676270999996,23.162683186000038,-98.42157607799999,27.799137187000042]","[-101.20676270999996,23.162683186000038,-98.42157607799999,27.799137187000042]",0.144589665,0,2.785186632,within_safe_vector_latitude,not_run+unchanged,1,
adm1,31927357B6525686063804,Oaxaca,MEX,True,"[-98.5525291193446,15.658296367000048,-93.86742677199999,18.66931681500006]","[-98.5525291193446,15.658296367000048,-93.86742677199999,18.66931681500006]",0.138032837,0,4.685102347,within_safe_vector_latitude,not_run+unchanged,1,
adm1,31927357B1137737933275,Puebla,MEX,True,"[-99.06996816399999,17.860911930000043,-96.72468303399995,20.839959747000023]","[-99.06996816399999,17.860911930000043,-96.72468303399995,20.839959747000023]",0.043735617,0,2.34528513,within_safe_vector_latitude,not_run+unchanged,1,
adm1,31927357B98648037880103,Queretaro de Arteaga,MEX,True,"[-100.59583317,20.019168382000032,-99.04307985299994,21.670005427000035]","[-100.59583317,20.019168382000032,-99.04307985299994,21.670005427000035]",0.043058228,0,1.552753317,within_safe_vector_latitude,not_run+unchanged,1,
adm1,31927357B30293642818187,Quintana Roo,MEX,True,"[-89.29656181399997,17.894345559319277,-86.71360941180545,21.591253979000044]","[-89.29656181399997,17.894345559319277,-86.71360941180545,21.591253979000044]",0.135012872,0,2.542860998,within_safe_vector_latitude,not_run+unchanged,1,
adm1,31927357B22618747134228,San Luis Potosi,MEX,True,"[-102.29603840999994,21.160183631000052,-98.32596704899998,24.49152182800003]","[-102.29603840999994,21.160183631000052,-98.32596704899998,24.49152182800003]",0.113621066,0,3.970071361,within_safe_vector_latitude,not_run+unchanged,4,
adm1,31927357B30231562725156,Sinaloa,MEX,True,"[-109.44769260199996,22.47233969000007,-105.39224538999997,27.04204799400003]","[-109.44769260199996,22.47233969000007,-105.39224538999997,27.04204799400003]",0.077144931,0,4.053621297,within_safe_vector_latitude,not_run+unchanged,1,
adm1,31927357B37261891092938,Sonora,MEX,True,"[-115.05302232699995,26.302967687000034,-108.42427083399997,32.49391316200007]","[-115.05302232699995,26.302967687000034,-108.42427083399997,32.49391316200007]",0.335199045,0,6.628751493,within_safe_vector_latitude,not_run+unchanged,4,
adm1,31927357B81008000569871,Tabasco,MEX,True,"[-94.12975436899995,17.250966771137044,-90.987618694,18.64987265700006]","[-94.12975436899995,17.250966771137044,-90.987618694,18.64987265700006]",0.064280594,0,2.289085724,within_safe_vector_latitude,not_run+unchanged,1,
adm1,31927357B88239390016047,Tamaulipas,MEX,True,"[-100.14495021899995,22.20795772200006,-97.14500703199997,27.67906324607451]","[-100.14495021899995,22.20795772200006,-97.14500703199997,27.67906324607451]",0.135748043,0,2.999943187,within_safe_vector_latitude,not_run+unchanged,1,
adm1,31927357B22008724034476,Tlaxcala,MEX,True,"[-98.70839858699998,19.105071861000056,-97.62567420899995,19.72891743200006]","[-98.70839858699998,19.105071861000056,-97.62567420899995,19.72891743200006]",0.038227942,0,1.082724378,within_safe_vector_latitude,not_run+unchanged,1,
adm1,31927357B5337219705256,Veracruz de Ignacio de la Llave,MEX,True,"[-98.68154660399995,17.136964910000074,-93.60793980899996,22.471656624000047]","[-98.68154660399995,17.136964910000074,-93.60793980899996,22.471656624000047]",0.138032837,0,3.046388764,within_safe_vector_latitude,not_run+unchanged,2,
adm1,31927357B35199150741361,Yucatan,MEX,True,"[-90.40626483399996,19.55117409500002,-87.53314528099997,21.62426617400007]","[-90.40626483399996,19.55117409500002,-87.53314528099997,21.62426617400007]",0.135012872,0,2.873119553,within_safe_vector_latitude,not_run+unchanged,2,
adm1,31927357B22408340646138,Zacatecas,MEX,True,"[-104.35353303899996,21.04242769900003,-100.74232428699997,25.12523550700007]","[-104.35353303899996,21.04242769900003,-100.74232428699997,25.12523550700007]",0.121702527,0,3.611208752,within_safe_vector_latitude,not_run+unchanged,4,
adm1,64989084B48422588925966,Yap,FSM,True,"[138.060394287,7.370370992288506,143.91206397374336,9.608058197753426]","[138.060394287,7.370370992288506,143.91206397374336,9.608058197753426]",0.007125853,0,0.129304989,within_safe_vector_latitude,not_run+unchanged,1,
adm1,64989084B22448563958302,Chuuk,FSM,True,"[149.1926247076967,5.282916105000027,153.65177000550193,8.985627318066143]","[149.1926247076967,5.282916105000027,153.65177000550193,8.985627318066143]",0.009933472,0,0.0670482,within_safe_vector_latitude,not_run+unchanged,1,
adm1,64989084B14644801478174,Pohnpei,FSM,True,"[158.11131780000005,6.197623645000021,160.71536300492218,7.011352042000055]","[158.11131780000005,6.197623645000021,160.71536300492218,7.011352042000055]",0.006668091,0,0.22323115,within_safe_vector_latitude,not_run+unchanged,1,
adm1,64989084B53067458551386,Kosrae,FSM,True,"[162.90076536000004,5.263583183000037,163.0353851330001,5.369994516000077]","[162.90076536000004,5.263583183000037,163.0353851330001,5.369994516000077]",0.009201048,0,0.134619773,within_safe_vector_latitude,not_run+unchanged,1,
adm1,25212430B51059014460141,Cahul,MDA,True,"[28.087332574999685,45.47072071439133,28.560939999999775,46.140465999057405]","[28.087332574999685,45.47072071439133,28.560939999999775,46.140465999057405]",0.128194,0,0.473607425,within_safe_vector_latitude,not_run+unchanged,1,
adm1,25212430B55748044124793,Gagauzia,MDA,True,"[28.29228399999978,45.48523190495759,29.002249999999822,46.47137699905794]","[28.29228399999978,45.48523190495759,29.002249999999822,46.47137699905794]",0.1728245,0,0.528593,within_safe_vector_latitude,not_run+unchanged,1,
adm1,25212430B43456438192105,Taraclia,MDA,True,"[28.38634499999978,45.73652899905698,29.06706711449451,46.231750499057526]","[28.38634499999978,45.73652899905698,29.06706711449451,46.231750499057526]",0.1728245,0,0.416829,within_safe_vector_latitude,not_run+unchanged,1,
adm1,25212430B81482951983667,Cantemir,MDA,True,"[28.110361393533083,46.07905999905736,28.556069999999757,46.42063699905786]","[28.110361393533083,46.07905999905736,28.556069999999757,46.42063699905786]",0.075921,0,0.445708606,within_safe_vector_latitude,not_run+unchanged,1,
adm1,25212430B41329206409501,Basarabeasca,MDA,True,"[28.72773199999978,46.259544499057576,29.02555359764447,46.53537599905805]","[28.72773199999978,46.259544499057576,29.02555359764447,46.53537599905805]",0.164711,0,0.297821598,within_safe_vector_latitude,not_run+unchanged,1,
adm1,25212430B269818099865,Leova,MDA,True,"[28.20970958104556,46.33661899905771,28.579753999999784,46.69510799905835]","[28.20970958104556,46.33661899905771,28.579753999999784,46.69510799905835]",0.071039,0,0.370044419,within_safe_vector_latitude,not_run+unchanged,1,
adm1,25212430B51243918943413,Cimislia,MDA,True,"[28.54944799999979,46.412438999057834,29.06293199999976,46.771856999058514]","[28.54944799999979,46.412438999057834,29.06293199999976,46.771856999058514]",0.152465,0,0.513484,within_safe_vector_latitude,not_run+unchanged,1,
adm1,25212430B10989766506063,Stefan Voda,MDA,True,"[29.39609899999977,46.35255181617253,30.14083349999976,46.676695999058325]","[29.39609899999977,46.35255181617253,30.14083349999976,46.676695999058325]",0.085731188,0,0.7447345,within_safe_vector_latitude,not_run+unchanged,1,
adm1,25212430B95154791539173,Bender,MDA,True,"[29.39663599999978,46.79296399905854,29.510377999999772,46.85644599905868]","[29.39663599999978,46.79296399905854,29.510377999999772,46.85644599905868]",0.057608,0,0.113742,within_safe_vector_latitude,not_run+unchanged,1,
adm1,25212430B31479954216778,Causeni,MDA,True,"[28.92751499999978,46.37622377446564,29.69459699999976,46.822847999058624]","[28.92751499999978,46.37622377446564,29.69459699999976,46.822847999058624]",0.091959,0,0.767082,within_safe_vector_latitude,not_run+unchanged,1,
adm1,25212430B73317679220215,Hincesti,MDA,True,"[28.08368559450945,46.60522899905817,28.74272299999979,47.08396899905922]","[28.08368559450945,46.60522899905817,28.74272299999979,47.08396899905922]",0.080823,0,0.659037405,within_safe_vector_latitude,not_run+unchanged,1,
adm1,25212430B74275153833775,Ialoveni,MDA,True,"[28.476330999999757,46.66213199905829,29.102994999999773,47.063367999059174]","[28.476330999999757,46.66213199905829,29.102994999999773,47.063367999059174]",0.08553,0,0.626664,within_safe_vector_latitude,not_run+unchanged,1,
adm1,25212430B5738533784066,Nisporeni,MDA,True,"[27.946098999999776,46.90570099905881,28.32888199999977,47.25965599905965]","[27.946098999999776,46.90570099905881,28.32888199999977,47.25965599905965]",0.080823,0,0.382783,within_safe_vector_latitude,not_run+unchanged,1,
adm1,25212430B29368029244886,Chisinau,MDA,True,"[28.643864999999778,46.859897999058695,29.121905999999765,47.15489599905939]","[28.643864999999778,46.859897999058695,29.121905999999765,47.15489599905939]",0.084702,0,0.478041,within_safe_vector_latitude,not_run+unchanged,1,
adm1,25212430B26910735221199,Anenii Noi,MDA,True,"[28.97441799999976,46.7077969990584,29.489287999999757,47.13237399905935]","[28.97441799999976,46.7077969990584,29.489287999999757,47.13237399905935]",0.09161,0,0.51487,within_safe_vector_latitude,not_run+unchanged,1,
adm1,25212430B57403780332927,Criuleni,MDA,True,"[28.747288999999768,46.97509699905895,29.296008999999767,47.32714399905983]","[28.747288999999768,46.97509699905895,29.296008999999767,47.32714399905983]",0.09161,0,0.432985,within_safe_vector_latitude,not_run+unchanged,1,
adm1,25212430B9063126289167,Straseni,MDA,True,"[28.236947999999785,46.98830199905898,28.78046299999976,47.33515399905987]","[28.236947999999785,46.98830199905898,28.78046299999976,47.33515399905987]",0.08553,0,0.543515,within_safe_vector_latitude,not_run+unchanged,1,
adm1,25212430B23943377724140,Ungheni,MDA,True,"[27.583729491487354,47.023401245936206,28.195951999999778,47.4908909990603]","[27.583729491487354,47.023401245936206,28.195951999999778,47.4908909990603]",0.084226,0,0.612222509,within_safe_vector_latitude,not_run+unchanged,1,
adm1,25212430B37177221829666,Dubasari,MDA,True,"[29.01741499999978,47.0751689990592,29.363380999999773,47.4147629990601]","[29.01741499999978,47.0751689990592,29.363380999999773,47.4147629990601]",0.080504,0,0.320173,within_safe_vector_latitude,not_run+unchanged,1,
adm1,25212430B70495112373630,Calarasi,MDA,True,"[28.046793999999778,47.15902899905939,28.553642999999767,47.43919099906018]","[28.046793999999778,47.15902899905939,28.553642999999767,47.43919099906018]",0.070497,0,0.506849,within_safe_vector_latitude,not_run+unchanged,1,
adm1,25212430B22111314945643,Transnistria,MDA,True,"[28.499128499999774,46.54662999905807,29.9741530427495,48.173349003000055]","[28.499128499999774,46.54662999905807,29.9741530427495,48.173349003000055]",0.096972,0,0.836634675,within_safe_vector_latitude,not_run+unchanged,1,
adm1,25212430B61222791146584,Falesti,MDA,True,"[27.401127499999774,47.37595547418314,27.999635999999782,47.7774349990612]","[27.401127499999774,47.37595547418314,27.999635999999782,47.7774349990612]",0.1162085,0,0.5985085,within_safe_vector_latitude,not_run+unchanged,1,
adm1,25212430B45328982281571,Orhei,MDA,True,"[28.49708099999978,47.18230599905949,29.117140999999776,47.6217929990607]","[28.49708099999978,47.18230599905949,29.117140999999776,47.6217929990607]",0.09511,0,0.62006,within_safe_vector_latitude,not_run+unchanged,1,
adm1,25212430B89307550133505,Glodeni,MDA,True,"[27.25777351691732,47.58437749906059,27.803585999999765,47.87006699906149]","[27.25777351691732,47.58437749906059,27.803585999999765,47.87006699906149]",0.1162085,0,0.545812483,within_safe_vector_latitude,not_run+unchanged,1,
adm1,25212430B53322619224262,Balti,MDA,True,"[27.78348399999976,47.73599899906107,28.050790999999776,47.82482299906133]","[27.78348399999976,47.73599899906107,28.050790999999776,47.82482299906133]",0.108297,0,0.267307,within_safe_vector_latitude,not_run+unchanged,1,
adm1,25212430B80524279714584,Telenesti,MDA,True,"[28.152155999999763,47.408052999060075,28.704945999999783,47.73795999906107]","[28.152155999999763,47.408052999060075,28.704945999999783,47.73795999906107]",0.092064,0,0.55279,within_safe_vector_latitude,not_run+unchanged,1,
adm1,25212430B37613660942888,SIngerei,MDA,True,"[27.886258999999768,47.43435699906014,28.406089999999782,47.910256999061616]","[27.886258999999768,47.43435699906014,28.406089999999782,47.910256999061616]",0.085486,0,0.519831,within_safe_vector_latitude,not_run+unchanged,1,
adm1,25212430B1615629371845,RIscani,MDA,True,"[27.152094245557926,47.7549509990611,27.91988299999977,48.092982999062265]","[27.152094245557926,47.7549509990611,27.91988299999977,48.092982999062265]",0.105144,0,0.767788754,within_safe_vector_latitude,not_run+unchanged,1,
adm1,25212430B36697629718061,Rezina,MDA,True,"[28.59514399999978,47.52947199906045,29.025998999999747,47.88439199906155]","[28.59514399999978,47.52947199906045,29.025998999999747,47.88439199906155]",0.09511,0,0.430855,within_safe_vector_latitude,not_run+unchanged,1,
adm1,25212430B52468939139965,Soldanesti,MDA,True,"[28.409556999999783,47.70320799906095,28.949692999999773,47.986561999061905]","[28.409556999999783,47.70320799906095,28.949692999999773,47.986561999061905]",0.096972,0,0.540136,within_safe_vector_latitude,not_run+unchanged,1,
adm1,25212430B38040597710669,Floresti,MDA,True,"[28.023285999999786,47.692909999060916,28.753226999999782,48.070741999062186]","[28.023285999999786,47.692909999060916,28.753226999999782,48.070741999062186]",0.104354,0,0.729941,within_safe_vector_latitude,not_run+unchanged,1,
adm1,25212430B3857280687737,Drochia,MDA,True,"[27.623779999999783,47.82076099906132,28.09055799999976,48.24059199906282]","[27.623779999999783,47.82076099906132,28.09055799999976,48.24059199906282]",0.105144,0,0.466778,within_safe_vector_latitude,not_run+unchanged,1,
adm1,25212430B65458906379390,Edinet,MDA,True,"[27.02675933224756,47.94023799906174,27.541237999999765,48.34907499906324]","[27.02675933224756,47.94023799906174,27.541237999999765,48.34907499906324]",0.072248,0,0.514478668,within_safe_vector_latitude,not_run+unchanged,1,
adm1,25212430B46101437811477,Briceni,MDA,True,"[26.61642499900006,48.12245370695159,27.277342999999775,48.434645249073434]","[26.61642499900006,48.12245370695159,27.277342999999775,48.434645249073434]",0.075070508,0,0.660918001,within_safe_vector_latitude,not_run+unchanged,1,
adm1,25212430B70903588336793,Soroca,MDA,True,"[27.854689999999774,47.97796999906189,28.635360999999758,48.353694499063245]","[27.854689999999774,47.97796999906189,28.635360999999758,48.353694499063245]",0.104354,0,0.780671,within_safe_vector_latitude,not_run+unchanged,1,
adm1,25212430B39831138215863,Donduseni,MDA,True,"[27.489758999999765,48.05372699906212,27.924924999999774,48.38572199906338]","[27.489758999999765,48.05372699906212,27.924924999999774,48.38572199906338]",0.082846,0,0.435166,within_safe_vector_latitude,not_run+unchanged,1,
adm1,25212430B35951071556291,Ocnita,MDA,True,"[27.216500999999766,48.21513699906273,27.87767999999977,48.49202900300003]","[27.216500999999766,48.21513699906273,27.87767999999977,48.49202900300003]",0.082846,0,0.661179,within_safe_vector_latitude,not_run+unchanged,1,
adm1,94367503B51750357600402,Rio San Juan,NIC,True,"[-85.1906973,10.7083547,-83.6606437,11.8818534]","[-85.1906973,10.7083547,-83.6606437,11.8818534]",0.0811677,0,1.5300536,within_safe_vector_latitude,not_run+unchanged,2,
adm1,94367503B94735481042460,Boaco,NIC,True,"[-85.9871023,11.709600799999984,-84.9521993,12.801096899999987]","[-85.9871023,11.709600799999984,-84.9521993,12.801096899999987]",0.1129492,0,1.034903,within_safe_vector_latitude,not_run+unchanged,1,
adm1,94367503B5776780049527,Chontales,NIC,True,"[-85.6743696,11.3671432,-84.5249107,12.624965899999976]","[-85.6743696,11.3671432,-84.5249107,12.624965899999976]",0.5206839,0,1.1494589,within_safe_vector_latitude,not_run+unchanged,1,
adm1,94367503B81766766698586,Managua,NIC,True,"[-86.67492789999999,11.720142491221656,-85.7943423,12.64102219999998]","[-86.67492789999999,11.720142491221656,-85.7943423,12.64102219999998]",0.1588455,0,0.8805856,within_safe_vector_latitude,not_run+unchanged,1,
adm1,94367503B39053627120026,Leon,NIC,True,"[-87.1190408,11.990396218459853,-86.2732054,13.1280729]","[-87.1190408,11.990396218459853,-86.2732054,13.1280729]",0.1588455,0,0.8458354,within_safe_vector_latitude,not_run+unchanged,1,
adm1,94367503B84000172489696,Chinandega,NIC,True,"[-87.6913288,12.401806478205986,-86.6607547,13.3132776]","[-87.6913288,12.401806478205986,-86.6607547,13.3132776]",0.0499168,0,1.0305741,within_safe_vector_latitude,not_run+unchanged,1,
adm1,94367503B56642323258301,Madriz,NIC,True,"[-86.7698964,13.1915274,-86.06876,13.662972599999987]","[-86.7698964,13.1915274,-86.06876,13.662972599999987]",0.0406694,0,0.7011364,within_safe_vector_latitude,not_run+unchanged,1,
adm1,94367503B38089883333909,Estelí,NIC,True,"[-86.7473474,12.8595732,-86.0987487,13.4343565]","[-86.7473474,12.8595732,-86.0987487,13.4343565]",0.0607523,0,0.6485987,within_safe_vector_latitude,not_run+unchanged,1,
adm1,94367503B21824249781169,Nueva Segovia,NIC,True,"[-86.78598823017629,13.4641095,-85.75217940000002,14.080218377000051]","[-86.78598823017629,13.4641095,-85.75217940000002,14.080218377000051]",0.0570169,0,1.03380883,within_safe_vector_latitude,not_run+unchanged,1,
adm1,94367503B41972548719200,Matagalpa (Departemento),NIC,True,"[-86.3012056,12.534416,-85.0715998,13.3459413]","[-86.3012056,12.534416,-85.0715998,13.3459413]",0.0728307,0,1.2296058,within_safe_vector_latitude,not_run+unchanged,1,
adm1,94367503B67681727137385,North Carribean Coast Autonomous Region,NIC,True,"[-85.5094936,13.021493199999975,-82.73454761817963,15.029693773581073]","[-85.5094936,13.021493199999975,-82.73454761817963,15.029693773581073]",0.2259786,0,2.366653316,within_safe_vector_latitude,not_run+unchanged,1,
adm1,94367503B33867790321270,South Atlantic Autonomous Region,NIC,True,"[-85.19857080000001,10.942474689147874,-82.9720519,13.309843599999988]","[-85.19857080000001,10.942474689147874,-82.9720519,13.309843599999988]",0.2259786,0,1.711621934,within_safe_vector_latitude,not_run+unchanged,2,
adm1,94367503B48061873039178,Jinotega (Departamento),NIC,True,"[-86.261505,12.989556,-84.8276557,14.6135149]","[-86.261505,12.989556,-84.8276557,14.6135149]",0.1353481,0,1.4338493,within_safe_vector_latitude,not_run+unchanged,1,
adm1,94367503B26309730772905,Carazo,NIC,True,"[-86.44942,11.518540987085915,-86.0841723,11.9544292]","[-86.44942,11.518540987085915,-86.0841723,11.9544292]",0.0199933,0,0.3652477,within_safe_vector_latitude,not_run+unchanged,1,
adm1,94367503B26829213243408,Granada,NIC,True,"[-86.1332183,11.6022018,-85.6703712,12.2145784]","[-86.1332183,11.6022018,-85.6703712,12.2145784]",0.2079405,0,0.4628471,within_safe_vector_latitude,not_run+unchanged,1,
adm1,94367503B55220527661789,Masaya,NIC,True,"[-86.29310560000002,11.8331174,-85.9604036,12.1544404]","[-86.29310560000002,11.8331174,-85.9604036,12.1544404]",0.0499709,0,0.332702,within_safe_vector_latitude,not_run+unchanged,1,
adm1,94367503B70144399425035,Rivas,NIC,True,"[-86.17274897220088,11.0442243,-85.1496873,11.712635499999983]","[-86.17274897220088,11.0442243,-85.1496873,11.712635499999983]",0.5206839,0,1.023061672,within_safe_vector_latitude,not_run+unchanged,2,
adm1,34121849B8854015950868,Dhofar,OMN,True,"[51.98423007909842,16.650441702778863,56.35609286584801,20.0]","[51.98423007909842,16.650441702778863,56.35609286584801,20.0]",0.7199291,0,4.371862787,within_safe_vector_latitude,not_run+unchanged,2,
adm1,34121849B71010913728332,Al Batinah,OMN,True,"[56.203785226426604,23.108006917057992,58.07272428424346,24.98093448929238]","[56.203785226426604,23.108006917057992,58.07272428424346,24.98093448929238]",0.090419518,0,1.868939058,within_safe_vector_latitude,not_run+unchanged,2,
adm1,34121849B37717587073732,Az Zahirah,OMN,True,"[55.20920716550833,17.475732400000027,58.96125030500008,26.38357781921372]","[55.20920716550833,17.475732400000027,58.96125030500008,26.38357781921372]",0.588988023,0,1.917086504,within_safe_vector_latitude,not_run+unchanged,4,
adm1,34121849B74132742221768,Muscat,OMN,True,"[58.01619995948774,22.88969136977306,59.22430564311394,23.71125030500008]","[58.01619995948774,22.88969136977306,59.22430564311394,23.71125030500008]",0.270721807,0,1.208105684,within_safe_vector_latitude,not_run+unchanged,1,
adm1,34121849B48568874604869,Ash Sharqiyah,OMN,True,"[57.913002964227076,20.350287300000048,59.837243954974035,23.303717584787535]","[57.913002964227076,20.350287300000048,59.837243954974035,23.303717584787535]",0.274827746,0,1.924240991,within_safe_vector_latitude,not_run+unchanged,2,
adm1,34121849B25434331600406,Ad Dakhiliyah,OMN,True,"[56.59507899962284,20.873098167331875,58.337736753767786,23.54285341587348]","[56.59507899962284,20.873098167331875,58.337736753767786,23.54285341587348]",1.446414859,0,1.742657754,within_safe_vector_latitude,not_run+unchanged,2,
adm1,34121849B130430185889,Al Wusta,OMN,True,"[55.000000000000114,17.941879566509897,58.31632160471531,21.401338510626204]","[55.000000000000114,17.941879566509897,58.31632160471531,21.401338510626204]",1.446414859,0,3.316321605,within_safe_vector_latitude,not_run+unchanged,2,
adm1,70912109B90439427603182,Balochistan,PAK,True,"[60.881409614800994,24.914246073097843,70.25221464798767,31.986358347559758]","[60.881409614800994,24.914246073097843,70.25221464798767,31.986358347559758]",0.874656297,0,9.370805033,within_safe_vector_latitude,not_run+unchanged,4,
adm1,70912109B8393927546319,Sindh,PAK,True,"[66.68992751384377,23.769527435000043,71.0965508717385,28.470585021081888]","[66.68992751384377,23.769527435000043,71.0965508717385,28.470585021081888]",0.874656297,0,4.406623358,within_safe_vector_latitude,not_run+unchanged,2,
adm1,70912109B54485417915534,Gilgit-Baltistan,PAK,True,"[72.54014021070219,34.58009554326781,77.00260874305134,37.412850600880084]","[72.54014021070219,34.58009554326781,77.00260874305134,37.412850600880084]",0.695166789,0,4.462468532,within_safe_vector_latitude,not_run+unchanged,1,
adm1,70912109B7720427584286,Azad Kashmir,PAK,True,"[73.39685662573277,32.79765509710512,75.49472734708945,35.085265932177094]","[73.39685662573277,32.79765509710512,75.49472734708945,35.085265932177094]",0.725491405,0,2.097870721,within_safe_vector_latitude,not_run+unchanged,1,
adm1,70912109B89717923239242,Khyber Pakhtunkhwa,PAK,True,"[69.2378,31.070376013442342,74.11510745964159,36.857514180335215]","[69.2378,31.070376013442342,74.11510745964159,36.857514180335215]",1.079223601,0,4.87730746,within_safe_vector_latitude,not_run+unchanged,2,
adm1,70912109B12169979015230,Punjab,PAK,True,"[69.40326124561005,27.705547913000032,75.3769905902035,34.062150424902256]","[69.40326124561005,27.705547913000032,75.3769905902035,34.062150424902256]",0.725491405,0,5.973729345,within_safe_vector_latitude,not_run+unchanged,2,
adm1,70912109B38683933016378,Islamabad Capital Territory,PAK,True,"[72.88526533412795,33.49371582772335,73.26996967745873,33.810981539666386]","[72.88526533412795,33.49371582772335,73.26996967745873,33.810981539666386]",0.263277613,0,0.384704343,within_safe_vector_latitude,not_run+unchanged,1,
adm1,51375826B69298749218873,Aimeliik,PLW,True,"[134.46322178003095,7.3932093,134.5400322,7.481816751925527]","[134.46322178003095,7.3932093,134.5400322,7.481816751925527]",0.017019554,0,0.07681042,within_safe_vector_latitude,not_run+unchanged,1,
adm1,51375826B14634142702996,Airai,PLW,True,"[134.50265422911315,7.3288395,134.595512,7.4226588]","[134.50265422911315,7.3288395,134.595512,7.4226588]",0.010166771,0,0.092857771,within_safe_vector_latitude,not_run+unchanged,1,
adm1,51375826B68373509078236,Angaur,PLW,True,"[134.1220851723662,6.8881252,134.1537133,6.924671458000034]","[134.1220851723662,6.8881252,134.1537133,6.924671458000034]",0.0081473,0,0.031628128,within_safe_vector_latitude,not_run+unchanged,1,
adm1,51375826B76455151990264,Hatohobei,PLW,True,"[131.1196643290001,2.998839644000043,131.12793432900003,3.012144643000056]","[131.1196643290001,2.998839644000043,131.12793432900003,3.012144643000056]",0.005036,0,0.00827,within_safe_vector_latitude,not_run+unchanged,1,
adm1,51375826B25708098730444,Koror,PLW,True,"[134.3421766,7.135921259000042,134.5139483,7.3626199]","[134.3421766,7.135921259000042,134.5139483,7.3626199]",0.007534838,0,0.1106544,within_safe_vector_latitude,not_run+unchanged,1,
adm1,51375826B21693494950446,Melekeok,PLW,True,"[134.57127,7.484092137649245,134.6377493,7.5400801]","[134.57127,7.484092137649245,134.6377493,7.5400801]",0.0088342,0,0.0664793,within_safe_vector_latitude,not_run+unchanged,1,
adm1,51375826B48991434772650,Ngaraard,PLW,True,"[134.5943933,7.5717603,134.6462026470001,7.686340578759498]","[134.5943933,7.5717603,134.6462026470001,7.686340578759498]",0.010231,0,0.051809347,within_safe_vector_latitude,not_run+unchanged,1,
adm1,51375826B16617280953256,Ngarchelong,PLW,True,"[134.60813021634834,7.683988980791209,134.6446822,7.731679395520886]","[134.60813021634834,7.683988980791209,134.6446822,7.731679395520886]",0.006594905,0,0.036551984,within_safe_vector_latitude,not_run+unchanged,1,
adm1,51375826B95953962908269,Ngardmau,PLW,True,"[134.53504711648196,7.5585444,134.6014764,7.620042869633297]","[134.53504711648196,7.5585444,134.6014764,7.620042869633297]",0.0075769,0,0.066429284,within_safe_vector_latitude,not_run+unchanged,1,
adm1,51375826B6202415756314,Ngeremlengui,PLW,True,"[134.49711352233163,7.4658674,134.5980393,7.5749124]","[134.49711352233163,7.4658674,134.5980393,7.5749124]",0.0088342,0,0.100925778,within_safe_vector_latitude,not_run+unchanged,1,
adm1,51375826B59587402164376,Ngatpang,PLW,True,"[134.48033229301458,7.4140979,134.5619065,7.503092541000058]","[134.48033229301458,7.4140979,134.5619065,7.503092541000058]",0.017019554,0,0.0451586,within_safe_vector_latitude,not_run+unchanged,1,
adm1,51375826B32695076810418,Ngchesar,PLW,True,"[134.5511354,7.411005897645101,134.624345457605,7.5041642]","[134.5511354,7.411005897645101,134.624345457605,7.5041642]",0.0077949,0,0.073210058,within_safe_vector_latitude,not_run+unchanged,1,
adm1,51375826B1021187793063,Ngiwal,PLW,True,"[134.5951743,7.5344869,134.6384521,7.5785214]","[134.5951743,7.5344869,134.6384521,7.5785214]",0.010231,0,0.0432778,within_safe_vector_latitude,not_run+unchanged,1,
adm1,51375826B83906845617852,Peleliu,PLW,True,"[134.22206154336956,6.974248291000038,134.269673,7.0491969]","[134.22206154336956,6.974248291000038,134.269673,7.0491969]",0.0140837,0,0.047611457,within_safe_vector_latitude,not_run+unchanged,1,
adm1,51375826B80300454073965,Sonsorol,PLW,True,"[132.2185652170001,5.317071021000061,132.226940355,5.33415601300004]","[132.2185652170001,5.317071021000061,132.226940355,5.33415601300004]",0.003783584,0,0.008375138,within_safe_vector_latitude,not_run+unchanged,1,
adm1,51375826B36601808440460,Kayangel,PLW,True,"[134.7130892,8.07068425072064,134.7211241,8.09393899102803]","[134.7130892,8.07068425072064,134.7211241,8.09393899102803]",0.003209694,0,0.0080349,within_safe_vector_latitude,not_run+unchanged,1,
adm1,82927092B39502170322116,Provincia de Bocas del Toro,PAN,True,"[-82.9360778,8.8160039,-82.0046398,9.618039001000056]","[-82.9360778,8.8160039,-82.0046398,9.618039001000056]",0.079764994,0,0.8499304,within_safe_vector_latitude,not_run+unchanged,1,
adm1,82927092B18334008327541,Colón Province,PAN,True,"[-80.88374208378232,8.6266252,-79.0802255,9.632416443486422]","[-80.88374208378232,8.6266252,-79.0802255,9.632416443486422]",0.0803037,0,1.803516584,within_safe_vector_latitude,not_run+unchanged,1,
adm1,82927092B49726656591260,Provincia de Darién,PAN,True,"[-78.5006242,7.2264895,-77.158488,9.0822157]","[-78.5006242,7.2264895,-77.158488,9.0822157]",0.1141401,0,1.3421362,within_safe_vector_latitude,not_run+unchanged,1,
adm1,82927092B81098200763462,Comarca Emberá-Wounaan,PAN,True,"[-78.3360732,7.6699818,-77.2393235123475,8.7558523]","[-78.3360732,7.6699818,-77.2393235123475,8.7558523]",0.1141401,0,0.726441288,within_safe_vector_latitude,not_run+unchanged,1,
adm1,82927092B30537193423783,Comarca Guna Yala,PAN,True,"[-79.2748041,8.5495278,-77.3669331,9.56372712500007]","[-79.2748041,8.5495278,-77.3669331,9.56372712500007]",0.0579304,0,1.907871,within_safe_vector_latitude,not_run+unchanged,2,
adm1,82927092B31072992504870,Provincia de Herrera,PAN,True,"[-80.9550966,7.5312177,-80.38240649583625,8.1547771]","[-80.9550966,7.5312177,-80.38240649583625,8.1547771]",0.0681364,0,0.572690104,within_safe_vector_latitude,not_run+unchanged,1,
adm1,82927092B53100215554732,Provincia de Los Santos,PAN,True,"[-80.7068854,7.230631651871838,-79.99375428599996,8.00429661309696]","[-80.7068854,7.230631651871838,-79.99375428599996,8.00429661309696]",0.0567804,0,0.713131114,within_safe_vector_latitude,not_run+unchanged,1,
adm1,82927092B82997509005914,Comarca Ngäbe-Buglé,PAN,True,"[-82.4230164,8.257679,-81.1582416,9.18582689542499]","[-82.4230164,8.257679,-81.1582416,9.18582689542499]",0.0905126,0,1.2647748,within_safe_vector_latitude,not_run+unchanged,1,
adm1,82927092B58639026682610,Provincia de Panamá Oeste,PAN,True,"[-80.1793456,8.408611007665563,-79.56203736599997,9.1860007]","[-80.1793456,8.408611007665563,-79.56203736599997,9.1860007]",0.0803037,0,0.617308234,within_safe_vector_latitude,not_run+unchanged,1,
adm1,82927092B1953206585656,Provincia de Panamá,PAN,True,"[-79.6981024,8.208701446529533,-78.0574446,9.4805511]","[-79.6981024,8.208701446529533,-78.0574446,9.4805511]",0.0682546,0,1.6406578,within_safe_vector_latitude,not_run+unchanged,2,
adm1,82927092B39170055747381,Provincia de Veraguas,PAN,True,"[-81.88767,7.20472578885534,-80.63369590412147,8.8873099]","[-81.88767,7.20472578885534,-80.63369590412147,8.8873099]",0.0905126,0,1.039171852,within_safe_vector_latitude,not_run+unchanged,1,
adm1,82927092B1094181974383,Provincia de Chiriquí,PAN,True,"[-83.0513122,7.99874,-81.530136,8.9222593]","[-83.0513122,7.99874,-81.530136,8.9222593]",0.0297905,0,1.5211762,within_safe_vector_latitude,not_run+unchanged,1,
adm1,82927092B90628020941788,Provincia de Coclé,PAN,True,"[-80.852892,8.099602275740079,-80.04472857022844,9.0249658]","[-80.852892,8.099602275740079,-80.04472857022844,9.0249658]",0.062519,0,0.80816343,within_safe_vector_latitude,not_run+unchanged,1,
adm1,602756B50041453479655,Autonomous Region of Bougainville,PNG,True,"[154.1177687749458,-6.87763899,155.9684079242759,-4.357139110999981]","[154.1177687749458,-6.87763899,155.9684079242759,-4.357139110999981]",0.06563304,0,1.297646234,within_safe_vector_latitude,not_run+unchanged,1,
adm1,602756B93864696482497,Central Province,PNG,True,"[146.38581108000005,-10.364126039999974,149.66771184000004,-7.765508969999928]","[146.38581108000005,-10.364126039999974,149.66771184000004,-7.765508969999928]",0.3276792,0,3.28190076,within_safe_vector_latitude,not_run+unchanged,1,
adm1,602756B7407698878652,Chimbu (Simbu) Province,PNG,True,"[144.42412104000005,-6.873143039999945,145.35108900000012,-5.773599]","[144.42412104000005,-6.873143039999945,145.35108900000012,-5.773599]",0.11666808,0,0.92696796,within_safe_vector_latitude,not_run+unchanged,1,
adm1,602756B6474807440256,East New Britain Province,PNG,True,"[150.6009481200001,-6.074028,152.40302208000003,-4.134611129999939]","[150.6009481200001,-6.074028,152.40302208000003,-4.134611129999939]",0.27413496,0,1.80207396,within_safe_vector_latitude,not_run+unchanged,1,
adm1,602756B46774983793805,East Sepik Province,PNG,True,"[141.34273884000004,-5.155766009999979,144.57551616000012,-3.355416773999934]","[141.34273884000004,-5.155766009999979,144.57551616000012,-3.355416773999934]",0.54229392,0,3.23277732,within_safe_vector_latitude,not_run+unchanged,1,
adm1,602756B92248307115505,Eastern Highlands Province,PNG,True,"[144.98442108000006,-7.143984989999979,146.1396898800001,-5.847464969999976]","[144.98442108000006,-7.143984989999979,146.1396898800001,-5.847464969999976]",0.25720092,0,1.1552688,within_safe_vector_latitude,not_run+unchanged,1,
adm1,602756B18903489245073,Enga Province,PNG,True,"[142.75107900000012,-5.977772009999967,144.25120188000005,-5.007223979999935]","[142.75107900000012,-5.977772009999967,144.25120188000005,-5.007223979999935]",0.35436312,0,1.50012288,within_safe_vector_latitude,not_run+unchanged,1,
adm1,602756B85114156067179,Gulf Province,PNG,True,"[143.00109396000005,-8.588959019999947,146.64886416000002,-6.706208969999977]","[143.00109396000005,-8.588959019999947,146.64886416000002,-6.706208969999977]",0.925160242,0,3.6477702,within_safe_vector_latitude,not_run+unchanged,2,
adm1,602756B92146969266961,Hela Province,PNG,True,"[142.06636116000004,-6.371489969999971,143.43384204000006,-4.952039039999931]","[142.06636116000004,-6.371489969999971,143.43384204000006,-4.952039039999931]",0.35085816,0,1.36748088,within_safe_vector_latitude,not_run+unchanged,1,
adm1,602756B83114616808260,Jiwaka Province,PNG,True,"[144.27695016000007,-6.403052969999976,145.02910392,-5.231986019999965]","[144.27695016000007,-6.403052969999976,145.02910392,-5.231986019999965]",0.187866,0,0.75215376,within_safe_vector_latitude,not_run+unchanged,1,
adm1,602756B93477627156279,Madang Province,PNG,True,"[143.97252408000008,-5.998635,147.21794128400006,-3.999317039999937]","[143.97252408000008,-5.998635,147.21794128400006,-3.999317039999937]",0.267648454,0,2.796198454,within_safe_vector_latitude,not_run+unchanged,2,
adm1,602756B50944045415739,Manus Province,PNG,True,"[142.8248880000001,-2.353906979999977,147.879558,-1.722365009999976]","[142.8248880000001,-2.353906979999977,147.879558,-1.722365009999976]",0.03993804,0,0.83909636,within_safe_vector_latitude,not_run+unchanged,2,
adm1,602756B70880514631076,Milne Bay Province,PNG,True,"[148.97253888000012,-11.64958901999995,154.28375244300003,-8.402944564999927]","[148.97253888000012,-11.64958901999995,154.28375244300003,-8.402944564999927]",0.38806524,0,1.898547024,within_safe_vector_latitude,not_run+unchanged,2,
adm1,602756B21024922409346,Morobe Province,PNG,True,"[145.71146196000007,-8.040231,148.11505539152634,-5.284132019999959]","[145.71146196000007,-8.040231,148.11505539152634,-5.284132019999959]",0.30728304,0,2.243003633,within_safe_vector_latitude,not_run+unchanged,2,
adm1,602756B89852769449867,National Capital District,PNG,True,"[147.07554084000003,-9.531127979999951,147.29499,-9.351941039999929]","[147.07554084000003,-9.531127979999951,147.29499,-9.351941039999929]",0.039274786,0,0.21944916,within_safe_vector_latitude,not_run+unchanged,1,
adm1,602756B43496843486474,New Ireland Province,PNG,True,"[149.50538635300006,-4.844543832563403,153.66088404000004,-1.315444467999953]","[149.50538635300006,-4.844543832563403,153.66088404000004,-1.315444467999953]",0.04390668,0,2.413791408,within_safe_vector_latitude,not_run+unchanged,1,
adm1,602756B63375710548767,Northern (Oro) Province,PNG,True,"[147.0010831200001,-9.974106989999939,149.4407710800001,-7.998561989999928]","[147.0010831200001,-9.974106989999939,149.4407710800001,-7.998561989999928]",0.38806524,0,2.43968796,within_safe_vector_latitude,not_run+unchanged,1,
adm1,602756B57671102759024,Southern Highlands Province,PNG,True,"[142.6312148400001,-6.818013,144.71314704000008,-5.900070959999937]","[142.6312148400001,-6.818013,144.71314704000008,-5.900070959999937]",0.64230012,0,2.0819322,within_safe_vector_latitude,not_run+unchanged,1,
adm1,602756B15436761522512,West New Britain Province,PNG,True,"[148.30943616000002,-6.303301019999935,151.70081904000006,-4.642083167999942]","[148.30943616000002,-6.303301019999935,151.70081904000006,-4.642083167999942]",0.27413496,0,3.39138288,within_safe_vector_latitude,not_run+unchanged,1,
adm1,602756B26590069038156,West Sepik (Sandaun) Province,PNG,True,"[141.00109,-5.375433959999953,143.08440012000005,-2.605083868487488]","[141.00109,-5.375433959999953,143.08440012000005,-2.605083868487488]",0.54229392,0,2.08331012,within_safe_vector_latitude,not_run+unchanged,1,
adm1,602756B97103947509748,Western Highlands Province,PNG,True,"[143.78581008000003,-6.245195039999942,144.51872688000003,-5.212684979999949]","[143.78581008000003,-6.245195039999942,144.51872688000003,-5.212684979999949]",0.16037028,0,0.7329168,within_safe_vector_latitude,not_run+unchanged,1,
adm1,602756B48983107143165,Western Province,PNG,True,"[140.8459140010001,-9.33054902999993,143.92643889383217,-4.99880507576215]","[140.8459140010001,-9.33054902999993,143.92643889383217,-4.99880507576215]",0.925160242,0,3.080524893,within_safe_vector_latitude,not_run+unchanged,1,
adm1,63826900B42428386495226,ASUNCION,PRY,True,"[-57.67385790218285,-25.380386551265897,-57.52723999351858,-25.2239369144674]","[-57.67385790218285,-25.380386551265897,-57.52723999351858,-25.2239369144674]",0.01457438,0,0.146617909,within_safe_vector_latitude,not_run+unchanged,1,
adm1,63826900B27882980507950,CONCEPCION,PRY,True,"[-57.995072,-23.509491465299785,-56.126165387054975,-22.06898397880139]","[-57.995072,-23.509491465299785,-56.126165387054975,-22.06898397880139]",0.142040433,0,1.868906613,within_safe_vector_latitude,not_run+unchanged,2,
adm1,63826900B6371140935910,SAN PEDRO,PRY,True,"[-57.47351675280893,-25.019025438743363,-55.70199130680406,-23.300695846790298]","[-57.47351675280893,-25.019025438743363,-55.70199130680406,-23.300695846790298]",0.089242519,0,1.771525446,within_safe_vector_latitude,not_run+unchanged,2,
adm1,63826900B75072183549736,CORDILLERA,PRY,True,"[-57.478316596476894,-25.66897586854799,-56.56136321246358,-24.843278952440052]","[-57.478316596476894,-25.66897586854799,-56.56136321246358,-24.843278952440052]",0.088995813,0,0.916953384,within_safe_vector_latitude,not_run+unchanged,1,
adm1,63826900B69896036469417,GUAIRA,PRY,True,"[-56.74765067873086,-26.197290139367485,-55.633585467310425,-25.564827459414616]","[-56.74765067873086,-26.197290139367485,-55.633585467310425,-25.564827459414616]",0.090172894,0,1.114065211,within_safe_vector_latitude,not_run+unchanged,2,
adm1,63826900B47245134487422,CAAGUAZU,PRY,True,"[-56.85644389726637,-25.7069976709614,-54.92337092629545,-24.465455563453965]","[-56.85644389726637,-25.7069976709614,-54.92337092629545,-24.465455563453965]",0.090172894,0,1.933072971,within_safe_vector_latitude,not_run+unchanged,2,
adm1,63826900B61362972321879,CAAZAPA,PRY,True,"[-56.84869294428608,-26.794217129393402,-55.24836507850133,-25.523584636039086]","[-56.84869294428608,-26.794217129393402,-55.24836507850133,-25.523584636039086]",0.049473174,0,1.600327866,within_safe_vector_latitude,not_run+unchanged,2,
adm1,63826900B60028824512427,ITAPUA,PRY,True,"[-57.04572199982286,-27.60689104399995,-54.64833827464842,-26.092172350967104]","[-57.04572199982286,-27.60689104399995,-54.64833827464842,-26.092172350967104]",0.532955134,0,2.397383725,within_safe_vector_latitude,not_run+unchanged,2,
adm1,63826900B67002830619694,MISIONES,PRY,True,"[-57.743139337543056,-27.48649648099996,-56.625861009645064,-26.376557093155142]","[-57.743139337543056,-27.48649648099996,-56.625861009645064,-26.376557093155142]",0.134268812,0,1.117278328,within_safe_vector_latitude,not_run+unchanged,1,
adm1,63826900B9584917578086,PARAGUARI,PRY,True,"[-57.74937681654263,-26.6192387365027,-56.60763940892514,-25.40178313316414]","[-57.74937681654263,-26.6192387365027,-56.60763940892514,-25.40178313316414]",0.029512829,0,1.141737408,within_safe_vector_latitude,not_run+unchanged,1,
adm1,63826900B70318852287741,ALTO PARANA,PRY,True,"[-55.55063974286758,-26.257108226585135,-54.255386875613176,-24.47652708475579]","[-55.55063974286758,-26.257108226585135,-54.255386875613176,-24.47652708475579]",0.299519983,0,1.295252867,within_safe_vector_latitude,not_run+unchanged,1,
adm1,63826900B88193761383216,CENTRAL,PRY,True,"[-57.82676275054617,-26.025116967902214,-57.19300942298827,-25.09646295949617]","[-57.82676275054617,-26.025116967902214,-57.19300942298827,-25.09646295949617]",0.029512829,0,0.633753328,within_safe_vector_latitude,not_run+unchanged,1,
adm1,63826900B28816426657500,ÑEEMBUCU,PRY,True,"[-58.66437016399993,-27.41986537699995,-57.18209360492627,-25.767630564733388]","[-58.66437016399993,-27.41986537699995,-57.18209360492627,-25.767630564733388]",0.696459973,0,1.482276559,within_safe_vector_latitude,not_run+unchanged,1,
adm1,63826900B22649219267943,AMAMBAY,PRY,True,"[-56.826067292074114,-23.830927373974614,-55.504481,-22.075384185620944]","[-56.826067292074114,-23.830927373974614,-55.504481,-22.075384185620944]",0.142040433,0,1.321586292,within_safe_vector_latitude,not_run+unchanged,2,
adm1,63826900B71996717464066,CANINDEYU,PRY,True,"[-56.17181593999282,-24.78396972493441,-54.25892391048345,-23.52366014993992]","[-56.17181593999282,-24.78396972493441,-54.25892391048345,-23.52366014993992]",0.02217568,0,1.91289203,within_safe_vector_latitude,not_run+unchanged,1,
adm1,63826900B99929286362746,PRESIDENTE HAYES,PRY,True,"[-60.827970029501046,-25.55652366304263,-57.14930819153314,-22.076223970868984]","[-60.827970029501046,-25.55652366304263,-57.14930819153314,-22.076223970868984]",0.600095696,0,3.678661838,within_safe_vector_latitude,not_run+unchanged,1,
adm1,63826900B91663486125533,BOQUERON,PRY,True,"[-62.63895237599996,-23.877729549336916,-59.33659518802357,-20.08920000041564]","[-62.63895237599996,-23.877729549336916,-59.33659518802357,-20.08920000041564]",0.586202737,0,3.302357188,within_safe_vector_latitude,not_run+unchanged,2,
adm1,63826900B74384941565078,ALTO PARAGUAY,PRY,True,"[-61.92240000039972,-22.399132102089872,-57.81734352099122,-19.289600000476234]","[-61.92240000039972,-22.399132102089872,-57.81734352099122,-19.289600000476234]",0.908194472,0,4.105056479,within_safe_vector_latitude,not_run+unchanged,2,
adm1,1875124B3772980127380,Puno,PER,True,"[-71.02831782482144,-17.31446802299996,-68.83087893634676,-13.012996029999954]","[-71.02831782482144,-17.31446802299996,-68.83087893634676,-13.012996029999954]",0.733298729,0,2.197438888,within_safe_vector_latitude,not_run+unchanged,1,
adm1,1875124B82769317880582,Tumbes,PER,True,"[-81.04414693818693,-4.208548556999972,-80.12676027499998,-3.414287935931137]","[-81.04414693818693,-4.208548556999972,-80.12676027499998,-3.414287935931137]",0.31110976,0,0.917386663,within_safe_vector_latitude,not_run+unchanged,1,
adm1,1875124B64829338827261,Piura,PER,True,"[-81.3266376145518,-6.35622796077331,-79.23168451362247,-4.072882940799047]","[-81.3266376145518,-6.35622796077331,-79.23168451362247,-4.072882940799047]",0.321344316,0,2.094953101,within_safe_vector_latitude,not_run+unchanged,1,
adm1,1875124B61751373376494,Lambayeque,PER,True,"[-80.63906326872672,-7.122380922038348,-79.13680040799994,-5.507995411999957]","[-80.63906326872672,-7.122380922038348,-79.13680040799994,-5.507995411999957]",0.407913988,0,1.502262861,within_safe_vector_latitude,not_run+unchanged,1,
adm1,1875124B51528250409360,Cajamarca,PER,True,"[-79.45653106499998,-7.729048571999954,-77.76034261499996,-4.615636822668086]","[-79.45653106499998,-7.729048571999954,-77.76034261499996,-4.615636822668086]",0.362510503,0,1.69618845,within_safe_vector_latitude,not_run+unchanged,2,
adm1,1875124B1797874831789,Amazonas,PER,True,"[-78.7149175369999,-6.974469636879235,-77.23695391799998,-2.992343054203856]","[-78.7149175369999,-6.974469636879235,-77.23695391799998,-2.992343054203856]",0.33278825,0,1.477963619,within_safe_vector_latitude,not_run+unchanged,1,
adm1,1875124B91024374055933,La Libertad,PER,True,"[-79.68671456558518,-8.94598416873449,-76.91369121899999,-6.934807896999928]","[-79.68671456558518,-8.94598416873449,-76.91369121899999,-6.934807896999928]",0.370443402,0,2.773023347,within_safe_vector_latitude,not_run+unchanged,2,
adm1,1875124B15182629165166,Ancash,PER,True,"[-78.64842500099996,-10.734062256999835,-76.76363711999994,-8.056390145999899]","[-78.64842500099996,-10.734062256999835,-76.76363711999994,-8.056390145999899]",0.393534188,0,1.884787881,within_safe_vector_latitude,not_run+unchanged,1,
adm1,1875124B60950944289640,San Martín,PER,True,"[-77.78952236599991,-8.730912176999936,-75.49683424499995,-5.377543904624645]","[-77.78952236599991,-8.730912176999936,-75.49683424499995,-5.377543904624645]",0.610496544,0,2.292688121,within_safe_vector_latitude,not_run+unchanged,1,
adm1,1875124B5969368354394,Huánuco,PER,True,"[-77.32181249623113,-10.465696272999935,-74.50070588099993,-8.314092808991404]","[-77.32181249623113,-10.465696272999935,-74.50070588099993,-8.314092808991404]",0.610496544,0,2.821106615,within_safe_vector_latitude,not_run+unchanged,1,
adm1,1875124B19837374654956,Pasco,PER,True,"[-76.73482843936819,-11.125934307999898,-74.12614776399988,-9.430794143036564]","[-76.73482843936819,-11.125934307999898,-74.12614776399988,-9.430794143036564]",0.406320519,0,2.608680675,within_safe_vector_latitude,not_run+unchanged,1,
adm1,1875124B65618634887963,Lima,PER,True,"[-77.89680462731326,-13.332224960245775,-75.52165088499999,-10.286050531360331]","[-77.89680462731326,-13.332224960245775,-75.52165088499999,-10.286050531360331]",0.35147287,0,2.375153742,within_safe_vector_latitude,not_run+unchanged,2,
adm1,1875124B73300566086976,El Callao,PER,True,"[-77.19089783999993,-12.078563778958934,-77.11650585254414,-11.822170898999957]","[-77.19089783999993,-12.078563778958934,-77.11650585254414,-11.822170898999957]",0.063632025,0,0.074391987,within_safe_vector_latitude,not_run+unchanged,1,
adm1,1875124B43998217738279,Municipalidad Metropolitana de Lima,PER,True,"[-77.20342530699997,-12.418848480066686,-76.63222029899998,-11.583484334999866]","[-77.20342530699997,-12.418848480066686,-76.63222029899998,-11.583484334999866]",0.193034589,0,0.571205008,within_safe_vector_latitude,not_run+unchanged,1,
adm1,1875124B80189625477090,Ucayali,PER,True,"[-75.95352523409701,-11.428098535999936,-70.532183,-7.278778062999891]","[-75.95352523409701,-11.428098535999936,-70.532183,-7.278778062999891]",0.768247061,0,5.421342234,within_safe_vector_latitude,not_run+unchanged,2,
adm1,1875124B61678101818850,Junín,PER,True,"[-76.4931200458355,-12.665720215999897,-73.36599389899993,-10.665014286999963]","[-76.4931200458355,-12.665720215999897,-73.36599389899993,-10.665014286999963]",0.423797202,0,3.127126147,within_safe_vector_latitude,not_run+unchanged,2,
adm1,1875124B25343038633883,Ica,PER,True,"[-76.28071172848155,-15.424078240999961,-74.66922817599993,-13.00622759499987]","[-76.28071172848155,-15.424078240999961,-74.66922817599993,-13.00622759499987]",0.506855945,0,1.611483552,within_safe_vector_latitude,not_run+unchanged,1,
adm1,1875124B3070334250121,Huancavelica,PER,True,"[-75.7103246696833,-14.111693622520534,-74.28832161799994,-11.98989963999992]","[-75.7103246696833,-14.111693622520534,-74.28832161799994,-11.98989963999992]",0.506855945,0,1.422003052,within_safe_vector_latitude,not_run+unchanged,1,
adm1,1875124B2667580847298,Madre de Dios,PER,True,"[-72.39949961499997,-13.373026502999892,-68.65221383983499,-9.945431450900328]","[-72.39949961499997,-13.373026502999892,-68.65221383983499,-9.945431450900328]",0.733298729,0,3.747285775,within_safe_vector_latitude,not_run+unchanged,2,
adm1,1875124B5984096006894,Cusco,PER,True,"[-73.9791622586933,-15.44435950898361,-70.39419658607773,-11.238474881999878]","[-73.9791622586933,-15.44435950898361,-70.39419658607773,-11.238474881999878]",0.487768733,0,3.584965673,within_safe_vector_latitude,not_run+unchanged,1,
adm1,1875124B63771233756824,Apurímac,PER,True,"[-73.84323807499993,-14.743038381999895,-72.08079753399983,-13.237346816999946]","[-73.84323807499993,-14.743038381999895,-72.08079753399983,-13.237346816999946]",0.357518639,0,1.762440541,within_safe_vector_latitude,not_run+unchanged,1,
adm1,1875124B76579830071892,Ayacucho,PER,True,"[-75.11477342399996,-15.606529182999964,-72.83357163995424,-12.183470951302468]","[-75.11477342399996,-15.606529182999964,-72.83357163995424,-12.183470951302468]",0.392027732,0,2.281201784,within_safe_vector_latitude,not_run+unchanged,1,
adm1,1875124B34173194899706,Arequipa,PER,True,"[-75.0950823249571,-17.296037389466406,-70.7955593040657,-14.662927447999891]","[-75.0950823249571,-17.296037389466406,-70.7955593040657,-14.662927447999891]",0.471965029,0,4.299523021,within_safe_vector_latitude,not_run+unchanged,1,
adm1,1875124B48847835594727,Moquegua,PER,True,"[-71.47468270067375,-17.824666775967145,-69.99138782899996,-16.015405476529793]","[-71.47468270067375,-17.824666775967145,-69.99138782899996,-16.015405476529793]",0.357692557,0,1.483294872,within_safe_vector_latitude,not_run+unchanged,1,
adm1,1875124B58976419670313,Tacna,PER,True,"[-71.13561232249464,-18.352311106999935,-69.4732523080853,-16.789570679999883]","[-71.13561232249464,-18.352311106999935,-69.4732523080853,-16.789570679999883]",0.289581326,0,1.662360014,within_safe_vector_latitude,not_run+unchanged,1,
adm1,1875124B3524833739478,Loreto,PER,True,"[-77.82500737227294,-8.700887544929287,-69.944855,-0.038776998999936]","[-77.82500737227294,-8.700887544929287,-69.944855,-0.038776998999936]",0.470314381,0,7.880152372,within_safe_vector_latitude,not_run+unchanged,1,
adm1,36201628B49646111072560,ARMM,PHL,True,"[118.41989649000004,4.645416736000072,125.00774339400004,8.163486510000041]","[118.41989649000004,4.645416736000072,125.00774339400004,8.163486510000041]",0.067362153,0,1.158091301,within_safe_vector_latitude,not_run+unchanged,2,
adm1,36201628B92932511992503,CAR,PHL,True,"[120.44461437400003,16.18025614000004,121.64723067800003,18.544093043000032]","[120.44461437400003,16.18025614000004,121.64723067800003,18.544093043000032]",0.063368584,0,1.202616304,within_safe_vector_latitude,not_run+unchanged,1,
adm1,36201628B69282955287113,NCR,PHL,True,"[120.90639543200007,14.351729568000053,121.13503641400007,14.785291728000061]","[120.90639543200007,14.351729568000053,121.13503641400007,14.785291728000061]",0.012086531,0,0.228640982,within_safe_vector_latitude,not_run+unchanged,1,
adm1,36201628B64564033926366,Ilocos Region,PHL,True,"[119.74972189000005,15.617769571000053,120.97645367700011,18.651218002000064]","[119.74972189000005,15.617769571000053,120.97645367700011,18.651218002000064]",0.040150683,0,1.226731787,within_safe_vector_latitude,not_run+unchanged,1,
adm1,36201628B63748016552864,Cagayan Valley,PHL,True,"[120.76896590800004,15.75441853700005,122.52625274600007,21.121818283467398]","[120.76896590800004,15.75441853700005,122.52625274600007,21.121818283467398]",0.095068155,0,1.757286838,within_safe_vector_latitude,not_run+unchanged,1,
adm1,36201628B47630810559445,Central Luzon,PHL,True,"[119.86918836400002,14.408721925000066,122.24122001853371,16.50925477800007]","[119.86918836400002,14.408721925000066,122.24122001853371,16.50925477800007]",0.095068155,0,2.371768782,within_safe_vector_latitude,not_run+unchanged,1,
adm1,36201628B13373758884154,Calabarzon,PHL,True,"[120.5676622177045,13.164555551000035,122.79251799700012,15.216888696000069]","[120.5676622177045,13.164555551000035,122.79251799700012,15.216888696000069]",0.117055543,0,2.222638773,within_safe_vector_latitude,not_run+unchanged,1,
adm1,36201628B45254163682963,Mimaropa,PHL,True,"[116.92886449600007,7.803903239703436,122.697113037,13.864621596000063]","[116.92886449600007,7.803903239703436,122.697113037,13.864621596000063]",0.019973755,0,2.544936663,within_safe_vector_latitude,not_run+unchanged,2,
adm1,36201628B47773222326566,Zamboanga Peninsula,PHL,True,"[121.89751884600003,6.559809032000032,123.666222005,8.727534594000076]","[121.89751884600003,6.559809032000032,123.666222005,8.727534594000076]",0.037327346,0,1.768703159,within_safe_vector_latitude,not_run+unchanged,1,
adm1,36201628B13149248482964,Bicol Region,PHL,True,"[122.29864779700006,11.721249582000041,124.42013025000006,14.349215177000076]","[122.29864779700006,11.721249582000041,124.42013025000006,14.349215177000076]",0.117055543,0,1.896770127,within_safe_vector_latitude,not_run+unchanged,2,
adm1,36201628B91065962446027,Western Visayas,PHL,True,"[121.84322235400009,9.444285729703765,123.56541442900004,11.939140413000075]","[121.84322235400009,9.444285729703765,123.56541442900004,11.939140413000075]",0.028483576,0,1.322072696,within_safe_vector_latitude,not_run+unchanged,2,
adm1,36201628B88329767373181,Central Visayas,PHL,True,"[122.58909561584868,9.039583207000021,124.59487099368604,11.301210794000042]","[122.58909561584868,9.039583207000021,124.59487099368604,11.301210794000042]",0.028483576,0,0.811957786,within_safe_vector_latitude,not_run+unchanged,4,
adm1,36201628B29919658129037,Eastern Visayas,PHL,True,"[124.260864523,9.910388948000048,125.81938192300004,12.585353668103085]","[124.260864523,9.910388948000048,125.81938192300004,12.585353668103085]",0.019134522,0,1.498748514,within_safe_vector_latitude,not_run+unchanged,2,
adm1,36201628B97761566458517,Northern Mindanao,PHL,True,"[123.55382672300004,7.400869115000035,125.44348198800003,9.258009151000067]","[123.55382672300004,7.400869115000035,125.44348198800003,9.258009151000067]",0.071535826,0,1.821792921,within_safe_vector_latitude,not_run+unchanged,2,
adm1,36201628B90061603712355,Davao Region,PHL,True,"[125.0467900320001,5.365759063985458,126.60456924116419,8.003247176000059]","[125.0467900320001,5.365759063985458,126.60456924116419,8.003247176000059]",0.28165611,0,1.557779209,within_safe_vector_latitude,not_run+unchanged,1,
adm1,36201628B76469343449086,Soccsksargen,PHL,True,"[124.0170458976644,5.568641125000056,125.5385663830001,7.638289207000071]","[124.0170458976644,5.568641125000056,125.5385663830001,7.638289207000071]",0.067362153,0,1.521520485,within_safe_vector_latitude,not_run+unchanged,1,
adm1,36201628B99380759663697,Caraga,PHL,True,"[125.16979575300002,7.919278434955904,126.457084656,10.471594696000068]","[125.16979575300002,7.919278434955904,126.457084656,10.471594696000068]",0.28165611,0,1.287288903,within_safe_vector_latitude,not_run+unchanged,1,
adm1,17162690B44985096553766,Subcarpathian Voivodeship,POL,True,"[21.1400033,49.0020468,23.54783830506499,50.8205481]","[21.1400033,49.0020468,23.54783830506499,50.8205481]",0.0619146,0,2.407835005,within_safe_vector_latitude,not_run+unchanged,2,
adm1,17162690B23777949290372,Podlaskie Voivodeship,POL,True,"[21.5942308,52.26202178481323,23.949763546550457,54.4104029]","[21.5942308,52.26202178481323,23.949763546550457,54.4104029]",0.176192449,0,2.355532747,within_safe_vector_latitude,not_run+unchanged,2,
adm1,17162690B86810837764805,Łódź Voivodeship,POL,True,"[18.0745958,50.8432775,20.6592584,52.3940053]","[18.0745958,50.8432775,20.6592584,52.3940053]",0.0534469,0,2.5846626,within_safe_vector_latitude,not_run+unchanged,1,
adm1,17162690B9130125042960,Lower Silesian Voivodeship,POL,True,"[14.817364392336946,50.09660109175161,17.7952692,51.8047537]","[14.817364392336946,50.09660109175161,17.7952692,51.8047537]",0.1047707,0,2.977904808,within_safe_vector_latitude,not_run+unchanged,1,
adm1,17162690B67719337891950,Opole Voivodeship,POL,True,"[16.9079013,49.9725755,18.6954867,51.1945685]","[16.9079013,49.9725755,18.6954867,51.1945685]",0.069783,0,1.78755641,within_safe_vector_latitude,not_run+unchanged,1,
adm1,17162690B20834640531728,Świętokrzyskie Voivodeship,POL,True,"[19.7043035,50.1860305,21.8688263,51.3424524]","[19.7043035,50.1860305,21.8688263,51.3424524]",0.1079414,0,2.1645228,within_safe_vector_latitude,not_run+unchanged,1,
adm1,17162690B84565288021286,Masovian Voivodeship,POL,True,"[19.2592144,51.013137,23.1284089,53.4818055]","[19.2592144,51.013137,23.1284089,53.4818055]",0.1079414,0,3.8691945,within_safe_vector_latitude,not_run+unchanged,2,
adm1,17162690B71775569625336,Greater Poland Voivodeship,POL,True,"[15.776287,51.1037825,19.1040105,53.655871]","[15.776287,51.1037825,19.1040105,53.655871]",0.0383654,0,3.3277235,within_safe_vector_latitude,not_run+unchanged,1,
adm1,17162690B67655395900928,Lesser Poland Voivodeship,POL,True,"[19.0832014,49.178764,21.4207413,50.5204879]","[19.0832014,49.178764,21.4207413,50.5204879]",0.0550158,0,2.3375399,within_safe_vector_latitude,not_run+unchanged,1,
adm1,17162690B87710404837799,Lubusz Voivodeship,POL,True,"[14.534181,51.3631893,16.4168401,53.1239104]","[14.534181,51.3631893,16.4168401,53.1239104]",0.1047707,0,1.8826591,within_safe_vector_latitude,not_run+unchanged,1,
adm1,17162690B37876665907262,Kuyavian-Pomeranian Voivodeship,POL,True,"[17.2479656,52.331686,19.7615952,53.781075]","[17.2479656,52.331686,19.7615952,53.781075]",0.0525892,0,2.5136296,within_safe_vector_latitude,not_run+unchanged,1,
adm1,17162690B77437931625010,Pomeranian Voivodeship,POL,True,"[16.6990765,53.4909643,19.6472146,54.8356518]","[16.6990765,53.4909643,19.6472146,54.8356518]",0.0532183,0,2.9481381,within_safe_vector_latitude,not_run+unchanged,1,
adm1,17162690B34878575347312,West Pomeranian Voivodeship,POL,True,"[14.122936,52.624720078711306,16.9820776,54.5700335]","[14.122936,52.624720078711306,16.9820776,54.5700335]",0.0998733,0,2.8591416,within_safe_vector_latitude,not_run+unchanged,1,
adm1,17162690B69262761487853,Lublin Voivodeship,POL,True,"[21.6155463,50.2518379877764,24.145837562000054,52.2878414]","[21.6155463,50.2518379877764,24.145837562000054,52.2878414]",0.094100542,0,2.530291262,within_safe_vector_latitude,not_run+unchanged,2,
adm1,17162690B18723007704312,Warmian-Masurian Voivodeship,POL,True,"[19.1276405,53.1391137,22.8058453,54.442393969874324]","[19.1276405,53.1391137,22.8058453,54.442393969874324]",0.0621466,0,3.6782048,within_safe_vector_latitude,not_run+unchanged,2,
adm1,17162690B16879770934003,Silesian Voivodeship,POL,True,"[18.0350358,49.3939781,19.9740656,51.0994297]","[18.0350358,49.3939781,19.9740656,51.0994297]",0.069783,0,1.9390298,within_safe_vector_latitude,not_run+unchanged,1,
adm1,24955722B94024055587671,RegiÃ£o AutÃ³noma da Madeira,PRT,True,"[-17.26375007599995,32.403875634732415,-16.285661788953018,33.10440917876351]","[-17.26375007599995,32.403875634732415,-16.285661788953018,33.10440917876351]",0.014974823,0,0.566584597,within_safe_vector_latitude,not_run+unchanged,1,
adm1,24955722B8611706516273,RegiÃ£o AutÃ³noma dos AÃ§ores,PRT,True,"[-31.267110824999975,36.92773613360494,-25.01461029099994,39.7260317247058]","[-31.267110824999975,36.92773613360494,-25.01461029099994,39.7260317247058]",0.011568756,0,0.71887906,within_safe_vector_latitude,not_run+unchanged,1,
adm1,24955722B60132865756536,AVEIRO,PRT,True,"[-8.783276455382282,40.27881730331993,-8.08917217552442,41.080154408369786]","[-8.783276455382282,40.27881730331993,-8.08917217552442,41.080154408369786]",0.012981572,0,0.69410428,within_safe_vector_latitude,not_run+unchanged,2,
adm1,24955722B69535494870966,BEJA,PRT,True,"[-8.819435168266603,37.318936729867325,-6.93165634,38.331143989857395]","[-8.819435168266603,37.318936729867325,-6.93165634,38.331143989857395]",0.01964081,0,1.887778828,within_safe_vector_latitude,not_run+unchanged,1,
adm1,24955722B56624562889325,BRAGA,PRT,True,"[-8.811574440490638,41.318798262040005,-7.81067671185448,41.819815506517685]","[-8.811574440490638,41.318798262040005,-7.81067671185448,41.819815506517685]",0.017568516,0,1.000897729,within_safe_vector_latitude,not_run+unchanged,1,
adm1,24955722B95387288640341,BRAGANÃA,PRT,True,"[-7.431892060891568,41.024542253420826,-6.189285052898522,41.9922357291292]","[-7.431892060891568,41.024542253420826,-6.189285052898522,41.9922357291292]",0.015171518,0,1.242607008,within_safe_vector_latitude,not_run+unchanged,1,
adm1,24955722B65070061461907,CASTELO BRANCO,PRT,True,"[-8.293123446596496,39.537364901839595,-6.863996410189562,40.41613179551582]","[-8.293123446596496,39.537364901839595,-6.863996410189562,40.41613179551582]",0.01558167,0,1.429127036,within_safe_vector_latitude,not_run+unchanged,1,
adm1,24955722B78831183552196,COIMBRA,PRT,True,"[-8.908778190999953,39.92378662885048,-7.731755492461985,40.519844853706196]","[-8.908778190999953,39.92378662885048,-7.731755492461985,40.519844853706196]",0.023257272,0,1.177022699,within_safe_vector_latitude,not_run+unchanged,1,
adm1,24955722B96057717933498,ÃVORA,PRT,True,"[-8.658442561579115,38.1546501317228,-7.107033176529296,39.02693144987811]","[-8.658442561579115,38.1546501317228,-7.107033176529296,39.02693144987811]",0.022214061,0,1.551409385,within_safe_vector_latitude,not_run+unchanged,1,
adm1,24955722B93513210668499,FARO,PRT,True,"[-8.995444297999938,36.98065286004365,-7.399968839999929,37.529096407120974]","[-8.995444297999938,36.98065286004365,-7.399968839999929,37.529096407120974]",0.02241845,0,1.595475458,within_safe_vector_latitude,not_run+unchanged,1,
adm1,24955722B16214435525429,GUARDA,PRT,True,"[-7.849226739732734,40.229918727163856,-6.781202471051898,41.179328288768666]","[-7.849226739732734,40.229918727163856,-6.781202471051898,41.179328288768666]",0.017689951,0,1.068024269,within_safe_vector_latitude,not_run+unchanged,2,
adm1,24955722B48064919479677,LEIRIA,PRT,True,"[-9.407091976223093,39.211577315755314,-8.108037786825385,40.08973602818819]","[-9.407091976223093,39.211577315755314,-8.108037786825385,40.08973602818819]",0.023257272,0,1.299054189,within_safe_vector_latitude,not_run+unchanged,1,
adm1,24955722B70468072404853,LISBOA,PRT,True,"[-9.500429241130663,38.67323021410429,-8.781861004317745,39.31772866133305]","[-9.500429241130663,38.67323021410429,-8.781861004317745,39.31772866133305]",0.013360977,0,0.718568237,within_safe_vector_latitude,not_run+unchanged,1,
adm1,24955722B4222884881176,PORTALEGRE,PRT,True,"[-8.343869926686537,38.75149734065386,-6.95137219914988,39.66304240745546]","[-8.343869926686537,38.75149734065386,-6.95137219914988,39.66304240745546]",0.014417904,0,1.392497728,within_safe_vector_latitude,not_run+unchanged,1,
adm1,24955722B24387739047039,PORTO,PRT,True,"[-8.789062682413519,41.001380115741526,-7.875579303044188,41.471971416669206]","[-8.789062682413519,41.001380115741526,-7.875579303044188,41.471971416669206]",0.019971847,0,0.913483379,within_safe_vector_latitude,not_run+unchanged,1,
adm1,24955722B7740823350033,SANTARÃM,PRT,True,"[-9.00154955142913,38.7314903864899,-7.808988138421355,39.83872917389363]","[-9.00154955142913,38.7314903864899,-7.808988138421355,39.83872917389363]",0.011523139,0,1.192561413,within_safe_vector_latitude,not_run+unchanged,1,
adm1,24955722B80201627987226,SETÃBAL,PRT,True,"[-9.262750320560684,37.74939326230947,-8.129696299226127,38.84429470866338]","[-9.262750320560684,37.74939326230947,-8.129696299226127,38.84429470866338]",0.022214061,0,1.133054021,within_safe_vector_latitude,not_run+unchanged,1,
adm1,24955722B13525102878781,VIANA DO CASTELO,PRT,True,"[-8.881058315538056,41.606380653873686,-8.082765174610744,42.15392450478437]","[-8.881058315538056,41.606380653873686,-8.082765174610744,42.15392450478437]",0.011739,0,0.798293141,within_safe_vector_latitude,not_run+unchanged,1,
adm1,24955722B72875804367268,VILA REAL,PRT,True,"[-8.119465069992733,41.118726938119046,-7.170640225545298,41.926974]","[-8.119465069992733,41.118726938119046,-7.170640225545298,41.926974]",0.016949521,0,0.948824844,within_safe_vector_latitude,not_run+unchanged,1,
adm1,24955722B86486174875848,VISEU,PRT,True,"[-8.359446911280243,40.32263823785386,-7.304573027626969,41.214657821951704]","[-8.359446911280243,40.32263823785386,-7.304573027626969,41.214657821951704]",0.016996537,0,1.054873884,within_safe_vector_latitude,not_run+unchanged,2,
adm1,36066543B89779678405362,ALBA,ROU,True,"[22.67243321807801,45.455562553434376,24.250921329432135,46.56900751219556]","[22.67243321807801,45.455562553434376,24.250921329432135,46.56900751219556]",0.013438596,0,1.578488111,within_safe_vector_latitude,not_run+unchanged,1,
adm1,36066543B54316219236217,ARAD,ROU,True,"[20.70529331923681,45.90184102177085,22.748715266502323,46.6808169838745]","[20.70529331923681,45.90184102177085,22.748715266502323,46.6808169838745]",0.087983111,0,2.043421947,within_safe_vector_latitude,not_run+unchanged,2,
adm1,36066543B53231297119391,ARGES,ROU,True,"[24.421500405832614,44.376873993509385,25.325816777324338,45.6111841458838]","[24.421500405832614,44.376873993509385,25.325816777324338,45.6111841458838]",0.024035736,0,0.904316371,within_safe_vector_latitude,not_run+unchanged,1,
adm1,36066543B58663638147212,BACAU,ROU,True,"[25.972843996870896,46.0168319206815,27.510102921272498,46.828602055214795]","[25.972843996870896,46.0168319206815,27.510102921272498,46.828602055214795]",0.019567359,0,1.537258924,within_safe_vector_latitude,not_run+unchanged,1,
adm1,36066543B26260700062336,BIHOR,ROU,True,"[21.427814600291317,46.384997766890095,22.818760632877694,47.60007954054367]","[21.427814600291317,46.384997766890095,22.818760632877694,47.60007954054367]",0.084497254,0,1.390946033,within_safe_vector_latitude,not_run+unchanged,2,
adm1,36066543B74561209637266,BISTRITA-NASAUD,ROU,True,"[23.918736742149346,46.74636176498487,25.093358954093304,47.608332854110955]","[23.918736742149346,46.74636176498487,25.093358954093304,47.608332854110955]",0.010884632,0,1.174622212,within_safe_vector_latitude,not_run+unchanged,1,
adm1,36066543B44844051198398,BOTOSANI,ROU,True,"[26.09876053836941,47.438195622961295,27.391145420558534,48.26518000200008]","[26.09876053836941,47.438195622961295,27.391145420558534,48.26518000200008]",0.036522629,0,1.292384882,within_safe_vector_latitude,not_run+unchanged,1,
adm1,36066543B36343129004237,BRAILA,ROU,True,"[27.066355407537454,44.74966164601229,28.19766846630274,45.49231519685328]","[27.066355407537454,44.74966164601229,28.19766846630274,45.49231519685328]",0.031918811,0,1.131313059,within_safe_vector_latitude,not_run+unchanged,1,
adm1,36066543B7969361625805,BRASOV,ROU,True,"[24.639275670234223,45.38137528195076,26.104219749893574,46.19041950815679]","[24.639275670234223,45.38137528195076,26.104219749893574,46.19041950815679]",0.020669605,0,1.46494408,within_safe_vector_latitude,not_run+unchanged,1,
adm1,36066543B78402216072727,BUZAU,ROU,True,"[26.072181676062563,44.73426554529574,27.441730331950957,45.80244314138454]","[26.072181676062563,44.73426554529574,27.441730331950957,45.80244314138454]",0.032366233,0,1.369548656,within_safe_vector_latitude,not_run+unchanged,1,
adm1,36066543B5722188715477,CALARASI,ROU,True,"[26.252475388611,44.03388293200004,28.01858319718118,44.5954749744571]","[26.252475388611,44.03388293200004,28.01858319718118,44.5954749744571]",0.196219829,0,1.766107809,within_safe_vector_latitude,not_run+unchanged,1,
adm1,36066543B64946384360033,CARAS-SEVERIN,ROU,True,"[21.353054065156208,44.58532976843085,22.71271177292226,45.6688841767668]","[21.353054065156208,44.58532976843085,22.71271177292226,45.6688841767668]",0.064026244,0,1.359657708,within_safe_vector_latitude,not_run+unchanged,2,
adm1,36066543B42198475713558,CLUJ,ROU,True,"[22.63729334506733,46.39675640044074,24.226156030970536,47.37970808159997]","[22.63729334506733,46.39675640044074,24.226156030970536,47.37970808159997]",0.018947459,0,1.588862686,within_safe_vector_latitude,not_run+unchanged,1,
adm1,36066543B20641671386087,CONSTANTA,ROU,True,"[27.275804519000076,43.73374425800006,28.993844711491988,44.804107697036926]","[27.275804519000076,43.73374425800006,28.993844711491988,44.804107697036926]",0.075325823,0,1.718040192,within_safe_vector_latitude,not_run+unchanged,1,
adm1,36066543B24619858626166,COVASNA,ROU,True,"[25.450561123844714,45.51636588722577,26.445620175777982,46.27698996835542]","[25.450561123844714,45.51636588722577,26.445620175777982,46.27698996835542]",0.020669605,0,0.995059052,within_safe_vector_latitude,not_run+unchanged,1,
adm1,36066543B36508208096212,DAMBOVITA,ROU,True,"[25.1248214115936,44.403355361077615,25.991909643518888,45.44081516562334]","[25.1248214115936,44.403355361077615,25.991909643518888,45.44081516562334]",0.023973128,0,0.867088232,within_safe_vector_latitude,not_run+unchanged,1,
adm1,36066543B77825502227768,DOLJ,ROU,True,"[22.826906841877303,43.69960283536543,24.264659901062668,44.728160542951315]","[22.826906841877303,43.69960283536543,24.264659901062668,44.728160542951315]",0.176474438,0,1.437753059,within_safe_vector_latitude,not_run+unchanged,1,
adm1,36066543B93424276500239,GALATI,ROU,True,"[27.226098626731225,45.39024626155132,28.2329292314329,46.163383261512884]","[27.226098626731225,45.39024626155132,28.2329292314329,46.163383261512884]",0.031725472,0,1.006830605,within_safe_vector_latitude,not_run+unchanged,1,
adm1,36066543B2949768471564,GIURGIU,ROU,True,"[25.42568139748807,43.69060009800006,26.59538256530699,44.55390100312797]","[25.42568139748807,43.69060009800006,26.59538256530699,44.55390100312797]",0.190750245,0,1.169701168,within_safe_vector_latitude,not_run+unchanged,1,
adm1,36066543B9731027217688,GORJ,ROU,True,"[22.56014380196502,44.56834269064985,23.855599020396802,45.353072612221176]","[22.56014380196502,44.56834269064985,23.855599020396802,45.353072612221176]",0.01381836,0,1.295455218,within_safe_vector_latitude,not_run+unchanged,1,
adm1,36066543B14518908529982,HARGHITA,ROU,True,"[24.853672532264802,46.102092136384584,26.29291692211288,47.18396510976395]","[24.853672532264802,46.102092136384584,26.29291692211288,47.18396510976395]",0.012906531,0,1.43924439,within_safe_vector_latitude,not_run+unchanged,1,
adm1,36066543B15225072959052,HUNEDOARA,ROU,True,"[22.336098018475486,45.25385587169946,23.60166965084028,46.35281581581833]","[22.336098018475486,45.25385587169946,23.60166965084028,46.35281581581833]",0.01381836,0,1.265571632,within_safe_vector_latitude,not_run+unchanged,2,
adm1,36066543B9514402375092,IALOMITA,ROU,True,"[26.301875681336437,44.334109524943365,28.10898884707707,44.857031677135126]","[26.301875681336437,44.334109524943365,28.10898884707707,44.857031677135126]",0.049784035,0,1.807113166,within_safe_vector_latitude,not_run+unchanged,1,
adm1,36066543B68152190067022,IASI,ROU,True,"[26.49349670478344,46.81935023669543,28.12646486700213,47.589467738041854]","[26.49349670478344,46.81935023669543,28.12646486700213,47.589467738041854]",0.026997543,0,1.632968162,within_safe_vector_latitude,not_run+unchanged,1,
adm1,36066543B58098055223766,ILFOV,ROU,True,"[25.823690415912424,44.21560050050813,26.4634559020858,44.76890765311872]","[25.823690415912424,44.21560050050813,26.4634559020858,44.76890765311872]",0.037341495,0,0.639765486,within_safe_vector_latitude,not_run+unchanged,1,
adm1,36066543B51562338382257,MARAMURES,ROU,True,"[22.9614151506605,47.32065832528608,25.056365770304968,48.01981999250913]","[22.9614151506605,47.32065832528608,25.056365770304968,48.01981999250913]",0.030074858,0,2.09495062,within_safe_vector_latitude,not_run+unchanged,1,
adm1,36066543B11233778748537,MEHEDINTI,ROU,True,"[22.016148597551485,44.09852749008368,23.455034232020488,45.10765894645376]","[22.016148597551485,44.09852749008368,23.455034232020488,45.10765894645376]",0.046180564,0,1.438885634,within_safe_vector_latitude,not_run+unchanged,2,
adm1,36066543B11747992440272,BUCURESTI,ROU,True,"[25.96376459867891,44.3494197414805,26.225626533203236,44.541597069677394]","[25.96376459867891,44.3494197414805,26.225626533203236,44.541597069677394]",0.030244992,0,0.261861935,within_safe_vector_latitude,not_run+unchanged,1,
adm1,36066543B31003852704017,MURES,ROU,True,"[23.959056586034762,46.07632840806078,25.318354474870596,47.1365466941776]","[23.959056586034762,46.07632840806078,25.318354474870596,47.1365466941776]",0.012768381,0,1.359297889,within_safe_vector_latitude,not_run+unchanged,1,
adm1,36066543B92634150337313,NEAMT,ROU,True,"[25.65957001756811,46.6417728322085,27.243617362975733,47.34030045116187]","[25.65957001756811,46.6417728322085,27.243617362975733,47.34030045116187]",0.019567359,0,1.584047345,within_safe_vector_latitude,not_run+unchanged,1,
adm1,36066543B87560711020488,OLT,ROU,True,"[23.88191094790745,43.68270908827452,24.886517729549873,44.90138644882335]","[23.88191094790745,43.68270908827452,24.886517729549873,44.90138644882335]",0.042272756,0,1.004606782,within_safe_vector_latitude,not_run+unchanged,1,
adm1,36066543B96905451171357,PRAHOVA,ROU,True,"[25.45142302663858,44.73416001380523,26.60993871350085,45.52219602903168]","[25.45142302663858,44.73416001380523,26.60993871350085,45.52219602903168]",0.026506667,0,1.158515687,within_safe_vector_latitude,not_run+unchanged,1,
adm1,36066543B8882897274660,SALAJ,ROU,True,"[22.492863589892966,46.85338750878039,23.842103671633716,47.458098925010844]","[22.492863589892966,46.85338750878039,23.842103671633716,47.458098925010844]",0.018758776,0,1.349240082,within_safe_vector_latitude,not_run+unchanged,2,
adm1,36066543B37248446823778,SATU MARE,ROU,True,"[22.14023693447677,47.3330636612504,23.639806639297586,48.12006448900007]","[22.14023693447677,47.3330636612504,23.639806639297586,48.12006448900007]",0.076072255,0,1.499569705,within_safe_vector_latitude,not_run+unchanged,2,
adm1,36066543B78296944586190,SIBIU,ROU,True,"[23.58870081463608,45.49410733292883,24.96514712790133,46.2840897784293]","[23.58870081463608,45.49410733292883,24.96514712790133,46.2840897784293]",0.011703734,0,1.376446313,within_safe_vector_latitude,not_run+unchanged,1,
adm1,36066543B72359943930714,SUCEAVA,ROU,True,"[24.94716535958912,47.07732416817255,26.704594734019906,47.988010764781365]","[24.94716535958912,47.07732416817255,26.704594734019906,47.988010764781365]",0.146210317,0,1.757429374,within_safe_vector_latitude,not_run+unchanged,1,
adm1,36066543B97406375074903,TELEORMAN,ROU,True,"[24.591210789659183,43.6165232504477,25.723097083585888,44.51814899551777]","[24.591210789659183,43.6165232504477,25.723097083585888,44.51814899551777]",0.139294463,0,1.131886294,within_safe_vector_latitude,not_run+unchanged,1,
adm1,36066543B49718248736475,TIMIS,ROU,True,"[20.208612760323685,45.193552245595036,22.55172571310663,46.205052041096664]","[20.208612760323685,45.193552245595036,22.55172571310663,46.205052041096664]",0.162188657,0,2.343112953,within_safe_vector_latitude,not_run+unchanged,2,
adm1,36066543B86483735073728,TULCEA,ROU,True,"[27.994810246873193,44.61280718358318,29.714500427000075,45.46362747311617]","[27.994810246873193,44.61280718358318,29.714500427000075,45.46362747311617]",0.092193689,0,1.71969018,within_safe_vector_latitude,not_run+unchanged,1,
adm1,36066543B39156092034573,VALCEA,ROU,True,"[23.576115270392066,44.49024342580876,24.540487000720155,45.59084228778008]","[23.576115270392066,44.49024342580876,24.540487000720155,45.59084228778008]",0.018640788,0,0.96437173,within_safe_vector_latitude,not_run+unchanged,1,
adm1,36066543B98418194735101,VASLUI,ROU,True,"[27.188330403144302,46.00328148436532,28.260709,46.991712746928776]","[27.188330403144302,46.00328148436532,28.260709,46.991712746928776]",0.026160824,0,1.072378597,within_safe_vector_latitude,not_run+unchanged,1,
adm1,36066543B45061076601041,VRANCEA,ROU,True,"[26.370984890802564,45.37115786039439,27.558524741083712,46.205966992019526]","[26.370984890802564,45.37115786039439,27.558524741083712,46.205966992019526]",0.032366233,0,1.18753985,within_safe_vector_latitude,not_run+unchanged,1,
adm1,28173009B80457268982215,Altai Krai,RUS,True,"[77.8891426,50.639877,87.1686505,54.4531098]","[77.8891426,50.639877,87.1686505,54.4531098]",0.2192077,0,9.2795079,within_safe_vector_latitude,not_run+unchanged,2,
adm1,28173009B16834140201491,Republic of Mordovia,RUS,True,"[42.1692066,53.6490653,46.7261199,55.1902678]","[42.1692066,53.6490653,46.7261199,55.1902678]",0.1456139,0,4.5569133,within_safe_vector_latitude,not_run+unchanged,2,
adm1,28173009B42082792489997,Tula Oblast,RUS,True,"[35.899512,52.9463569,38.9515452,54.8518365]","[35.899512,52.9463569,38.9515452,54.8518365]",0.0527865,0,3.0520332,within_safe_vector_latitude,not_run+unchanged,1,
adm1,28173009B71296032393878,Kurgan Oblast,RUS,True,"[61.9661851,54.187429,68.721709,56.8422967]","[61.9661851,54.187429,68.721709,56.8422967]",0.305558691,0,6.7555239,within_safe_vector_latitude,not_run+unchanged,4,
adm1,28173009B75413689166101,Ingushetia,RUS,True,"[44.478436,42.614907327822465,45.2471818,43.6140893]","[44.478436,42.614907327822465,45.2471818,43.6140893]",0.0997132,0,0.7687458,within_safe_vector_latitude,not_run+unchanged,2,
adm1,28173009B731487536241,Khanty-Mansiysk Autonomous Okrug – Ugra,RUS,True,"[59.2048539,58.5800776,85.9766731,65.7177356]","[59.2048539,58.5800776,85.9766731,65.7177356]",0.2745763,0,26.7718192,within_safe_vector_latitude,not_run+unchanged,6,
adm1,28173009B31225333555943,Kirov Oblast,RUS,True,"[46.2637837,56.0607618,53.9312421,61.0673929]","[46.2637837,56.0607618,53.9312421,61.0673929]",0.2736063,0,7.6674584,within_safe_vector_latitude,not_run+unchanged,1,
adm1,28173009B21210279674314,Komi Republic,RUS,True,"[45.3993499,59.1982886,66.2516859,68.4226624]","[45.3993499,59.1982886,66.2516859,68.4226624]",1.2111221,0,20.852336,within_safe_vector_latitude,not_run+unchanged,6,
adm1,28173009B70678486994214,Kostroma Oblast,RUS,True,"[40.3908869,57.2756309,47.6395146,59.6236037]","[40.3908869,57.2756309,47.6395146,59.6236037]",0.3206627,0,7.2486277,within_safe_vector_latitude,not_run+unchanged,2,
adm1,28173009B65133456612022,Krasnoyarsk Krai,RUS,False,"[76.0985074,51.7732877,113.9223695,81.2744896]","[76.0985074,51.7732877,113.9223695,81.2744896]",0.3339809,0,35.493074644,rejected_outside_safe_vector_latitude,not_run+unchanged,0,outside_safe_vector_latitude
adm1,28173009B29209288820923,Zabaykalsky Krai,RUS,True,"[107.7342132,49.15514600200004,122.1458196,58.4363077]","[107.7342132,49.15514600200004,122.1458196,58.4363077]",1.033196781,0,14.4116064,within_safe_vector_latitude,not_run+unchanged,4,
adm1,28173009B92397886288731,Sverdlovsk Oblast,RUS,True,"[57.2293844,56.0532241,66.1848568,61.9466153]","[57.2293844,56.0532241,66.1848568,61.9466153]",0.2323166,0,8.9554724,within_safe_vector_latitude,not_run+unchanged,2,
adm1,28173009B90356867269748,Volgograd Oblast,RUS,True,"[41.1681048,47.4471319,47.4314503,51.2476078]","[41.1681048,47.4471319,47.4314503,51.2476078]",0.2169528,0,6.2633455,within_safe_vector_latitude,not_run+unchanged,4,
adm1,28173009B78872068540735,Irkutsk Oblast,RUS,True,"[95.6471751,51.1298852,119.1386737,64.321545]","[95.6471751,51.1298852,119.1386737,64.321545]",0.4723492,0,23.4914986,within_safe_vector_latitude,not_run+unchanged,9,
adm1,28173009B90469334921421,Perm Krai,RUS,True,"[51.7715175,56.1038833,59.4827306,61.6630673]","[51.7715175,56.1038833,59.4827306,61.6630673]",0.7327193,0,7.7112131,within_safe_vector_latitude,not_run+unchanged,4,
adm1,28173009B86476767341172,Pskov Oblast,RUS,True,"[26.9458798,55.589602,31.5178603,59.30430931234641]","[26.9458798,55.589602,31.5178603,59.30430931234641]",0.1618175,0,4.5719805,within_safe_vector_latitude,not_run+unchanged,2,
adm1,28173009B46424166303156,Rostov Oblast,RUS,True,"[38.220892,45.9516883,44.3241519,50.2144769]","[38.220892,45.9516883,44.3241519,50.2144769]",0.1838249,0,6.1032599,within_safe_vector_latitude,not_run+unchanged,2,
adm1,28173009B69714658607289,Ryazan Oblast,RUS,True,"[38.6659818,53.3090699,42.691248,55.3664944]","[38.6659818,53.3090699,42.691248,55.3664944]",0.1192651,0,4.0252662,within_safe_vector_latitude,not_run+unchanged,1,
adm1,28173009B41832925814017,Adygea,RUS,True,"[38.6840182,43.7601459,40.775739,45.2168098]","[38.6840182,43.7601459,40.775739,45.2168098]",0.0850599,0,2.0917208,within_safe_vector_latitude,not_run+unchanged,1,
adm1,28173009B25497318303482,Samara Oblast,RUS,True,"[47.9351961,51.7730366,52.568276,54.6770065]","[47.9351961,51.7730366,52.568276,54.6770065]",0.1455474,0,4.6330799,within_safe_vector_latitude,not_run+unchanged,1,
adm1,28173009B55422170414647,Khakassia,RUS,True,"[87.8832842,51.2851257,91.9247253,55.4378777]","[87.8832842,51.2851257,91.9247253,55.4378777]",0.0998885,0,4.0414411,within_safe_vector_latitude,not_run+unchanged,2,
adm1,28173009B50284711669511,Tambov Oblast,RUS,True,"[39.9188474,51.5880843,43.2480873,53.8222242]","[39.9188474,51.5880843,43.2480873,53.8222242]",0.0800549,0,3.3292399,within_safe_vector_latitude,not_run+unchanged,1,
adm1,28173009B46738131000378,Tatarstan,RUS,True,"[47.2585968,53.9742444,54.2654458,56.6781671]","[47.2585968,53.9742444,54.2654458,56.6781671]",0.2245796,0,7.006849,within_safe_vector_latitude,not_run+unchanged,2,
adm1,28173009B26811060113320,Tomsk Oblast,RUS,True,"[75.0566645,55.6058384,89.3786289,61.0356717]","[75.0566645,55.6058384,89.3786289,61.0356717]",0.3572939,0,14.3219644,within_safe_vector_latitude,not_run+unchanged,4,
adm1,28173009B18259284234443,Nizhny Novgorod Oblast,RUS,True,"[41.7764767,54.4621026,47.771781,58.0911755]","[41.7764767,54.4621026,47.771781,58.0911755]",0.2736063,0,5.9953043,within_safe_vector_latitude,not_run+unchanged,4,
adm1,28173009B96976580001980,Republic of Karelia,RUS,True,"[29.306229317671594,59.8983087,37.9466381,66.6673243]","[29.306229317671594,59.8983087,37.9466381,66.6673243]",0.3555714,0,8.640408782,within_safe_vector_latitude,not_run+unchanged,6,
adm1,28173009B62882423633207,Arkhangelsk Oblast,RUS,False,"[35.5047315,60.6358162,69.05006632171931,81.8585339]","[35.5047315,60.6358162,69.05006632171931,81.8585339]",0.374309,0,15.374937922,rejected_outside_safe_vector_latitude,not_run+unchanged,0,outside_safe_vector_latitude
adm1,28173009B68474107072963,Astrakhan Oblast,RUS,True,"[44.9609783,45.4299225,49.220916749000025,48.8635655]","[44.9609783,45.4299225,49.220916749000025,48.8635655]",0.2017566,0,4.259938449,within_safe_vector_latitude,not_run+unchanged,2,
adm1,28173009B21416061393121,Belgorod Oblast,RUS,True,"[35.3256864,49.79701703313081,39.2807694,51.4297308]","[35.3256864,49.79701703313081,39.2807694,51.4297308]",0.0721668,0,3.955083,within_safe_vector_latitude,not_run+unchanged,1,
adm1,28173009B9124867987859,Bryansk Oblast,RUS,True,"[31.242105,51.84211402135338,35.3251271,54.0327608]","[31.242105,51.84211402135338,35.3251271,54.0327608]",0.102380025,0,4.0830221,within_safe_vector_latitude,not_run+unchanged,2,
adm1,28173009B49563687485750,Buryatia,RUS,True,"[98.6300338,49.9697792,116.9215874,57.24988]","[98.6300338,49.9697792,116.9215874,57.24988]",0.4723492,0,18.2915536,within_safe_vector_latitude,not_run+unchanged,6,
adm1,28173009B98838729156012,Chechnya,RUS,True,"[44.8332046,42.478227,46.6587216,44.0085956]","[44.8332046,42.478227,46.6587216,44.0085956]",0.1643549,0,1.825517,within_safe_vector_latitude,not_run+unchanged,2,
adm1,28173009B19466568926459,Chelyabinsk Oblast,RUS,True,"[57.1312877,51.990784,63.3520149,56.3657976]","[57.1312877,51.990784,63.3520149,56.3657976]",0.1106332,0,6.2207272,within_safe_vector_latitude,not_run+unchanged,2,
adm1,28173009B91429860602147,Chuvashia,RUS,True,"[45.9112555,54.6273954,48.4206024,56.3285177]","[45.9112555,54.6273954,48.4206024,56.3285177]",0.1409723,0,2.5093469,within_safe_vector_latitude,not_run+unchanged,2,
adm1,28173009B77673499236961,Tyumen Oblast,RUS,True,"[64.8271919,55.14712961593573,75.1992954,59.9895586]","[64.8271919,55.14712961593573,75.1992954,59.9895586]",0.2435468,0,10.3721035,within_safe_vector_latitude,not_run+unchanged,4,
adm1,28173009B7235812138525,North Ossetia–Alania,RUS,True,"[43.3985604832127,42.547509,44.9604307,43.8351158]","[43.3985604832127,42.547509,44.9604307,43.8351158]",0.0997132,0,1.561870217,within_safe_vector_latitude,not_run+unchanged,1,
adm1,28173009B59972517059449,Penza Oblast,RUS,True,"[42.0817395,52.2912662,46.9808442,54.0301975]","[42.0817395,52.2912662,46.9808442,54.0301975]",0.091075,0,4.8991047,within_safe_vector_latitude,not_run+unchanged,2,
adm1,28173009B24080199016459,Amur Oblast,RUS,True,"[119.6553908,48.8534576,134.9209128,57.0605084]","[119.6553908,48.8534576,134.9209128,57.0605084]",0.721973366,0,15.265522,within_safe_vector_latitude,not_run+unchanged,6,
adm1,28173009B46612801043871,Kabardino-Balkaria,RUS,True,"[42.3972675,42.889536,44.4753684,44.0203143]","[42.3972675,42.889536,44.4753684,44.0203143]",0.1567076,0,2.0781009,within_safe_vector_latitude,not_run+unchanged,1,
adm1,28173009B83675725671802,Krasnodar Krai,RUS,True,"[36.60036529512844,43.38518617070082,41.7439797,46.879581451000035]","[36.60036529512844,43.38518617070082,41.7439797,46.879581451000035]",0.1965737,0,5.143614405,within_safe_vector_latitude,not_run+unchanged,1,
adm1,28173009B94971452660823,Kursk Oblast,RUS,True,"[34.0807655,50.9015572,38.5192703,52.4450602]","[34.0807655,50.9015572,38.5192703,52.4450602]",0.0848449,0,4.4385048,within_safe_vector_latitude,not_run+unchanged,1,
adm1,28173009B90810482533567,Leningrad oblast,RUS,True,"[27.7377645,58.4173356,35.6957881,61.32910060877179]","[27.7377645,58.4173356,35.6957881,61.32910060877179]",0.2211256,0,7.9580236,within_safe_vector_latitude,not_run+unchanged,2,
adm1,28173009B61240048498251,Mari El,RUS,True,"[45.6237398,55.8294544,50.202985,57.3426925]","[45.6237398,55.8294544,50.202985,57.3426925]",0.1409723,0,4.5792452,within_safe_vector_latitude,not_run+unchanged,1,
adm1,28173009B19676032168465,Moscow,RUS,True,"[36.8031012,55.1421745,37.9643503,56.0212238]","[36.8031012,55.1421745,37.9643503,56.0212238]",0.1057191,0,1.1612491,within_safe_vector_latitude,not_run+unchanged,2,
adm1,28173009B74836580104791,Moscow Oblast,RUS,True,"[35.1484955,54.2556959,40.2056882,56.9585118]","[35.1484955,54.2556959,40.2056882,56.9585118]",0.1473853,0,5.0571927,within_safe_vector_latitude,not_run+unchanged,2,
adm1,28173009B70218250039968,Murmansk Oblast,RUS,True,"[28.41641183404836,66.05652707504589,41.383657325019215,69.9526165]","[28.41641183404836,66.05652707504589,41.383657325019215,69.9526165]",0.2921286,0,12.967245491,within_safe_vector_latitude,not_run+unchanged,4,
adm1,28173009B3082792446388,Nenets Autonomous Okrug,RUS,True,"[43.2704424,65.8209691,65.6705325,70.45620853213501]","[43.2704424,65.8209691,65.6705325,70.45620853213501]",1.2111221,0,22.4000901,within_safe_vector_latitude,not_run+unchanged,6,
adm1,28173009B16533507618293,Novgorod Oblast,RUS,True,"[29.6187256,56.9093961,36.2289187,59.4327634]","[29.6187256,56.9093961,36.2289187,59.4327634]",0.1618175,0,6.6101931,within_safe_vector_latitude,not_run+unchanged,2,
adm1,28173009B27844369294009,Novosibirsk Oblast,RUS,True,"[75.08801,53.29141,85.1159569,57.2378336]","[75.08801,53.29141,85.1159569,57.2378336]",0.3572939,0,10.0279469,within_safe_vector_latitude,not_run+unchanged,4,
adm1,28173009B55503329301013,Omsk Oblast,RUS,True,"[70.3589463,53.435124,76.3035917,58.5757191]","[70.3589463,53.435124,76.3035917,58.5757191]",0.2435468,0,5.9446454,within_safe_vector_latitude,not_run+unchanged,2,
adm1,28173009B3932420572168,Oryol Oblast,RUS,True,"[34.8261591,51.9349918,38.0672135,53.6524906]","[34.8261591,51.9349918,38.0672135,53.6524906]",0.0848449,0,3.2410544,within_safe_vector_latitude,not_run+unchanged,1,
adm1,28173009B8796515134902,Saint Petersburg,RUS,True,"[29.4298103,59.6337832,30.7570118,60.2448369]","[29.4298103,59.6337832,30.7570118,60.2448369]",0.0878351,0,1.3272015,within_safe_vector_latitude,not_run+unchanged,1,
adm1,28173009B36269087375583,Sakhalin Oblast,RUS,True,"[141.6274938,45.575122,156.5102708,54.4255195]","[141.6274938,45.575122,156.5102708,54.4255195]",0.0462684,0,3.118752538,within_safe_vector_latitude,not_run+unchanged,4,
adm1,28173009B48058606062294,Sakha Republic,RUS,True,"[105.5090627,55.4876715,162.8552088,76.75594979935939]","[105.5090627,55.4876715,162.8552088,76.75594979935939]",0.2346464,0,57.3461461,within_safe_vector_latitude,not_run+unchanged,34,
adm1,28173009B21415173479872,Saratov Oblast,RUS,True,"[42.5036705,49.8019654,50.8325797,52.8193706]","[42.5036705,49.8019654,50.8325797,52.8193706]",0.2169528,0,8.3289092,within_safe_vector_latitude,not_run+unchanged,2,
adm1,28173009B31773571872137,Smolensk Oblast,RUS,True,"[30.75161939109554,53.330896,35.3911279,56.0670541]","[30.75161939109554,53.330896,35.3911279,56.0670541]",0.107751502,0,4.639508509,within_safe_vector_latitude,not_run+unchanged,4,
adm1,28173009B89423349656391,Stavropol Krai,RUS,True,"[40.8460433,43.6589512,45.7159533,46.2362222]","[40.8460433,43.6589512,45.7159533,46.2362222]",0.1965737,0,4.86991,within_safe_vector_latitude,not_run+unchanged,2,
adm1,28173009B55293521919285,Tuva,RUS,True,"[88.7915312,49.7429299,99.2737021,53.7289299]","[88.7915312,49.7429299,99.2737021,53.7289299]",0.173837767,0,10.4821709,within_safe_vector_latitude,not_run+unchanged,2,
adm1,28173009B63182593849600,Tver Oblast,RUS,True,"[30.7283868,55.6356208,38.3268583,58.8631393]","[30.7283868,55.6356208,38.3268583,58.8631393]",0.1473853,0,7.5984715,within_safe_vector_latitude,not_run+unchanged,4,
adm1,28173009B34434912986355,Udmurtia,RUS,True,"[51.1241646,55.8505778,54.436131,58.5458421]","[51.1241646,55.8505778,54.436131,58.5458421]",0.19553,0,3.3119664,within_safe_vector_latitude,not_run+unchanged,1,
adm1,28173009B99237675212372,Kaluga Oblast,RUS,True,"[33.4458319,53.2771835,37.2754303,55.3512798]","[33.4458319,53.2771835,37.2754303,55.3512798]",0.0719229,0,3.8295984,within_safe_vector_latitude,not_run+unchanged,2,
adm1,28173009B5502896824563,Lipetsk Oblast,RUS,True,"[37.7217164,51.8870621,40.7647752,53.5866538]","[37.7217164,51.8870621,40.7647752,53.5866538]",0.1431708,0,3.0430588,within_safe_vector_latitude,not_run+unchanged,1,
adm1,28173009B2185273376578,Magadan Oblast,RUS,True,"[144.7286241,58.8370935,163.4956937,66.3391383]","[144.7286241,58.8370935,163.4956937,66.3391383]",0.0904394,0,18.7670696,within_safe_vector_latitude,not_run+unchanged,6,
adm1,28173009B42697300509311,Ulyanovsk Oblast,RUS,True,"[45.797063,52.5328388,50.242466,54.8914462]","[45.797063,52.5328388,50.242466,54.8914462]",0.2245796,0,4.445403,within_safe_vector_latitude,not_run+unchanged,1,
adm1,28173009B91128253561055,Vladimir Oblast,RUS,True,"[38.2758661,55.10142,42.9692108,56.8126105]","[38.2758661,55.10142,42.9692108,56.8126105]",0.1192651,0,4.6933447,within_safe_vector_latitude,not_run+unchanged,2,
adm1,28173009B96664025860642,Vologda Oblast,RUS,True,"[34.7190928,58.4773149,47.1528776,61.6142319]","[34.7190928,58.4773149,47.1528776,61.6142319]",0.326106,0,12.4337848,within_safe_vector_latitude,not_run+unchanged,4,
adm1,28173009B38848907206629,Yaroslavl Oblast,RUS,True,"[37.3279086,56.5343441,41.1934982,58.9560117]","[37.3279086,56.5343441,41.1934982,58.9560117]",0.1900673,0,3.8655896,within_safe_vector_latitude,not_run+unchanged,1,
adm1,28173009B2687808218031,Voronezh Oblast,RUS,True,"[38.1377516,49.55795,42.9473374,52.1030461]","[38.1377516,49.55795,42.9473374,52.1030461]",0.1431708,0,4.8095858,within_safe_vector_latitude,not_run+unchanged,1,
adm1,28173009B47279883421777,Yamalo-Nenets Autonomous Okrug,RUS,True,"[62.0004438,62.1956567,86.007285,73.5224301]","[62.0004438,62.1956567,86.007285,73.5224301]",0.2745763,0,24.0068412,within_safe_vector_latitude,not_run+unchanged,9,
adm1,28173009B30008444211385,Altai Republic,RUS,True,"[83.9328028,49.071318,89.8649086,52.660268]","[83.9328028,49.071318,89.8649086,52.660268]",0.0875188,0,5.9321058,within_safe_vector_latitude,not_run+unchanged,1,
adm1,28173009B41275184158050,Ivanovo Oblast,RUS,True,"[39.3740366,56.3523629,43.3246122,57.7396751]","[39.3740366,56.3523629,43.3246122,57.7396751]",0.1038728,0,3.9505756,within_safe_vector_latitude,not_run+unchanged,1,
adm1,28173009B51962491984110,Jewish Autonomous Oblast,RUS,True,"[130.27373993843426,47.659438,134.9957846,49.493797]","[130.27373993843426,47.659438,134.9957846,49.493797]",0.41553354,0,4.722044662,within_safe_vector_latitude,not_run+unchanged,2,
adm1,28173009B57398385788417,Kalmykia,RUS,True,"[41.6344255,44.7597697,47.5401548,48.2708558]","[41.6344255,44.7597697,47.5401548,48.2708558]",0.2017566,0,5.9057293,within_safe_vector_latitude,not_run+unchanged,2,
adm1,28173009B70023447378008,Kamchatka Krai,RUS,True,"[155.55580139200003,50.8648472,174.5188722,64.9367244]","[155.55580139200003,50.8648472,174.5188722,64.9367244]",0.1174153,0,18.963070808,within_safe_vector_latitude,not_run+unchanged,9,
adm1,28173009B95588705134862,Karachay-Cherkessia,RUS,True,"[40.6756918,43.18782976547184,42.6813728,44.4976366]","[40.6756918,43.18782976547184,42.6813728,44.4976366]",0.1059516,0,2.005681,within_safe_vector_latitude,not_run+unchanged,1,
adm1,28173009B4400867918714,Kemerovo Oblast,RUS,True,"[84.4478947,52.1627035,89.4026437,56.8344202]","[84.4478947,52.1627035,89.4026437,56.8344202]",0.228836,0,4.954749,within_safe_vector_latitude,not_run+unchanged,2,
adm1,28173009B57295377776076,Khabarovsk Krai,RUS,True,"[130.3867416,46.6349613,147.2167891,62.5308529]","[130.3867416,46.6349613,147.2167891,62.5308529]",0.259535864,0,16.8300475,within_safe_vector_latitude,not_run+unchanged,12,
adm1,28173009B11091203162490,Chukotka Autonomous Okrug,RUS,True,"[-180.0,61.80817361608636,180.0000000000001,71.58786010700004]","[-180.0,61.80817361608636,180.0,71.58786010700004]",0.1242841,0,22.2694345,within_safe_vector_latitude,not_run+unchanged,8,
adm1,28173009B24428243574749,Dagestan,RUS,True,"[45.1034215,41.185353,48.58099821400003,44.9917214]","[45.1034215,41.185353,48.58099821400003,44.9917214]",0.1643549,0,3.477576714,within_safe_vector_latitude,not_run+unchanged,1,
adm1,28173009B40138449315491,Kaliningrad,RUS,True,"[19.638988501737682,54.318274,22.88674891900007,55.2936996]","[19.638988501737682,54.318274,22.88674891900007,55.2936996]",0.0621466,0,3.082037062,within_safe_vector_latitude,not_run+unchanged,2,
adm1,28173009B76603557910928,Orenburg Oblast,RUS,True,"[50.7681628,50.495210722086135,61.690746,54.3650218]","[50.7681628,50.495210722086135,61.690746,54.3650218]",0.1899033,0,10.9225832,within_safe_vector_latitude,not_run+unchanged,2,
adm1,28173009B46831765844996,Primorsky Krai,RUS,True,"[130.395082,42.29500301641545,139.0317939137588,48.4643461]","[130.395082,42.29500301641545,139.0317939137588,48.4643461]",0.658831024,0,8.636711914,within_safe_vector_latitude,not_run+unchanged,2,
adm1,28173009B30250450380208,Bashkortostan,RUS,True,"[53.1575416,51.569554,60.0018089,56.5346435]","[53.1575416,51.569554,60.0018089,56.5346435]",0.109514,0,6.8442673,within_safe_vector_latitude,not_run+unchanged,4,
adm1,91480417B22690809677968,City of Kigali,RWA,True,"[29.9773386873823,-2.07977181629171,30.2771503693842,-1.77965652737265]","[29.9773386873823,-2.07977181629171,30.2771503693842,-1.77965652737265]",0.010763052,0,0.299811682,within_safe_vector_latitude,not_run+unchanged,1,
adm1,91480417B18399648061901,Southern Province,RWA,True,"[29.2646534072823,-2.83992499945467,30.0207241918314,-1.73117770215174]","[29.2646534072823,-2.83992499945467,30.0207241918314,-1.73117770215174]",0.032307497,0,0.756070785,within_safe_vector_latitude,not_run+unchanged,1,
adm1,91480417B74917756285357,Northern Province,RWA,True,"[29.450093485122856,-1.91295963485139,30.2756235071076,-1.308865014448462]","[29.450093485122856,-1.91295963485139,30.2756235071076,-1.308865014448462]",0.021195067,0,0.825530022,within_safe_vector_latitude,not_run+unchanged,1,
adm1,91480417B20985019767017,Eastern Province,RWA,True,"[29.9592161457968,-2.437745753999934,30.899118,-1.047375297999963]","[29.9592161457968,-2.437745753999934,30.899118,-1.047375297999963]",0.050374488,0,0.939901854,within_safe_vector_latitude,not_run+unchanged,1,
adm1,91480417B44016762519517,Western Province,RWA,True,"[28.861754,-2.746604053348587,29.6751489297549,-1.506163238741368]","[28.861754,-2.746604053348587,29.6751489297549,-1.506163238741368]",0.057777002,0,0.81339493,within_safe_vector_latitude,not_run+unchanged,1,
adm1,40696546B36446689180219,A'ana,WSM,True,"[-172.06677550068878,-13.995765900775666,-171.89011945974525,-13.803962500369039]","[-172.06677550068878,-13.995765900775666,-171.89011945974525,-13.803962500369039]",0.014623977,0,0.174704941,within_safe_vector_latitude,not_run+unchanged,1,
adm1,40696546B9385579031596,Aiga-i-le-Tai,WSM,True,"[-172.072616600076,-13.89376400020842,-172.0114833925445,-13.82956850038596]","[-172.072616600076,-13.89376400020842,-172.0114833925445,-13.82956850038596]",0.014623977,0,0.061133208,within_safe_vector_latitude,not_run+unchanged,1,
adm1,40696546B40781349975951,Atua,WSM,True,"[-171.7229526162702,-14.046150600070064,-171.44464111199997,-13.861870100524698]","[-171.7229526162702,-14.046150600070064,-171.44464111199997,-13.861870100524698]",0.01713212,0,0.278311504,within_safe_vector_latitude,not_run+unchanged,1,
adm1,40696546B94827234951055,Fa'asaleleage,WSM,True,"[-172.3382736399165,-13.77764973111084,-172.18627929599998,-13.555918082953099]","[-172.3382736399165,-13.77764973111084,-172.18627929599998,-13.555918082953099]",0.058249206,0,0.151994344,within_safe_vector_latitude,not_run+unchanged,1,
adm1,40696546B45584224409911,Gaga'emauga,WSM,True,"[-172.415939246499,-14.000749586999973,-171.8617227824804,-13.443652587865879]","[-172.415939246499,-14.000749586999973,-171.8617227824804,-13.443652587865879]",0.058249206,0,0.172413759,within_safe_vector_latitude,not_run+unchanged,1,
adm1,40696546B1701315009328,Gaga'ifomauga,WSM,True,"[-172.6212867309978,-13.624636916360544,-172.3707256004061,-13.446070899752158]","[-172.6212867309978,-13.624636916360544,-172.3707256004061,-13.446070899752158]",0.033193481,0,0.250561131,within_safe_vector_latitude,not_run+unchanged,1,
adm1,40696546B72194673836531,Palauli,WSM,True,"[-172.6215400996958,-13.803304494878661,-172.23133890746854,-13.615951883672437]","[-172.6215400996958,-13.803304494878661,-172.23133890746854,-13.615951883672437]",0.032170313,0,0.264611486,within_safe_vector_latitude,not_run+unchanged,1,
adm1,40696546B5747120083880,Satupa'itea,WSM,True,"[-172.69519849991082,-13.775472640999965,-172.32467655862098,-13.572050828682734]","[-172.69519849991082,-13.775472640999965,-172.32467655862098,-13.572050828682734]",0.033193481,0,0.126021965,within_safe_vector_latitude,not_run+unchanged,1,
adm1,40696546B29543190564601,Tuamasaga,WSM,True,"[-171.92047439997356,-14.043466399854424,-171.69555660025688,-13.795220000102859]","[-171.92047439997356,-14.043466399854424,-171.69555660025688,-13.795220000102859]",0.011156436,0,0.2249178,within_safe_vector_latitude,not_run+unchanged,1,
adm1,40696546B90373058224054,Va'a-o-Fonoti,WSM,True,"[-171.60267402218835,-13.97665553302636,-171.49134915722004,-13.88875007699994]","[-171.60267402218835,-13.97665553302636,-171.49134915722004,-13.88875007699994]",0.01713212,0,0.102516757,within_safe_vector_latitude,not_run+unchanged,1,
adm1,40696546B98223692696505,Vaisigano,WSM,True,"[-172.8040667998429,-13.616694300101813,-172.61839114442807,-13.492967592049936]","[-172.8040667998429,-13.616694300101813,-172.61839114442807,-13.492967592049936]",0.026055098,0,0.185675655,within_safe_vector_latitude,not_run+unchanged,1,
adm1,276375B74977268893733,Acquaviva,SMR,True,"[12.403658164060134,43.933030880137885,12.4403011,43.95767200100005]","[12.403658164060134,43.933030880137885,12.4403011,43.95767200100005]",0.007641,0,0.036642936,within_safe_vector_latitude,not_run+unchanged,1,
adm1,276375B67153494303952,Borgo Maggiore,SMR,True,"[12.4297104,43.917795,12.482476,43.9681911]","[12.4297104,43.917795,12.482476,43.9681911]",0.0101618,0,0.0527656,within_safe_vector_latitude,not_run+unchanged,1,
adm1,276375B88489846739211,Chiesanuova,SMR,True,"[12.408376072643051,43.900204,12.4382886,43.9314671]","[12.408376072643051,43.900204,12.4382886,43.9314671]",0.0060296,0,0.029912527,within_safe_vector_latitude,not_run+unchanged,1,
adm1,276375B27851101452101,Domagnano,SMR,True,"[12.458415,43.9373344,12.511528364321808,43.9647097]","[12.458415,43.9373344,12.511528364321808,43.9647097]",0.0082694,0,0.053113364,within_safe_vector_latitude,not_run+unchanged,1,
adm1,276375B67355364129568,Faetano,SMR,True,"[12.4724026,43.9153729,12.515923221012953,43.95208931428968]","[12.4724026,43.9153729,12.515923221012953,43.95208931428968]",0.0097007,0,0.043520621,within_safe_vector_latitude,not_run+unchanged,1,
adm1,276375B66072919049103,Fiorentino,SMR,True,"[12.4313697,43.89375422942482,12.4772591,43.9226085]","[12.4313697,43.89375422942482,12.4772591,43.9226085]",0.0101618,0,0.0458894,within_safe_vector_latitude,not_run+unchanged,1,
adm1,276375B96225212173401,Montegiardino,SMR,True,"[12.4699274,43.896469315118445,12.4934481,43.9206503]","[12.4699274,43.896469315118445,12.4934481,43.9206503]",0.0097007,0,0.0235207,within_safe_vector_latitude,not_run+unchanged,1,
adm1,276375B17354965621201,Città di San Marino,SMR,True,"[12.414811933690604,43.9140459,12.4571392,43.9446723]","[12.414811933690604,43.9140459,12.4571392,43.9446723]",0.007641,0,0.042327266,within_safe_vector_latitude,not_run+unchanged,1,
adm1,276375B76751821521009,Serravalle,SMR,True,"[12.4494431,43.9565914,12.515822,43.99159418075109]","[12.4494431,43.9565914,12.515822,43.99159418075109]",0.01520214,0,0.0663789,within_safe_vector_latitude,not_run+unchanged,1,
adm1,12702645B14719640472686,Ha'apai,TON,True,"[-175.1071439,-20.270993854728946,-174.26713561999998,-19.646301]","[-175.1071439,-20.270993854728946,-174.26713561999998,-19.646301]",0.00743103,0,0.07752659,within_safe_vector_latitude,not_run+unchanged,1,
adm1,12702645B16834523743175,Niuas,TON,True,"[-175.67707824599998,-15.635444640999935,-175.6004623,-15.5661877]","[-175.67707824599998,-15.635444640999935,-175.6004623,-15.5661877]",0.00869751,0,0.076615946,within_safe_vector_latitude,not_run+unchanged,1,
adm1,12702645B50986277851262,Tongatapu,TON,True,"[-175.35546874999997,-21.27292863266103,-175.03208923299997,-21.0624872]","[-175.35546874999997,-21.27292863266103,-175.03208923299997,-21.0624872]",0.009155273,0,0.323379517,within_safe_vector_latitude,not_run+unchanged,1,
adm1,12702645B14713027314985,Vava'u,TON,True,"[-174.6702308,-18.8267853,-173.90383911099997,-18.566000669357297]","[-174.6702308,-18.8267853,-173.90383911099997,-18.566000669357297]",0.006668091,0,0.164804589,within_safe_vector_latitude,not_run+unchanged,1,
adm1,12702645B6842520552302,'Eua,TON,True,"[-174.9752649,-21.45547294599993,-174.902938843,-21.2833626]","[-174.9752649,-21.45547294599993,-174.902938843,-21.2833626]",0.00518089,0,0.072326057,within_safe_vector_latitude,not_run+unchanged,1,
adm1,22272344B40586354952803,Tobago,TTO,True,"[-60.8457498,11.1342247,-60.51933288599997,11.345273258766166]","[-60.8457498,11.1342247,-60.51933288599997,11.345273258766166]",0.0106413,0,0.326416914,within_safe_vector_latitude,not_run+unchanged,2,
adm1,22272344B24277435757602,Princes Town,TTO,True,"[-61.4414896,10.0696182,-61.1827775,10.3330647]","[-61.4414896,10.0696182,-61.1827775,10.3330647]",0.0498419,0,0.2587121,within_safe_vector_latitude,not_run+unchanged,1,
adm1,22272344B97643437657922,Rio Claro-Mayaro,TTO,True,"[-61.2455164,10.0744301,-60.97041702299998,10.4446518]","[-61.2455164,10.0744301,-60.97041702299998,10.4446518]",0.0583066,0,0.275099377,within_safe_vector_latitude,not_run+unchanged,1,
adm1,22272344B56641681440639,Couva-Tabaquite-Talparo,TTO,True,"[-61.49957925604016,10.3067334,-61.1989636,10.5914468]","[-61.49957925604016,10.3067334,-61.1989636,10.5914468]",0.0431757,0,0.300615656,within_safe_vector_latitude,not_run+unchanged,1,
adm1,22272344B37363472324960,San Fernando,TTO,True,"[-61.4917251,10.2480053,-61.4278471,10.311957094117291]","[-61.4917251,10.2480053,-61.4278471,10.311957094117291]",0.0473873,0,0.063878,within_safe_vector_latitude,not_run+unchanged,1,
adm1,22272344B73668233111034,Siparia,TTO,True,"[-61.9306512,10.0424201,-61.4688006,10.248649004537562]","[-61.9306512,10.0424201,-61.4688006,10.248649004537562]",0.0272593,0,0.4618506,within_safe_vector_latitude,not_run+unchanged,1,
adm1,22272344B14939787061678,Point Fortin,TTO,True,"[-61.70531698415935,10.1423786,-61.629566,10.2099382]","[-61.70531698415935,10.1423786,-61.629566,10.2099382]",0.0212907,0,0.075750984,within_safe_vector_latitude,not_run+unchanged,1,
adm1,22272344B69788286970028,Penal-Debe,TTO,True,"[-61.51868762151385,10.0673581,-61.3728375,10.259064]","[-61.51868762151385,10.0673581,-61.3728375,10.259064]",0.0498419,0,0.145850122,within_safe_vector_latitude,not_run+unchanged,1,
adm1,22272344B56659955629338,Diego Martin,TTO,True,"[-61.6706502,10.6656737,-61.4879984,10.7616098]","[-61.6706502,10.6656737,-61.4879984,10.7616098]",0.017725,0,0.1826518,within_safe_vector_latitude,not_run+unchanged,1,
adm1,22272344B90104046252093,Port of Spain,TTO,True,"[-61.54074,10.6356051,-61.4916158,10.6780049]","[-61.54074,10.6356051,-61.4916158,10.6780049]",0.014702,0,0.0491242,within_safe_vector_latitude,not_run+unchanged,1,
adm1,22272344B98197828393532,San Juan-Laventille,TTO,True,"[-61.5114078,10.5381168,-61.3337443,10.810305597000024]","[-61.5114078,10.5381168,-61.3337443,10.810305597000024]",0.0312642,0,0.1776635,within_safe_vector_latitude,not_run+unchanged,1,
adm1,22272344B26544115797749,Tunapuna-Piarco,TTO,True,"[-61.4285447,10.5655053,-61.1569592,10.809128116864054]","[-61.4285447,10.5655053,-61.1569592,10.809128116864054]",0.0431757,0,0.2715855,within_safe_vector_latitude,not_run+unchanged,1,
adm1,22272344B26975146783294,Sangre Grande,TTO,True,"[-61.2395381,10.4306158,-60.91241957941206,10.841166496000028]","[-61.2395381,10.4306158,-60.91241957941206,10.841166496000028]",0.0583066,0,0.327118521,within_safe_vector_latitude,not_run+unchanged,1,
adm1,22272344B92146631708616,Chaguanas,TTO,True,"[-61.46822859344584,10.5031318,-61.3644917,10.5662804]","[-61.46822859344584,10.5031318,-61.3644917,10.5662804]",0.0407985,0,0.103736893,within_safe_vector_latitude,not_run+unchanged,1,
adm1,13205935B88806172084765,Tunis,TUN,True,"[10.005933,36.6925111,10.354661959000055,36.94313651388166]","[10.005933,36.6925111,10.354661959000055,36.94313651388166]",0.0360391,0,0.348728959,within_safe_vector_latitude,not_run+unchanged,1,
adm1,13205935B75715054307065,Ben Arous,TUN,True,"[10.0429521,36.4470918,10.4177452,36.81005386500004]","[10.0429521,36.4470918,10.4177452,36.81005386500004]",0.0373433,0,0.3747931,within_safe_vector_latitude,not_run+unchanged,1,
adm1,13205935B49538157477352,El Kef,TUN,True,"[8.2534606,35.6159446,9.1707558,36.453426]","[8.2534606,35.6159446,9.1707558,36.453426]",0.0242043,0,0.9172952,within_safe_vector_latitude,not_run+unchanged,1,
adm1,13205935B49970022939178,Sousse,TUN,True,"[10.1584996,35.3966368,10.6842423,36.3917716]","[10.1584996,35.3966368,10.6842423,36.3917716]",0.0231926,0,0.5257427,within_safe_vector_latitude,not_run+unchanged,1,
adm1,13205935B27259873852948,Sfax,TUN,True,"[9.7110985,34.168335,11.3176619,35.2785064]","[9.7110985,34.168335,11.3176619,35.2785064]",0.0593266,0,1.316031284,within_safe_vector_latitude,not_run+unchanged,2,
adm1,13205935B57742642676849,Jendouba,TUN,True,"[8.15367861196007,36.3473439,9.0766234,37.00855058222111]","[8.15367861196007,36.3473439,9.0766234,37.00855058222111]",0.0241835,0,0.922944788,within_safe_vector_latitude,not_run+unchanged,1,
adm1,13205935B9888826763551,Kairouan,TUN,True,"[9.269559,35.0202298,10.307273,36.1383343]","[9.269559,35.0202298,10.307273,36.1383343]",0.0497183,0,1.037714,within_safe_vector_latitude,not_run+unchanged,1,
adm1,13205935B52637504718586,Kasserine,TUN,True,"[8.2460590734303,34.62741,9.3393631,35.7905862]","[8.2460590734303,34.62741,9.3393631,35.7905862]",0.054562,0,1.093304027,within_safe_vector_latitude,not_run+unchanged,1,
adm1,13205935B953488337212,Mahdia,TUN,True,"[10.1605583,35.0889139,11.1582316,35.5954334]","[10.1605583,35.0889139,11.1582316,35.5954334]",0.0403829,0,0.9976733,within_safe_vector_latitude,not_run+unchanged,1,
adm1,13205935B47286197858453,Manouba,TUN,True,"[9.5662599,36.5529739,10.1191711,36.9716614]","[9.5662599,36.5529739,10.1191711,36.9716614]",0.0220196,0,0.5529112,within_safe_vector_latitude,not_run+unchanged,1,
adm1,13205935B988461082754,Sidi Bouzid,TUN,True,"[8.9208807,34.2647359,10.0636092,35.4953114]","[8.9208807,34.2647359,10.0636092,35.4953114]",0.0531412,0,1.1427285,within_safe_vector_latitude,not_run+unchanged,1,
adm1,13205935B11721331776240,Kébili,TUN,True,"[7.742542631337493,32.50267233119611,10.0116637,34.1854278]","[7.742542631337493,32.50267233119611,10.0116637,34.1854278]",0.4967916,0,2.269121069,within_safe_vector_latitude,not_run+unchanged,1,
adm1,13205935B67114336122672,Béja,TUN,True,"[8.884682320061533,36.3354486,9.864133,37.15699302837133]","[8.884682320061533,36.3354486,9.864133,37.15699302837133]",0.0278357,0,0.97945068,within_safe_vector_latitude,not_run+unchanged,1,
adm1,13205935B85172640982228,Tataouine,TUN,True,"[8.357240465438792,30.0515016574001,11.3418515,33.234752]","[8.357240465438792,30.0515016574001,11.3418515,33.234752]",0.4967916,0,2.984611035,within_safe_vector_latitude,not_run+unchanged,4,
adm1,13205935B69181748376292,Gabès,TUN,True,"[9.2473919,33.2698819,10.479710319150714,34.2826249]","[9.2473919,33.2698819,10.479710319150714,34.2826249]",0.0593266,0,1.232318419,within_safe_vector_latitude,not_run+unchanged,1,
adm1,13205935B29646166511918,Bizerte,TUN,True,"[8.8985942,36.7238921,10.280990676640466,37.54168037648597]","[8.8985942,36.7238921,10.280990676640466,37.54168037648597]",0.0220196,0,1.206420577,within_safe_vector_latitude,not_run+unchanged,1,
adm1,13205935B58390004509121,Ariana,TUN,True,"[9.9632889,36.821974,10.2886402,37.1151625]","[9.9632889,36.821974,10.2886402,37.1151625]",0.0201897,0,0.3253513,within_safe_vector_latitude,not_run+unchanged,1,
adm1,13205935B21712567795690,Nabeul,TUN,True,"[10.3323047,36.35276152126345,11.136530439000069,37.138665853525765]","[10.3323047,36.35276152126345,11.136530439000069,37.138665853525765]",0.0231926,0,0.804225739,within_safe_vector_latitude,not_run+unchanged,1,
adm1,13205935B50453639335401,Monastir,TUN,True,"[10.4932046,35.4230213,11.0484635,35.7874538]","[10.4932046,35.4230213,11.0484635,35.7874538]",0.0199963,0,0.5552589,within_safe_vector_latitude,not_run+unchanged,1,
adm1,13205935B74205220895681,Siliana,TUN,True,"[8.9279839,35.4772545,9.7696936,36.465258]","[8.9279839,35.4772545,9.7696936,36.465258]",0.0283806,0,0.8417097,within_safe_vector_latitude,not_run+unchanged,1,
adm1,13205935B3129194497982,Zaghouan,TUN,True,"[9.594528,36.00057,10.3908859,36.662768]","[9.594528,36.00057,10.3908859,36.662768]",0.0497183,0,0.7963579,within_safe_vector_latitude,not_run+unchanged,1,
adm1,13205935B54080015312342,Gafsa,TUN,True,"[8.041679,34.05264,9.56073,34.8102274]","[8.041679,34.05264,9.56073,34.8102274]",0.059806,0,1.519051,within_safe_vector_latitude,not_run+unchanged,1,
adm1,13205935B11392830158982,Médenine,TUN,True,"[9.7096404,32.26331609413871,11.599217,33.9009803]","[9.7096404,32.26331609413871,11.599217,33.9009803]",0.057826,0,1.8895766,within_safe_vector_latitude,not_run+unchanged,2,
adm1,13205935B95771050896452,Tozeur,TUN,True,"[7.522311,33.42620615714598,8.64814,34.5323541]","[7.522311,33.42620615714598,8.64814,34.5323541]",0.0796276,0,1.125829,within_safe_vector_latitude,not_run+unchanged,1,
adm1,27578892B85944744725550,Balkan,TKM,True,"[52.44984823510761,37.34394882579615,57.243632210000044,42.27349155100006]","[52.44984823510761,37.34394882579615,57.243632210000044,42.27349155100006]",0.767522366,0,4.793783975,within_safe_vector_latitude,not_run+unchanged,4,
adm1,27578892B63269087941453,Ahai,TKM,True,"[56.59775754700007,35.4355686315666,61.68606646100005,40.12694740500007]","[56.59775754700007,35.4355686315666,61.68606646100005,40.12694740500007]",1.518939971,0,5.088308914,within_safe_vector_latitude,not_run+unchanged,1,
adm1,27578892B88292714467572,Dasoguz,TKM,True,"[56.52599369500007,39.42648195800007,60.94698018511155,42.723722587830174]","[56.52599369500007,39.42648195800007,60.94698018511155,42.723722587830174]",1.518939971,0,4.42098649,within_safe_vector_latitude,not_run+unchanged,2,
adm1,27578892B29988598794089,Lebap,TKM,True,"[60.18722592300003,36.85664923100006,66.707353,41.297601]","[60.18722592300003,36.85664923100006,66.707353,41.297601]",1.189047282,0,6.520127077,within_safe_vector_latitude,not_run+unchanged,2,
adm1,27578892B74829978216420,Mary,TKM,True,"[60.398457876000066,35.129093,64.74949317600004,39.480071474000056]","[60.398457876000066,35.129093,64.74949317600004,39.480071474000056]",1.189047282,0,4.3510353,within_safe_vector_latitude,not_run+unchanged,1,
adm1,19237168B82261817076051,Príncipe Province,STP,True,"[7.328714050813567,1.527708651000069,7.4613332,1.693054755020915]","[7.328714050813567,1.527708651000069,7.4613332,1.693054755020915]",0.0113959,0,0.132619149,within_safe_vector_latitude,not_run+unchanged,1,
adm1,19237168B40253326356618,São Tomé Province,STP,True,"[6.46135607936907,0.021754754744702,6.759908145263076,0.412938565000047]","[6.46135607936907,0.021754754744702,6.759908145263076,0.412938565000047]",0.0130511,0,0.298552066,within_safe_vector_latitude,not_run+unchanged,1,
adm1,25081817B34473806557189,Eastern Region,SAU,True,"[44.9794254,17.116757184260948,55.6666985,29.10293051251284]","[44.9794254,17.116757184260948,55.6666985,29.10293051251284]",0.7199291,0,10.6872731,within_safe_vector_latitude,not_run+unchanged,4,
adm1,25081817B54479367627811,Najran Region,SAU,True,"[43.61781141121417,16.95,47.7450104,19.5311317]","[43.61781141121417,16.95,47.7450104,19.5311317]",0.3380585,0,4.127198989,within_safe_vector_latitude,not_run+unchanged,2,
adm1,25081817B61333239611232,Northern Borders Region,SAU,True,"[37.8892264,27.5252248,46.0511502,32.231850287354845]","[37.8892264,27.5252248,46.0511502,32.231850287354845]",1.188165926,0,8.1619238,within_safe_vector_latitude,not_run+unchanged,4,
adm1,25081817B30843703179747,Hayel Region,SAU,True,"[39.3649437,25.2909779,43.9276159,28.8926505]","[39.3649437,25.2909779,43.9276159,28.8926505]",0.0763923,0,4.5626722,within_safe_vector_latitude,not_run+unchanged,1,
adm1,25081817B56088895138556,Riyadh Region,SAU,True,"[41.9736099,19.2536087,48.3099976,27.6727361]","[41.9736099,19.2536087,48.3099976,27.6727361]",0.3380585,0,6.3363877,within_safe_vector_latitude,not_run+unchanged,4,
adm1,25081817B79414847265706,'Asir Region,SAU,True,"[41.3824997,17.426106047560697,44.5219421,20.9761086]","[41.3824997,17.426106047560697,44.5219421,20.9761086]",0.0777741,0,3.1394424,within_safe_vector_latitude,not_run+unchanged,1,
adm1,25081817B13159281784364,Makkah Region,SAU,True,"[38.66584149289538,18.0952104,43.6674957,23.9719429]","[38.66584149289538,18.0952104,43.6674957,23.9719429]",0.1094436,0,5.001654207,within_safe_vector_latitude,not_run+unchanged,2,
adm1,25081817B21311317754967,Tabuk Region,SAU,True,"[34.571820317332694,24.5348943,40.0132269,29.9998026]","[34.571820317332694,24.5348943,40.0132269,29.9998026]",0.175327172,0,5.441406583,within_safe_vector_latitude,not_run+unchanged,1,
adm1,25081817B5326875801694,Al Madinah Region,SAU,True,"[36.7384237,22.4891663,42.1390679,27.526557]","[36.7384237,22.4891663,42.1390679,27.526557]",0.1016693,0,5.4006442,within_safe_vector_latitude,not_run+unchanged,1,
adm1,25081817B98761102949945,Al-Qassim Region,SAU,True,"[41.2374159,24.4423822,44.9024739,28.1094979]","[41.2374159,24.4423822,44.9024739,28.1094979]",0.1288861,0,3.665058,within_safe_vector_latitude,not_run+unchanged,1,
adm1,25081817B90917209203250,Al Bahah Region,SAU,True,"[40.7930527,19.3622208,42.0413818,20.7661095]","[40.7930527,19.3622208,42.0413818,20.7661095]",0.0672226,0,1.2483291,within_safe_vector_latitude,not_run+unchanged,1,
adm1,25081817B72054791986965,Jazan Region,SAU,True,"[41.585602,16.379572151737715,43.3365,18.3280525]","[41.585602,16.379572151737715,43.3365,18.3280525]",0.082153728,0,1.750898,within_safe_vector_latitude,not_run+unchanged,1,
adm1,25081817B5742042673291,Al Jawf Region,SAU,True,"[37.000897,28.5447658,41.978627,31.755351087835653]","[37.000897,28.5447658,41.978627,31.755351087835653]",0.329412801,0,4.97773,within_safe_vector_latitude,not_run+unchanged,1,
adm1,71046170B16569890219484,Dakar,SEN,True,"[-17.526906216649166,14.587992740271329,-17.12619233299995,14.885858970520742]","[-17.526906216649166,14.587992740271329,-17.12619233299995,14.885858970520742]",0.056345636,0,0.400713884,within_safe_vector_latitude,not_run+unchanged,1,
adm1,71046170B89912390768536,Diourbel,SEN,True,"[-16.68708862699998,14.514397491000068,-15.436370196999974,15.02707435900004]","[-16.68708862699998,14.514397491000068,-15.436370196999974,15.02707435900004]",0.087352647,0,1.25071843,within_safe_vector_latitude,not_run+unchanged,1,
adm1,71046170B84527172065489,Fatick,SEN,True,"[-16.793083640999953,13.593316087000062,-15.46221817099996,14.752393227000027]","[-16.793083640999953,13.593316087000062,-15.46221817099996,14.752393227000027]",0.188816988,0,1.33086547,within_safe_vector_latitude,not_run+unchanged,1,
adm1,71046170B9856693808493,Kaffrine,SEN,True,"[-15.86290160699997,13.743161160000056,-14.582597482999972,14.723187989000053]","[-15.86290160699997,13.743161160000056,-14.582597482999972,14.723187989000053]",0.188816988,0,1.280304124,within_safe_vector_latitude,not_run+unchanged,1,
adm1,71046170B19471834738959,Kaolack,SEN,True,"[-16.38114229599995,13.591744319000043,-15.41442792099997,14.49812461700003]","[-16.38114229599995,13.591744319000043,-15.41442792099997,14.49812461700003]",0.15149428,0,0.966714375,within_safe_vector_latitude,not_run+unchanged,1,
adm1,71046170B66864032803639,Kolda,SEN,True,"[-15.532202084562664,12.49379272159039,-13.451057853999941,13.597270973176096]","[-15.532202084562664,12.49379272159039,-13.451057853999941,13.597270973176096]",0.386376,0,2.081144231,within_safe_vector_latitude,not_run+unchanged,1,
adm1,71046170B63374102885919,Louga,SEN,True,"[-16.81005442299994,14.612530461000063,-14.496412385999975,16.18625215900005]","[-16.81005442299994,14.612530461000063,-14.496412385999975,16.18625215900005]",0.243619953,0,2.313642037,within_safe_vector_latitude,not_run+unchanged,1,
adm1,71046170B85295751834134,Matam,SEN,True,"[-14.84929819499996,14.406433287000027,-12.587049595999929,16.147983888000056]","[-14.84929819499996,14.406433287000027,-12.587049595999929,16.147983888000056]",0.207724781,0,2.262248599,within_safe_vector_latitude,not_run+unchanged,1,
adm1,71046170B37999982332216,Saint Louis,SEN,True,"[-16.525611237999954,15.493816940000045,-13.703065637999941,16.692403926363056]","[-16.525611237999954,15.493816940000045,-13.703065637999941,16.692403926363056]",0.243619953,0,2.8225456,within_safe_vector_latitude,not_run+unchanged,1,
adm1,71046170B19178449543377,Sedhiou,SEN,True,"[-16.021834596999952,12.426091,-15.112715236999975,13.393783807000034]","[-16.021834596999952,12.426091,-15.112715236999975,13.393783807000034]",0.118969633,0,0.90911936,within_safe_vector_latitude,not_run+unchanged,1,
adm1,71046170B85662395344337,Tambacounda,SEN,True,"[-14.833594952999931,12.627008584000066,-11.864178208999931,15.11056194200006]","[-14.833594952999931,12.627008584000066,-11.864178208999931,15.11056194200006]",0.207724781,0,2.969416744,within_safe_vector_latitude,not_run+unchanged,1,
adm1,71046170B89315153043645,Thies,SEN,True,"[-17.176505266071096,14.056721928734108,-16.176272234999942,15.36019052100005]","[-17.176505266071096,14.056721928734108,-16.176272234999942,15.36019052100005]",0.093763455,0,1.000233031,within_safe_vector_latitude,not_run+unchanged,1,
adm1,71046170B26251724010642,Ziguinchor,SEN,True,"[-16.79156710899997,12.34022551268289,-15.889113066999982,13.16896612000005]","[-16.79156710899997,12.34022551268289,-15.889113066999982,13.16896612000005]",0.064303993,0,0.902454042,within_safe_vector_latitude,not_run+unchanged,1,
adm1,71046170B5066698136661,Kedougou,SEN,True,"[-13.233744016999935,12.30731,-11.345768370999963,13.461013098000024]","[-13.233744016999935,12.30731,-11.345768370999963,13.461013098000024]",0.115889999,0,1.887975646,within_safe_vector_latitude,not_run+unchanged,1,
adm1,25762395B46801803338249,Region of Bratislava,SVK,True,"[16.83342340200005,48.00668135320132,17.528138,48.654032]","[16.83342340200005,48.00668135320132,17.528138,48.654032]",0.0193128,0,0.694714598,within_safe_vector_latitude,not_run+unchanged,1,
adm1,25762395B43018944697777,Region of Trnava,SVK,True,"[16.933881566516312,47.758985,17.985436,48.877901]","[16.933881566516312,47.758985,17.985436,48.877901]",0.064582779,0,1.051554433,within_safe_vector_latitude,not_run+unchanged,1,
adm1,25762395B87770954339991,Region of Trenčín,SVK,True,"[17.3530357,48.487263,18.826868,49.319705]","[17.3530357,48.487263,18.826868,49.319705]",0.018933475,0,1.4738323,within_safe_vector_latitude,not_run+unchanged,2,
adm1,25762395B46915118171536,Region of Nitra,SVK,True,"[17.705419,47.724963447902155,19.070556,48.714406]","[17.705419,47.724963447902155,19.070556,48.714406]",0.159024802,0,1.365137,within_safe_vector_latitude,not_run+unchanged,1,
adm1,25762395B19733540227871,Region of Žilina,SVK,True,"[18.322998001222107,48.742284,20.060438,49.6138162]","[18.322998001222107,48.742284,20.060438,49.6138162]",0.017023,0,1.737439999,within_safe_vector_latitude,not_run+unchanged,2,
adm1,25762395B36213439185612,Region of Banská Bystrica,SVK,True,"[18.478673,48.053667461214125,20.4699481,48.947248]","[18.478673,48.053667461214125,20.4699481,48.947248]",0.072760609,0,1.9912751,within_safe_vector_latitude,not_run+unchanged,2,
adm1,25762395B99480342603175,Region of Prešov,SVK,True,"[19.88414120284113,48.76256,22.56557,49.4609398]","[19.88414120284113,48.76256,22.56557,49.4609398]",0.03358,0,2.681428797,within_safe_vector_latitude,not_run+unchanged,4,
adm1,25762395B28279050649796,Region of Košice,SVK,True,"[20.181222,48.33264,22.387019,49.019884]","[20.181222,48.33264,22.387019,49.019884]",0.129931411,0,2.205797,within_safe_vector_latitude,not_run+unchanged,2,
adm1,3739544B32704473481330,Vzhodna,SVN,True,"[14.118200000030015,45.47163999978619,16.600369429312316,46.90523659260118]","[14.118200000030015,45.47163999978619,16.600369429312316,46.90523659260118]",0.64918,0,2.482169429,within_safe_vector_latitude,not_run+unchanged,1,
adm1,3739544B2739881953900,Zahodna Slovenija,SVN,True,"[13.651310883851966,45.45406125199874,14.767379999587376,46.522699999805184]","[13.651310883851966,45.45406125199874,14.767379999587376,46.522699999805184]",0.64918,0,1.116069116,within_safe_vector_latitude,not_run+unchanged,1,
adm1,17018030B84591335552725,Rennell and Bellona,SLB,True,"[159.96338951911105,-11.844226169695082,160.56125867064176,-11.461114190967066]","[159.96338951911105,-11.844226169695082,160.56125867064176,-11.461114190967066]",0.081389127,0,0.597869152,within_safe_vector_latitude,not_run+unchanged,1,
adm1,17018030B43755880178831,Makira,SLB,True,"[161.28077233157785,-10.835544529256595,162.37484785204686,-10.204034113383557]","[161.28077233157785,-10.835544529256595,162.37484785204686,-10.204034113383557]",0.177246094,0,1.09407552,within_safe_vector_latitude,not_run+unchanged,1,
adm1,17018030B19935783635883,Temotu,SLB,True,"[165.7564743406184,-11.712657792959615,166.9773486668693,-10.66208362599997]","[165.7564743406184,-11.712657792959615,166.9773486668693,-10.66208362599997]",0.086729516,0,0.333140527,within_safe_vector_latitude,not_run+unchanged,2,
adm1,17018030B28135645457785,Malaita,SLB,True,"[160.59351647190772,-9.742043306042998,161.56127929700006,-8.317137276177968]","[160.59351647190772,-9.742043306042998,161.56127929700006,-8.317137276177968]",0.103597006,0,0.783109778,within_safe_vector_latitude,not_run+unchanged,1,
adm1,17018030B49873759306190,Capital Territory (Honiara),SLB,True,"[159.9397078794152,-9.461159073832164,160.02800540522537,-9.422133070984387]","[159.9397078794152,-9.461159073832164,160.02800540522537,-9.422133070984387]",0.045858875,0,0.088297526,within_safe_vector_latitude,not_run+unchanged,1,
adm1,17018030B21058058503942,Guadalcanal,SLB,True,"[159.59913170676293,-9.933475292521983,160.82455297202816,-9.249606599568443]","[159.59913170676293,-9.933475292521983,160.82455297202816,-9.249606599568443]",0.125815933,0,1.225421265,within_safe_vector_latitude,not_run+unchanged,1,
adm1,17018030B21762340724861,Central,SLB,True,"[159.0393172543878,-9.184965918475147,160.36544121110123,-9.002024678460364]","[159.0393172543878,-9.184965918475147,160.36544121110123,-9.002024678460364]",0.094528795,0,0.202885506,within_safe_vector_latitude,not_run+unchanged,1,
adm1,17018030B8659224027401,Western,SLB,True,"[155.67448977967967,-8.79583098790971,158.12953186100003,-6.972916602999931]","[155.67448977967967,-8.79583098790971,158.12953186100003,-6.972916602999931]",0.112277526,0,0.676738996,within_safe_vector_latitude,not_run+unchanged,2,
adm1,17018030B36628097040544,Isabel,SLB,True,"[158.3621525399078,-8.54091673892285,159.85938561255603,-7.533347696027255]","[158.3621525399078,-8.54091673892285,159.85938561255603,-7.533347696027255]",0.166097006,0,1.407287475,within_safe_vector_latitude,not_run+unchanged,1,
adm1,17018030B68013150931387,Choiseul,SLB,True,"[156.44662519639576,-7.414239191185686,157.52979576885969,-6.602959893883963]","[156.44662519639576,-7.414239191185686,157.52979576885969,-6.602959893883963]",0.135091146,0,1.083170572,within_safe_vector_latitude,not_run+unchanged,2,
adm1,83879307B66756469447496,Hiiraan,SOM,True,"[44.5895692,3.2,46.4000015,5.445551125231709]","[44.5895692,3.2,46.4000015,5.445551125231709]",0.6439781,0,1.8104323,within_safe_vector_latitude,not_run+unchanged,2,
adm1,83879307B13610404434600,Sanaag,SOM,True,"[46.0099983,9.4200001,49.0600014,11.3252929]","[46.0099983,9.4200001,49.0600014,11.3252929]",0.5691223,0,3.0500031,within_safe_vector_latitude,not_run+unchanged,2,
adm1,83879307B32896531038690,Banadir,SOM,True,"[45.2692641,1.9921105,45.604037,2.1830944]","[45.2692641,1.9921105,45.604037,2.1830944]",0.1266098,0,0.3347729,within_safe_vector_latitude,not_run+unchanged,1,
adm1,83879307B67680758004346,Togdheer,SOM,True,"[44.6899986,8.001157108990554,47.0999985,10.1700001]","[44.6899986,8.001157108990554,47.0999985,10.1700001]",0.800003,0,2.4099999,within_safe_vector_latitude,not_run+unchanged,2,
adm1,83879307B58207540839705,Bakool,SOM,True,"[42.8841549,3.25,44.7999992,4.9504394]","[42.8841549,3.25,44.7999992,4.9504394]",0.2900009,0,1.9158443,within_safe_vector_latitude,not_run+unchanged,1,
adm1,83879307B34714219035659,Gedo,SOM,True,"[40.994374,1.230861068960165,43.1399994,4.3069829]","[40.994374,1.230861068960165,43.1399994,4.3069829]",0.7600021,0,2.1456254,within_safe_vector_latitude,not_run+unchanged,1,
adm1,83879307B5242146898757,Middle Shebelle,SOM,True,"[45.0699997,2.1500001,47.035660712434996,3.8900001]","[45.0699997,2.1500001,47.035660712434996,3.8900001]",0.645661312,0,1.965661012,within_safe_vector_latitude,not_run+unchanged,1,
adm1,83879307B42572798770371,Woqooyi Galbeed,SOM,True,"[43.2838706,8.774660915256547,46.030394504770605,10.867345561572943]","[43.2838706,8.774660915256547,46.030394504770605,10.867345561572943]",0.800003,0,2.746523905,within_safe_vector_latitude,not_run+unchanged,2,
adm1,83879307B65026001570916,Sool,SOM,True,"[46.0484314,8.001297342404104,49.0800591,10.0494404]","[46.0484314,8.001297342404104,49.0800591,10.0494404]",0.7299996,0,3.0316277,within_safe_vector_latitude,not_run+unchanged,1,
adm1,83879307B66585548815331,Nugaal,SOM,True,"[47.56092816699892,7.402434138070465,50.1756179587497,9.1395245]","[47.56092816699892,7.402434138070465,50.1756179587497,9.1395245]",0.93433,0,2.614689792,within_safe_vector_latitude,not_run+unchanged,1,
adm1,83879307B26517451678825,Mudug,SOM,True,"[46.52493365095257,4.3348667,49.64578311267193,7.71]","[46.52493365095257,4.3348667,49.64578311267193,7.71]",1.0596276,0,3.120849462,within_safe_vector_latitude,not_run+unchanged,1,
adm1,83879307B33420401553888,Middle Juba,SOM,True,"[41.4199982,0.31,43.5183046,1.95]","[41.4199982,0.31,43.5183046,1.95]",0.7600021,0,2.0983064,within_safe_vector_latitude,not_run+unchanged,1,
adm1,83879307B35519599536274,Lower Shebelle,SOM,True,"[42.9799995,0.6759801,45.3899994,3.27]","[42.9799995,0.6759801,45.3899994,3.27]",0.5562935,0,2.4099999,within_safe_vector_latitude,not_run+unchanged,2,
adm1,83879307B35818532110087,Lower Juba,SOM,True,"[40.990371704390725,-1.661772555768758,43.1888994,3.085014056340302]","[40.990371704390725,-1.661772555768758,43.1888994,3.085014056340302]",0.7180214,0,2.198527696,within_safe_vector_latitude,not_run+unchanged,2,
adm1,83879307B20044253365087,Galgaduud,SOM,True,"[45.47395028935958,3.471682365278597,47.8265911,6.527957324317298]","[45.47395028935958,3.471682365278597,47.8265911,6.527957324317298]",1.0596276,0,2.352640811,within_safe_vector_latitude,not_run+unchanged,1,
adm1,83879307B67196763494499,Bay,SOM,True,"[42.4000015,1.46,44.6899986,3.9200001]","[42.4000015,1.46,44.6899986,3.9200001]",0.5562935,0,2.2899971,within_safe_vector_latitude,not_run+unchanged,1,
adm1,83879307B19000204873860,Bari,SOM,True,"[48.917456541154024,8.327620591789568,51.414925255055344,11.98838012291605]","[48.917456541154024,8.327620591789568,51.414925255055344,11.98838012291605]",0.2299995,0,2.497468714,within_safe_vector_latitude,not_run+unchanged,2,
adm1,83879307B11376444747055,Awdal,SOM,True,"[42.708703,9.6844057,44.23574373156846,11.4650497]","[42.708703,9.6844057,44.23574373156846,11.4650497]",0.2607848,0,1.527040732,within_safe_vector_latitude,not_run+unchanged,2,
adm1,76434192B98113213215773,Eastern Cape,ZAF,True,"[22.735740001000067,-34.21364999899998,30.19468378216905,-30.00179996999998]","[22.735740001000067,-34.21364999899998,30.19468378216905,-30.00179996999998]",0.077299998,0,7.458943781,within_safe_vector_latitude,not_run+unchanged,2,
adm1,76434192B57942368908249,Free State,ZAF,True,"[24.34662,-30.694080001999964,29.78512995400007,-26.66879000299997]","[24.34662,-30.694080001999964,29.78512995400007,-26.66879000299997]",0.053030065,0,5.438509954,within_safe_vector_latitude,not_run+unchanged,1,
adm1,76434192B69392740373411,Gauteng,ZAF,True,"[27.15634,-26.923829997999974,29.098420003000058,-25.10961200099996]","[27.15634,-26.923829997999974,29.098420003000058,-25.10961200099996]",0.058650003,0,1.942080003,within_safe_vector_latitude,not_run+unchanged,1,
adm1,76434192B26311534340602,KwaZulu-Natal,ZAF,True,"[28.873603809331303,-31.07986238510879,32.89112957900005,-26.804419936999977]","[28.873603809331303,-31.07986238510879,32.89112957900005,-26.804419936999977]",0.072817,0,4.01752577,within_safe_vector_latitude,not_run+unchanged,1,
adm1,76434192B37104984973577,Limpopo,ZAF,True,"[26.407649999000057,-25.42279002199996,31.883834663000073,-22.125424]","[26.407649999000057,-25.42279002199996,31.883834663000073,-22.125424]",0.111539998,0,5.476184664,within_safe_vector_latitude,not_run+unchanged,1,
adm1,76434192B92524600968894,Mpumalanga,ZAF,True,"[28.243464999000025,-27.506020001999957,32.10403294181493,-23.981240001999936]","[28.243464999000025,-27.506020001999957,32.10403294181493,-23.981240001999936]",0.1027365,0,3.860567943,within_safe_vector_latitude,not_run+unchanged,1,
adm1,76434192B85643022077130,North West,ZAF,True,"[22.629030003000025,-28.11314,28.29834999800005,-24.636679232008728]","[22.629030003000025,-28.11314,28.29834999800005,-24.636679232008728]",0.090196,0,5.669319995,within_safe_vector_latitude,not_run+unchanged,1,
adm1,76434192B51294388644125,Nothern Cape,ZAF,True,"[16.454558374480744,-32.944994994999945,25.549330001000044,-22.000671488698174]","[16.454558374480744,-32.944994994999945,25.549330001000044,-22.000671488698174]",0.203977263,0,9.094771627,within_safe_vector_latitude,not_run+unchanged,4,
adm1,76434192B56312278962278,Western Cape,ZAF,True,"[17.75908589236239,-34.8332135755743,24.22241,-30.43025999799994]","[17.75908589236239,-34.8332135755743,24.22241,-30.43025999799994]",0.083749992,0,6.463324108,within_safe_vector_latitude,not_run+unchanged,4,
adm1,48771326B2646389376646,Lakes,SSD,True,"[28.462971108000033,5.675484415000028,31.69731703700006,7.832605446000059]","[28.462971108000033,5.675484415000028,31.69731703700006,7.832605446000059]",0.675603155,0,3.234345929,within_safe_vector_latitude,not_run+unchanged,1,
adm1,48771326B10235544430886,Central Equatoria,SSD,True,"[29.79797266500003,3.491532816322476,32.17315422900003,6.251062284000056]","[29.79797266500003,3.491532816322476,32.17315422900003,6.251062284000056]",0.675603155,0,2.375181564,within_safe_vector_latitude,not_run+unchanged,1,
adm1,48771326B42994405084241,Eastern Equatoria,SSD,True,"[31.724287653000033,3.505563997000024,35.94868586155892,6.00727940949804]","[31.724287653000033,3.505563997000024,35.94868586155892,6.00727940949804]",0.864708024,0,4.224398209,within_safe_vector_latitude,not_run+unchanged,2,
adm1,48771326B2876692069974,Upper Nile,SSD,True,"[30.75600914200004,7.98798077400005,34.145517,12.236389]","[30.75600914200004,7.98798077400005,34.145517,12.236389]",0.28818325,0,3.389507858,within_safe_vector_latitude,not_run+unchanged,4,
adm1,48771326B76913720880161,Western Bahr el Ghazal,SSD,True,"[24.153334900710576,6.649802008000052,28.536155876000066,10.439864967000062]","[24.153334900710576,6.649802008000052,28.536155876000066,10.439864967000062]",0.848756838,0,4.382820975,within_safe_vector_latitude,not_run+unchanged,1,
adm1,48771326B37591972128550,Unity,SSD,True,"[28.694722873000046,7.067214749000073,30.846070439000073,10.288802217000068]","[28.694722873000046,7.067214749000073,30.846070439000073,10.288802217000068]",0.459123914,0,2.151347566,within_safe_vector_latitude,not_run+unchanged,1,
adm1,48771326B49579010016854,Northern Bahr el Ghazal,SSD,True,"[26.13630537100005,7.89237300700006,28.03605996300007,9.895780794000075]","[26.13630537100005,7.89237300700006,28.03605996300007,9.895780794000075]",0.515342738,0,1.899754592,within_safe_vector_latitude,not_run+unchanged,1,
adm1,48771326B48659004133869,Jonglei,SSD,True,"[30.20985085800004,5.720879300000036,35.02113878604133,9.517379789000074]","[30.20985085800004,5.720879300000036,35.02113878604133,9.517379789000074]",0.864708024,0,4.811287928,within_safe_vector_latitude,not_run+unchanged,2,
adm1,48771326B90797869503386,Western Equatoria,SSD,True,"[26.29176141800008,4.280693396265753,31.018461226000056,6.797650855000029]","[26.29176141800008,4.280693396265753,31.018461226000056,6.797650855000029]",0.848756838,0,4.726699808,within_safe_vector_latitude,not_run+unchanged,1,
adm1,48771326B11845073429118,Warrap,SSD,True,"[27.862246139000035,6.388121091000073,29.697964065000065,9.352104188000055]","[27.862246139000035,6.388121091000073,29.697964065000065,9.352104188000055]",0.402516223,0,1.835717926,within_safe_vector_latitude,not_run+unchanged,1,
adm1,25490228B84620027724461,Canarias,ESP,True,"[-18.16045761099997,27.63773394,-13.419910430999948,29.41601134]","[-18.16045761099997,27.63773394,-13.419910430999948,29.41601134]",0.012619972,0,0.803464889,within_safe_vector_latitude,not_run+unchanged,1,
adm1,25490228B18225280299410,Ciudad Autónoma de Melilla,ESP,True,"[-4.301143178056587,35.170798285000046,-2.923194407999972,35.32010722800004]","[-4.301143178056587,35.170798285000046,-2.923194407999972,35.32010722800004]",0.011661874,0,0.047040549,within_safe_vector_latitude,not_run+unchanged,1,
adm1,25490228B48808997991554,Ciudad Autónoma de Ceuta,ESP,True,"[-5.38206067,35.87094852481192,-5.278343502860852,35.91755024]","[-5.38206067,35.87094852481192,-5.278343502860852,35.91755024]",0.00573737,0,0.103717167,within_safe_vector_latitude,not_run+unchanged,1,
adm1,25490228B81978515469630,La Rioja,ESP,True,"[-3.13427139,41.91903395,-1.67871464,42.6442647]","[-3.13427139,41.91903395,-1.67871464,42.6442647]",0.02525902,0,1.45555675,within_safe_vector_latitude,not_run+unchanged,1,
adm1,25490228B56567998760255,País Vasco/Euskadi,ESP,True,"[-3.4501471,42.47236957,-1.72936888,43.45695499]","[-3.4501471,42.47236957,-1.72936888,43.45695499]",0.02869462,0,1.72077822,within_safe_vector_latitude,not_run+unchanged,1,
adm1,25490228B33348776534112,Comunidad Foral de Navarra,ESP,True,"[-2.5000827,41.90989372,-0.72448507,43.31419815302958]","[-2.5000827,41.90989372,-0.72448507,43.31419815302958]",0.038524999,0,1.77559763,within_safe_vector_latitude,not_run+unchanged,1,
adm1,25490228B27950689864224,Región de Murcia,ESP,True,"[-2.34441142,37.37375254,-0.6885847,38.75508518]","[-2.34441142,37.37375254,-0.6885847,38.75508518]",0.04276094,0,1.65582672,within_safe_vector_latitude,not_run+unchanged,1,
adm1,25490228B43154843394848,Comunidad de Madrid,ESP,True,"[-4.57907617,39.88471933,-3.05298331,41.16584476]","[-4.57907617,39.88471933,-3.05298331,41.16584476]",0.01744434,0,1.52609286,within_safe_vector_latitude,not_run+unchanged,2,
adm1,25490228B94236519555378,Galicia,ESP,True,"[-9.301328656183282,41.80848123415092,-6.73395327,43.79056105]","[-9.301328656183282,41.80848123415092,-6.73395327,43.79056105]",0.02301973,0,2.567375386,within_safe_vector_latitude,not_run+unchanged,1,
adm1,25490228B86140490400531,Extremadura,ESP,True,"[-7.54484121462616,37.94102603,-4.64757739,40.48661101]","[-7.54484121462616,37.94102603,-4.64757739,40.48661101]",0.03663344,0,2.897263825,within_safe_vector_latitude,not_run+unchanged,1,
adm1,25490228B14384488423733,Comunitat Valenciana,ESP,True,"[-1.52886672,37.84377891,0.51470099,40.7886312]","[-1.52886672,37.84377891,0.51470099,40.7886312]",0.0398136,0,2.04356771,within_safe_vector_latitude,not_run+unchanged,2,
adm1,25490228B80227492032103,Cataluña/Catalunya,ESP,True,"[0.15918115,40.52304288,3.320416689000069,42.86141886857874]","[0.15918115,40.52304288,3.320416689000069,42.86141886857874]",0.04242166,0,3.161235539,within_safe_vector_latitude,not_run+unchanged,2,
adm1,25490228B94630301010512,Castilla-La Mancha,ESP,True,"[-5.40618369,38.02248889,-0.91579325,41.32763221]","[-5.40618369,38.02248889,-0.91579325,41.32763221]",0.04761581,0,4.49039044,within_safe_vector_latitude,not_run+unchanged,2,
adm1,25490228B8471183517505,Castilla y León,ESP,True,"[-7.07648637,40.08245041,-1.7753716,43.2381882]","[-7.07648637,40.08245041,-1.7753716,43.2381882]",0.05442124,0,5.30111477,within_safe_vector_latitude,not_run+unchanged,2,
adm1,25490228B37069901476290,Cantabria,ESP,True,"[-4.8516585,42.75804985,-3.14963474,43.51365603]","[-4.8516585,42.75804985,-3.14963474,43.51365603]",0.0203187,0,1.70202376,within_safe_vector_latitude,not_run+unchanged,1,
adm1,25490228B26609846683583,Illes Balears,ESP,True,"[1.213724929455467,38.83107815,4.32773866,40.08953873]","[1.213724929455467,38.83107815,4.32773866,40.08953873]",0.01268969,0,1.132135188,within_safe_vector_latitude,not_run+unchanged,1,
adm1,25490228B24314700704920,Principado de Asturias,ESP,True,"[-7.18239553,42.8825428,-4.51059445,43.65877914400005]","[-7.18239553,42.8825428,-4.51059445,43.65877914400005]",0.02052011,0,2.67180108,within_safe_vector_latitude,not_run+unchanged,1,
adm1,25490228B61325010384209,Aragón,ESP,True,"[-2.17367127,39.84677816,0.77130667,42.92449522]","[-2.17367127,39.84677816,0.77130667,42.92449522]",0.05442124,0,2.94497794,within_safe_vector_latitude,not_run+unchanged,4,
adm1,25490228B88831207743232,Andalucía,ESP,True,"[-7.52286721,36.00039325454983,-1.63012374,38.72908738]","[-7.52286721,36.00039325454983,-1.63012374,38.72908738]",0.04761581,0,5.89274347,within_safe_vector_latitude,not_run+unchanged,1,
adm1,99731895B93054189817547,Northern Province,LKA,True,"[79.65203094400005,8.522188,80.96186875584561,9.832083703000023]","[79.65203094400005,8.522188,80.96186875584561,9.832083703000023]",0.047958,0,1.055551903,within_safe_vector_latitude,not_run+unchanged,1,
adm1,99731895B51072878877669,Eastern Province,LKA,True,"[80.7530425,6.5107297,81.8787778,8.99208280768036]","[80.7530425,6.5107297,81.8787778,8.99208280768036]",0.03416,0,1.1257353,within_safe_vector_latitude,not_run+unchanged,1,
adm1,99731895B28050807675820,Central Province,LKA,True,"[80.422148,6.751222,81.015984,8.012348]","[80.422148,6.751222,81.015984,8.012348]",0.02959,0,0.593836,within_safe_vector_latitude,not_run+unchanged,1,
adm1,99731895B66209916164902,North Central Province,LKA,True,"[79.9527926,7.646962,81.3401421,8.9202176]","[79.9527926,7.646962,81.3401421,8.9202176]",0.047958,0,1.3873495,within_safe_vector_latitude,not_run+unchanged,1,
adm1,99731895B5260290378804,North Western Province,LKA,True,"[79.69538879400005,7.2582185,80.5778219,8.567109254263839]","[79.69538879400005,7.2582185,80.5778219,8.567109254263839]",0.0353642,0,0.882433106,within_safe_vector_latitude,not_run+unchanged,1,
adm1,99731895B16804022686405,Sabaragamuwa Province,LKA,True,"[80.1458365,6.228175,80.9524138,7.3965295]","[80.1458365,6.228175,80.9524138,7.3965295]",0.0353642,0,0.8065773,within_safe_vector_latitude,not_run+unchanged,1,
adm1,99731895B60977758614393,Southern Province,LKA,True,"[79.98889515389294,5.9190577,81.7078823,6.5800406]","[79.98889515389294,5.9190577,81.7078823,6.5800406]",0.0355203,0,1.718987146,within_safe_vector_latitude,not_run+unchanged,1,
adm1,99731895B77537271836321,Uva Province,LKA,True,"[80.7759424,6.296472,81.637151,7.624962]","[80.7759424,6.296472,81.637151,7.624962]",0.03416,0,0.8612086,within_safe_vector_latitude,not_run+unchanged,1,
adm1,99731895B46623695729728,Western Province,LKA,True,"[79.8168996,6.3260727,80.3812714,7.3305292]","[79.8168996,6.3260727,80.3812714,7.3305292]",0.0205511,0,0.5643718,within_safe_vector_latitude,not_run+unchanged,1,
adm1,52472329B57902249562742,Christ Church Nichola Town,KNA,True,"[-62.7948275,17.3343148,-62.74205398599997,17.388334070588737]","[-62.7948275,17.3343148,-62.74205398599997,17.388334070588737]",0.0101246,0,0.052773514,within_safe_vector_latitude,not_run+unchanged,1,
adm1,52472329B96254136738283,Saint Anne Sandy Point,KNA,True,"[-62.8641552,17.3461598,-62.8106681,17.3906279]","[-62.8641552,17.3461598,-62.8106681,17.3906279]",0.0203239,0,0.0534871,within_safe_vector_latitude,not_run+unchanged,1,
adm1,52472329B55778484611891,Saint George Basseterre,KNA,True,"[-62.7551216,17.2128465,-62.62452697799995,17.3256348]","[-62.7551216,17.2128465,-62.62452697799995,17.3256348]",0.010863,0,0.130594622,within_safe_vector_latitude,not_run+unchanged,1,
adm1,52472329B22687598135129,Saint George Gingerland,KNA,True,"[-62.5833171,17.1033705,-62.54202651999998,17.1538854]","[-62.5833171,17.1033705,-62.54202651999998,17.1538854]",0.012188,0,0.04129058,within_safe_vector_latitude,not_run+unchanged,1,
adm1,52472329B16958301240037,Saint James Windward,KNA,True,"[-62.6140754,17.14393064550204,-62.54232512534053,17.206277847000024]","[-62.6140754,17.14393064550204,-62.54232512534053,17.206277847000024]",0.012188,0,0.071750275,within_safe_vector_latitude,not_run+unchanged,1,
adm1,52472329B65639645183115,Saint John Capisterre,KNA,True,"[-62.8244571,17.3544376,-62.76796116952406,17.41625022900007]","[-62.8244571,17.3544376,-62.76796116952406,17.41625022900007]",0.014066,0,0.05649593,within_safe_vector_latitude,not_run+unchanged,1,
adm1,52472329B19766585583682,Saint John Figtree,KNA,True,"[-62.6329753,17.0944184,-62.5774772,17.1537021]","[-62.6329753,17.0944184,-62.5774772,17.1537021]",0.0120984,0,0.0554981,within_safe_vector_latitude,not_run+unchanged,1,
adm1,52472329B33043462803625,Saint Mary Cayon,KNA,True,"[-62.7612782,17.3331558,-62.7108673488055,17.373871083544824]","[-62.7612782,17.3331558,-62.7108673488055,17.373871083544824]",0.008201851,0,0.050410851,within_safe_vector_latitude,not_run+unchanged,1,
adm1,52472329B35296791475509,Saint Paul Capisterre,KNA,True,"[-62.861721,17.3717316,-62.8106681,17.4159083241222]","[-62.861721,17.3717316,-62.8106681,17.4159083241222]",0.0203239,0,0.0510529,within_safe_vector_latitude,not_run+unchanged,1,
adm1,52472329B33869241417022,Saint Paul Charlestown,KNA,True,"[-62.6302163,17.1340185,-62.5833171,17.1537021]","[-62.6302163,17.1340185,-62.5833171,17.1537021]",0.0161769,0,0.0468992,within_safe_vector_latitude,not_run+unchanged,1,
adm1,52472329B95288510107666,Saint Peter Basseterre,KNA,True,"[-62.7551216,17.2913719,-62.68458175599994,17.339058]","[-62.7551216,17.2913719,-62.68458175599994,17.339058]",0.010863,0,0.070539844,within_safe_vector_latitude,not_run+unchanged,1,
adm1,52472329B68765441097226,Saint Thomas Lowland,KNA,True,"[-62.6295966,17.1429656,-62.5833171,17.1958974]","[-62.6295966,17.1429656,-62.5833171,17.1958974]",0.0161769,0,0.0462795,within_safe_vector_latitude,not_run+unchanged,1,
adm1,52472329B72200716330993,Saint Thomas Middle Island,KNA,True,"[-62.8430426,17.3114551,-62.7673119,17.3717316]","[-62.8430426,17.3114551,-62.7673119,17.3717316]",0.014066,0,0.0757307,within_safe_vector_latitude,not_run+unchanged,1,
adm1,52472329B86967002358759,Trinity Palmetto Point,KNA,True,"[-62.79379,17.2926694,-62.7468294,17.33609]","[-62.79379,17.2926694,-62.7468294,17.33609]",0.0107678,0,0.0469606,within_safe_vector_latitude,not_run+unchanged,1,
adm1,63095687B63570319440385,Vieux Fort,LCA,True,"[-61.00091119811623,13.707691624522624,-60.92616005686352,13.843449676032265]","[-61.00091119811623,13.707691624522624,-60.92616005686352,13.843449676032265]",0.009655198,0,0.074751141,within_safe_vector_latitude,not_run+unchanged,1,
adm1,63095687B3915284984293,Anse la Raya,LCA,True,"[-61.05141565802486,13.868739888098332,-60.98438898816124,13.958497362263529]","[-61.05141565802486,13.868739888098332,-60.98438898816124,13.958497362263529]",0.006716554,0,0.06702667,within_safe_vector_latitude,not_run+unchanged,1,
adm1,63095687B33875357323526,Castries,LCA,True,"[-61.03344189762544,13.864730045555234,-60.936849579244665,14.038700131705752]","[-61.03344189762544,13.864730045555234,-60.936849579244665,14.038700131705752]",0.011238497,0,0.096592318,within_safe_vector_latitude,not_run+unchanged,1,
adm1,63095687B77911403325027,Gros Islet,LCA,True,"[-60.97644441451604,13.96403079756152,-60.87391509242502,14.108065683323115]","[-60.97644441451604,13.96403079756152,-60.87391509242502,14.108065683323115]",0.011238497,0,0.102529322,within_safe_vector_latitude,not_run+unchanged,1,
adm1,63095687B97045845903589,Dennery,LCA,True,"[-60.97202868457708,13.876530910082465,-60.875250042180674,13.969771919858204]","[-60.97202868457708,13.876530910082465,-60.875250042180674,13.969771919858204]",0.008664619,0,0.096778642,within_safe_vector_latitude,not_run+unchanged,1,
adm1,63095687B12253142447206,Micoud,LCA,True,"[-60.99391509200785,13.760658371486727,-60.877609252999946,13.892778870363713]","[-60.99391509200785,13.760658371486727,-60.877609252999946,13.892778870363713]",0.009655198,0,0.116305839,within_safe_vector_latitude,not_run+unchanged,1,
adm1,63095687B32971577162412,Soufrière,LCA,True,"[-61.080390962498996,13.797214748062174,-60.98095941904194,13.90338309039887]","[-61.080390962498996,13.797214748062174,-60.98095941904194,13.90338309039887]",0.014284406,0,0.099431543,within_safe_vector_latitude,not_run+unchanged,1,
adm1,63095687B49372508754012,Choiseul,LCA,True,"[-61.068359208380514,13.75917860459549,-60.99863939987631,13.843449676032265]","[-61.068359208380514,13.75917860459549,-60.99863939987631,13.843449676032265]",0.014284406,0,0.069719809,within_safe_vector_latitude,not_run+unchanged,1,
adm1,63095687B42817258586373,Laborie,LCA,True,"[-61.03601520755785,13.734675890357778,-60.98042330795653,13.834763181098253]","[-61.03601520755785,13.734675890357778,-60.98042330795653,13.834763181098253]",0.00782014,0,0.0555919,within_safe_vector_latitude,not_run+unchanged,1,
adm1,63095687B90177859016877,Canaries,LCA,True,"[-61.06958858120028,13.855846248088938,-60.99722799301054,13.933440834888405]","[-61.06958858120028,13.855846248088938,-60.99722799301054,13.933440834888405]",0.012907935,0,0.072360588,within_safe_vector_latitude,not_run+unchanged,1,
adm1,94954027B88448576527444,Charlotte,VCT,True,"[-61.2051239,13.167402203376989,-61.11958312999997,13.380416871000023]","[-61.2051239,13.167402203376989,-61.11958312999997,13.380416871000023]",0.009407,0,0.08554077,within_safe_vector_latitude,not_run+unchanged,1,
adm1,94954027B50419639501702,Saint Andrew,VCT,True,"[-61.2725341,13.1541942,-61.1990051,13.2343807]","[-61.2725341,13.1541942,-61.1990051,13.2343807]",0.0072861,0,0.073529,within_safe_vector_latitude,not_run+unchanged,1,
adm1,94954027B75488374461778,Saint David,VCT,True,"[-61.2628884,13.2555265,-61.1638794,13.380416871000023]","[-61.2628884,13.2555265,-61.1638794,13.380416871000023]",0.0100708,0,0.099009,within_safe_vector_latitude,not_run+unchanged,1,
adm1,94954027B8071677306874,Saint George,VCT,True,"[-61.2371941,13.1225744,-61.14708328299997,13.2100677]","[-61.2371941,13.1225744,-61.14708328299997,13.2100677]",0.0076485,0,0.090110817,within_safe_vector_latitude,not_run+unchanged,1,
adm1,94954027B24043744256815,Saint Patrick,VCT,True,"[-61.2785937,13.2015905,-61.1882629,13.2744511]","[-61.2785937,13.2015905,-61.1882629,13.2744511]",0.0100708,0,0.0903308,within_safe_vector_latitude,not_run+unchanged,1,
adm1,94954027B73683206567439,Grenadines,VCT,True,"[-61.46080857299995,12.584918889721406,-61.20541763299997,13.046250343000054]","[-61.46080857299995,12.584918889721406,-61.20541763299997,13.046250343000054]",0.0111151,0,0.067622994,within_safe_vector_latitude,not_run+unchanged,1,
adm1,86620642B69119058579524,Abyei PCA,SDN,True,"[27.830620405000047,9.611885409378022,28.99937940951997,10.167235876000063]","[27.830620405000047,9.611885409378022,28.99937940951997,10.167235876000063]",0.955260161,0,0.955260161,within_safe_vector_latitude,not_run+unchanged,1,
adm1,86620642B80352504723135,Gezira,SDN,True,"[32.35351562500006,13.564697266000053,34.28552246100003,15.467895508000026]","[32.35351562500006,13.564697266000053,34.28552246100003,15.467895508000026]",0.267395015,0,1.932006836,within_safe_vector_latitude,not_run+unchanged,2,
adm1,86620642B86272532082738,Blue Nile,SDN,True,"[33.14052121700007,9.499999,35.082756,12.562316895000038]","[33.14052121700007,9.499999,35.082756,12.562316895000038]",0.187805175,0,1.942234783,within_safe_vector_latitude,not_run+unchanged,4,
adm1,86620642B67241023181859,Central Darfur,SDN,True,"[22.555096053000057,11.025885978000076,24.71508788700004,13.559326172000056]","[22.555096053000057,11.025885978000076,24.71508788700004,13.559326172000056]",0.217751466,0,2.159991834,within_safe_vector_latitude,not_run+unchanged,2,
adm1,86620642B42892304507154,East Darfur,SDN,True,"[25.286037367000063,9.488887,27.58095811300352,12.97214511900006]","[25.286037367000063,9.488887,27.58095811300352,12.97214511900006]",0.188073244,0,2.294920746,within_safe_vector_latitude,not_run+unchanged,2,
adm1,86620642B51630913908628,Gedaref,SDN,True,"[33.56927465800004,12.657896469000036,36.546994890000065,15.76287841800007]","[33.56927465800004,12.657896469000036,36.546994890000065,15.76287841800007]",0.348312881,0,2.977720232,within_safe_vector_latitude,not_run+unchanged,2,
adm1,86620642B34113093603931,Kassala,SDN,True,"[34.233166106000056,14.206298828000058,37.01464303820921,17.207275391000053]","[34.233166106000056,14.206298828000058,37.01464303820921,17.207275391000053]",0.577642669,0,2.781476932,within_safe_vector_latitude,not_run+unchanged,1,
adm1,86620642B69351377969837,Khartoum,SDN,True,"[31.697874582000054,15.18408203100006,34.38067615800003,16.630126953000058]","[31.697874582000054,15.18408203100006,34.38067615800003,16.630126953000058]",0.510192871,0,2.682801576,within_safe_vector_latitude,not_run+unchanged,2,
adm1,86620642B32784125865646,North Darfur,SDN,True,"[22.782502436000073,11.748107910000044,27.54318310000008,20.020535996000035]","[22.782502436000073,11.748107910000044,27.54318310000008,20.020535996000035]",2.493418311,0,4.760680664,within_safe_vector_latitude,not_run+unchanged,1,
adm1,86620642B75144405979625,North Kordofan,SDN,True,"[26.94138884700004,12.259887695000032,32.35571289100005,16.529530928000042]","[26.94138884700004,12.259887695000032,32.35571289100005,16.529530928000042]",0.755590948,0,5.414324044,within_safe_vector_latitude,not_run+unchanged,1,
adm1,86620642B89646054714247,Northern,SDN,True,"[25.0,16.524653430000058,32.65368652300003,22.22431711341162]","[25.0,16.524653430000058,32.65368652300003,22.22431711341162]",2.493418311,0,7.653686523,within_safe_vector_latitude,not_run+unchanged,2,
adm1,86620642B7664605185235,Red Sea,SDN,True,"[33.25848388700007,17.00152587900004,38.58048207164069,23.138719527000035]","[33.25848388700007,17.00152587900004,38.58048207164069,23.138719527000035]",0.443153602,0,5.321998185,within_safe_vector_latitude,not_run+unchanged,4,
adm1,86620642B58839150544065,River Nile,SDN,True,"[31.885681152000075,15.683288987000026,35.67108154300007,21.99969186800007]","[31.885681152000075,15.683288987000026,35.67108154300007,21.99969186800007]",0.577642669,0,3.785400391,within_safe_vector_latitude,not_run+unchanged,4,
adm1,86620642B212901614698,Sennar,SDN,True,"[32.91210934000003,11.742169804805025,35.692883812087466,14.103088379000042]","[32.91210934000003,11.742169804805025,35.692883812087466,14.103088379000042]",0.187805175,0,2.780774472,within_safe_vector_latitude,not_run+unchanged,2,
adm1,86620642B33888251991816,South Darfur,SDN,True,"[22.87584915419212,8.488975632173007,25.970886231000065,13.12663518900007]","[22.87584915419212,8.488975632173007,25.970886231000065,13.12663518900007]",0.367570409,0,3.095037077,within_safe_vector_latitude,not_run+unchanged,2,
adm1,86620642B95962932854573,South Kordofan,SDN,True,"[29.22378612800003,9.711747001000049,32.450184330149966,12.745727539000029]","[29.22378612800003,9.711747001000049,32.450184330149966,12.745727539000029]",0.28818325,0,3.226398202,within_safe_vector_latitude,not_run+unchanged,2,
adm1,86620642B73786067507541,West Darfur,SDN,True,"[21.814634521000073,12.032602850511918,23.24678231400003,14.983608029000038]","[21.814634521000073,12.032602850511918,23.24678231400003,14.983608029000038]",0.144754382,0,1.432147793,within_safe_vector_latitude,not_run+unchanged,2,
adm1,86620642B26042209819562,West Kordofan,SDN,True,"[27.064179194000076,9.605990373161799,29.981927100000064,14.12208230300007]","[27.064179194000076,9.605990373161799,29.981927100000064,14.12208230300007]",0.64020141,0,2.917747906,within_safe_vector_latitude,not_run+unchanged,2,
adm1,86620642B32971775067484,White Nile,SDN,True,"[31.529479980000076,11.95105,33.253770388710656,15.225280762000068]","[31.529479980000076,11.95105,33.253770388710656,15.225280762000068]",0.309020996,0,1.724290409,within_safe_vector_latitude,not_run+unchanged,1,
adm1,93550828B96522578976801,Brokopondo,SUR,True,"[-55.4940969,4.0268007,-54.71433,5.3339652]","[-55.4940969,4.0268007,-54.71433,5.3339652]",0.3633757,0,0.7797669,within_safe_vector_latitude,not_run+unchanged,1,
adm1,93550828B58991910935434,Commewijne,SUR,True,"[-55.15690994221511,5.5377094,-54.6070161,5.9952981]","[-55.15690994221511,5.5377094,-54.6070161,5.9952981]",0.4356286,0,0.549893842,within_safe_vector_latitude,not_run+unchanged,1,
adm1,93550828B7327447609620,Coronie,SUR,True,"[-56.604382,5.3181146,-55.8896358,5.955055370577491]","[-56.604382,5.3181146,-55.8896358,5.955055370577491]",0.2081129,0,0.7147462,within_safe_vector_latitude,not_run+unchanged,2,
adm1,93550828B14879660189767,Marowijne,SUR,True,"[-54.7299148,5.2343477,-53.98679007761069,5.976699097000051]","[-54.7299148,5.2343477,-53.98679007761069,5.976699097000051]",0.1953911,0,0.743124722,within_safe_vector_latitude,not_run+unchanged,1,
adm1,93550828B24363513819677,Nickerie,SUR,True,"[-57.326667,5.2250732,-56.4565163,6.005643590000034]","[-57.326667,5.2250732,-56.4565163,6.005643590000034]",0.3818711,0,0.8701507,within_safe_vector_latitude,not_run+unchanged,1,
adm1,93550828B25693187591601,Para,SUR,True,"[-56.0046285,4.9890305,-54.5906411,5.7019872]","[-56.0046285,4.9890305,-54.5906411,5.7019872]",0.4356286,0,1.4139874,within_safe_vector_latitude,not_run+unchanged,1,
adm1,93550828B84160656428348,Paramaribo,SUR,True,"[-55.2451967,5.7665536,-55.0889648,5.9102233]","[-55.2451967,5.7665536,-55.0889648,5.9102233]",0.0540747,0,0.143494111,within_safe_vector_latitude,not_run+unchanged,1,
adm1,93550828B82794982350584,Saramacca,SUR,True,"[-55.970546,5.4054204,-55.246312486738425,5.998032316000035]","[-55.970546,5.4054204,-55.246312486738425,5.998032316000035]",0.2795181,0,0.724233513,within_safe_vector_latitude,not_run+unchanged,1,
adm1,93550828B83086528091097,Sipaliwini,SUR,True,"[-58.070833,1.837306,-53.9800408,5.5443493]","[-58.070833,1.837306,-53.9800408,5.5443493]",0.3818711,0,4.0907922,within_safe_vector_latitude,not_run+unchanged,2,
adm1,93550828B69998957246771,Wanica,SUR,True,"[-55.3583424,5.6633218,-55.0681746,5.911851554928528]","[-55.3583424,5.6633218,-55.0681746,5.911851554928528]",0.1240103,0,0.2901678,within_safe_vector_latitude,not_run+unchanged,1,
adm1,75366066B3567364273406,Manzini,SWZ,True,"[30.7908,-26.89092,31.70537,-26.16167]","[30.7908,-26.89092,31.70537,-26.16167]",0.10366,0,0.91457,within_safe_vector_latitude,not_run+unchanged,1,
adm1,75366066B12234306804593,Lubombo,SWZ,True,"[31.48113,-27.16649,32.13490666100006,-25.9358954]","[31.48113,-27.16649,32.13490666100006,-25.9358954]",0.1027365,0,0.653776661,within_safe_vector_latitude,not_run+unchanged,1,
adm1,75366066B21527038718027,Shiselweni,SWZ,True,"[30.890428,-27.31752006299996,32.015859944000056,-26.75413]","[30.890428,-27.31752006299996,32.015859944000056,-26.75413]",0.10366,0,1.125431944,within_safe_vector_latitude,not_run+unchanged,1,
adm1,75366066B25905390127614,Hhohho,SWZ,True,"[30.898487448802825,-26.48192,31.7651235,-25.718798131579305]","[30.898487448802825,-26.48192,31.7651235,-25.718798131579305]",0.100202385,0,0.866636051,within_safe_vector_latitude,not_run+unchanged,1,
adm1,68755315B42087740049136,Västernorrlands län,SWE,True,"[14.798498757000061,62.15012347900017,19.287078900000097,64.00227361600008]","[14.798498757000061,62.15012347900017,19.287078900000097,64.00227361600008]",0.862802859,0,4.488580143,within_safe_vector_latitude,not_run+unchanged,1,
adm1,68755315B22015401421101,Västerbottens län,SWE,True,"[14.331157110155537,63.40757232388144,21.61653,66.4003565315699]","[14.331157110155537,63.40757232388144,21.61653,66.4003565315699]",0.877289405,0,7.28537289,within_safe_vector_latitude,not_run+unchanged,1,
adm1,68755315B77555777280839,Jämtlands län,SWE,True,"[11.975325415124832,61.55766551600004,17.034088868000026,65.29103945778688]","[11.975325415124832,61.55766551600004,17.034088868000026,65.29103945778688]",0.770623066,0,5.058763453,within_safe_vector_latitude,not_run+unchanged,2,
adm1,68755315B40560830761561,Gävleborgs län,SWE,True,"[14.472934371000065,60.18678451800008,17.516619900000023,62.34834690500014]","[14.472934371000065,60.18678451800008,17.516619900000023,62.34834690500014]",0.641866332,0,3.043685529,within_safe_vector_latitude,not_run+unchanged,2,
adm1,68755315B20841454082156,Dalarnas län,SWE,True,"[12.137910800000043,59.85164749300003,16.71625986500004,62.267493]","[12.137910800000043,59.85164749300003,16.71625986500004,62.267493]",0.770623066,0,4.578349065,within_safe_vector_latitude,not_run+unchanged,2,
adm1,68755315B47712843770727,Uppsala län,SWE,True,"[16.699967680000043,59.40637199400004,18.63365,60.66003158386203]","[16.699967680000043,59.40637199400004,18.63365,60.66003158386203]",0.07689877,0,1.91781232,within_safe_vector_latitude,not_run+unchanged,1,
adm1,68755315B7109819079053,Västmanlands län,SWE,True,"[15.43085697600003,59.20995125500008,16.982570317000068,60.18544553500004]","[15.43085697600003,59.20995125500008,16.982570317000068,60.18544553500004]",0.218635467,0,1.551713341,within_safe_vector_latitude,not_run+unchanged,1,
adm1,68755315B32575645025153,Örebro län,SWE,True,"[14.288826037000035,58.67361729600003,15.806078334000063,60.10575738400007]","[14.288826037000035,58.67361729600003,15.806078334000063,60.10575738400007]",0.311482517,0,1.517252297,within_safe_vector_latitude,not_run+unchanged,1,
adm1,68755315B56925388039616,Värmlands län,SWE,True,"[11.69125393037326,58.732143516000065,14.47465574100005,61.05212250000005]","[11.69125393037326,58.732143516000065,14.47465574100005,61.05212250000005]",0.47708568,0,2.783401811,within_safe_vector_latitude,not_run+unchanged,1,
adm1,68755315B39536810599908,Västra Götalands län,SWE,True,"[10.981774696796574,57.15967472600016,14.77965585596534,59.260648297000046]","[10.981774696796574,57.15967472600016,14.77965585596534,59.260648297000046]",0.447572624,0,3.665695946,within_safe_vector_latitude,not_run+unchanged,2,
adm1,68755315B55596512557513,Hallands län,SWE,True,"[11.902772353033876,56.327754534000064,13.69917513400003,57.598185106000074]","[11.902772353033876,56.327754534000064,13.69917513400003,57.598185106000074]",0.134366205,0,1.796402781,within_safe_vector_latitude,not_run+unchanged,1,
adm1,68755315B47966181547850,Skåne län,SWE,True,"[12.446441290980674,55.33695380000006,14.583599501000037,56.53328547100011]","[12.446441290980674,55.33695380000006,14.583599501000037,56.53328547100011]",0.134366205,0,2.13715821,within_safe_vector_latitude,not_run+unchanged,2,
adm1,68755315B33676065986160,Kronobergs län,SWE,True,"[13.30534315500006,56.365167805000056,15.840252522000014,57.24382934700003]","[13.30534315500006,56.365167805000056,15.840252522000014,57.24382934700003]",0.085274109,0,2.534909367,within_safe_vector_latitude,not_run+unchanged,1,
adm1,68755315B81473328083601,Blekinge län,SWE,True,"[14.376569793000101,55.991168010706296,16.060447000000124,56.50643553500004]","[14.376569793000101,55.991168010706296,16.060447000000124,56.50643553500004]",0.082676913,0,1.683877207,within_safe_vector_latitude,not_run+unchanged,1,
adm1,68755315B90115132982568,Kalmar län,SWE,True,"[15.328914111000074,56.19471040000002,17.150478400000054,58.154635658000075]","[15.328914111000074,56.19471040000002,17.150478400000054,58.154635658000075]",0.064619689,0,1.475080589,within_safe_vector_latitude,not_run+unchanged,1,
adm1,68755315B59709318110176,Jönköpings län,SWE,True,"[13.080273326000054,56.88235994300004,15.664522436000027,58.19539943800004]","[13.080273326000054,56.88235994300004,15.664522436000027,58.19539943800004]",0.105753063,0,2.58424911,within_safe_vector_latitude,not_run+unchanged,1,
adm1,68755315B30510620730039,Stockholms län,SWE,True,"[17.241065392000053,58.7929757,19.08491040000007,60.22248]","[17.241065392000053,58.7929757,19.08491040000007,60.22248]",0.088348028,0,1.843845008,within_safe_vector_latitude,not_run+unchanged,1,
adm1,68755315B80953081303888,Östergötlands län,SWE,True,"[14.420047574000023,57.703885779000075,16.94887570000003,59.03391649800005]","[14.420047574000023,57.703885779000075,16.94887570000003,59.03391649800005]",0.23260017,0,2.528828126,within_safe_vector_latitude,not_run+unchanged,1,
adm1,68755315B98869091115359,Södermanlands län,SWE,True,"[15.622016378000069,58.60997,17.629100700000038,59.54267161000007]","[15.622016378000069,58.60997,17.629100700000038,59.54267161000007]",0.218635467,0,2.007084322,within_safe_vector_latitude,not_run+unchanged,1,
adm1,68755315B90281797632670,Norrbottens län,SWE,True,"[15.377226873890619,65.06544638894742,24.152358669000023,69.05996990000006]","[15.377226873890619,65.06544638894742,24.152358669000023,69.05996990000006]",0.877289405,0,8.775131795,within_safe_vector_latitude,not_run+unchanged,4,
adm1,68755315B38650871956455,Gotlands län,SWE,True,"[18.092416764000063,56.90705490100004,19.351680744184723,57.99980659300007]","[18.092416764000063,56.90705490100004,19.351680744184723,57.99980659300007]",0.023931797,0,1.005798236,within_safe_vector_latitude,not_run+unchanged,1,
adm1,70761945B11338788345342,Aargau,CHE,True,"[7.713527880000072,47.13747830300008,8.453735579000067,47.62096135887533]","[7.713527880000072,47.13747830300008,8.453735579000067,47.62096135887533]",0.03688707,0,0.740207699,within_safe_vector_latitude,not_run+unchanged,1,
adm1,70761945B71472094577065,Appenzell Ausserrhoden,CHE,True,"[9.192671376000021,47.24702185500007,9.630894371000068,47.46903726600004]","[9.192671376000021,47.24702185500007,9.630894371000068,47.46903726600004]",0.015764131,0,0.438222995,within_safe_vector_latitude,not_run+unchanged,1,
adm1,70761945B73029947081098,Appenzell Innerrhoden,CHE,True,"[9.309794491000048,47.233993260000034,9.617833018000056,47.43850643700006]","[9.309794491000048,47.233993260000034,9.617833018000056,47.43850643700006]",0.015764131,0,0.193232664,within_safe_vector_latitude,not_run+unchanged,1,
adm1,70761945B84766611276082,Basel-Landschaft,CHE,True,"[7.325274895000064,47.337884460000055,7.961839019000024,47.56436662600004]","[7.325274895000064,47.337884460000055,7.961839019000024,47.56436662600004]",0.023016738,0,0.585888316,within_safe_vector_latitude,not_run+unchanged,1,
adm1,70761945B62987387977087,Basel-Stadt,CHE,True,"[7.554658943000049,47.51929724100006,7.691645825000023,47.59959119600006]","[7.554658943000049,47.51929724100006,7.691645825000023,47.59959119600006]",0.011017497,0,0.136986882,within_safe_vector_latitude,not_run+unchanged,1,
adm1,70761945B78940680080703,Bern,CHE,True,"[6.861490811000067,46.326471225000034,8.45516271100007,47.34531255300004]","[6.861490811000067,46.326471225000034,8.45516271100007,47.34531255300004]",0.05661969,0,1.5936719,within_safe_vector_latitude,not_run+unchanged,1,
adm1,70761945B87604960987122,Fribourg,CHE,True,"[6.741868518000047,46.43793765300006,7.379055268000059,47.006805935000045]","[6.741868518000047,46.43793765300006,7.379055268000059,47.006805935000045]",0.085864355,0,0.58415377,within_safe_vector_latitude,not_run+unchanged,1,
adm1,70761945B83881285484717,Genève,CHE,True,"[5.956092580859851,46.12855030400004,6.310751,46.364578437000034]","[5.956092580859851,46.12855030400004,6.310751,46.364578437000034]",0.028759602,0,0.354658419,within_safe_vector_latitude,not_run+unchanged,1,
adm1,70761945B11753136967749,Glarus,CHE,True,"[8.872993119000057,46.79648499700005,9.252584909000063,47.17398735200004]","[8.872993119000057,46.79648499700005,9.252584909000063,47.17398735200004]",0.045058039,0,0.37959179,within_safe_vector_latitude,not_run+unchanged,1,
adm1,70761945B85432491504073,Graubünden,CHE,True,"[8.65106671600006,46.169600788000025,10.490865562857735,47.0651482]","[8.65106671600006,46.169600788000025,10.490865562857735,47.0651482]",0.038778,0,1.839798847,within_safe_vector_latitude,not_run+unchanged,1,
adm1,70761945B19914004537681,Jura,CHE,True,"[6.841208108340601,47.15040926000006,7.558345311000039,47.504131]","[6.841208108340601,47.15040926000006,7.558345311000039,47.504131]",0.02067067,0,0.717137203,within_safe_vector_latitude,not_run+unchanged,1,
adm1,70761945B29073934101403,Luzern,CHE,True,"[7.83688431500002,46.774989187000074,8.514061709000032,47.286888170000054]","[7.83688431500002,46.774989187000074,8.514061709000032,47.286888170000054]",0.041083925,0,0.677177394,within_safe_vector_latitude,not_run+unchanged,1,
adm1,70761945B64873726514121,Neuchâtel,CHE,True,"[6.434723,46.84659290700006,7.087653188000047,47.165634383000054]","[6.434723,46.84659290700006,7.087653188000047,47.165634383000054]",0.085864355,0,0.652930188,within_safe_vector_latitude,not_run+unchanged,1,
adm1,70761945B45925471978558,Nidwalden,CHE,True,"[8.218101650000051,46.77151404800003,8.574944406000043,47.019953773000054]","[8.218101650000051,46.77151404800003,8.574944406000043,47.019953773000054]",0.041083925,0,0.356842756,within_safe_vector_latitude,not_run+unchanged,1,
adm1,70761945B39944874342149,Obwalden,CHE,True,"[8.042317858000047,46.75316902000003,8.505796327000041,46.98033901400004]","[8.042317858000047,46.75316902000003,8.505796327000041,46.98033901400004]",0.026227146,0,0.326872945,within_safe_vector_latitude,not_run+unchanged,1,
adm1,70761945B22837365779622,Schaffhausen,CHE,True,"[8.404425785000058,47.55238731400004,8.875966,47.80795184127582]","[8.404425785000058,47.55238731400004,8.875966,47.80795184127582]",0.020278104,0,0.336909215,within_safe_vector_latitude,not_run+unchanged,1,
adm1,70761945B29858350399599,Schwyz,CHE,True,"[8.388921946000039,46.88540362500004,9.004723897000076,47.22256279000004]","[8.388921946000039,46.88540362500004,9.004723897000076,47.22256279000004]",0.093055193,0,0.615801951,within_safe_vector_latitude,not_run+unchanged,1,
adm1,70761945B36749553910786,Solothurn,CHE,True,"[7.340416289000075,47.07438402200006,8.03137560700003,47.50270066400003]","[7.340416289000075,47.07438402200006,8.03137560700003,47.50270066400003]",0.029820434,0,0.690959318,within_safe_vector_latitude,not_run+unchanged,1,
adm1,70761945B27205007293794,St. Gallen,CHE,True,"[8.795721590000028,46.87288342800008,9.674139301000025,47.54719851220972]","[8.795721590000028,46.87288342800008,9.674139301000025,47.54719851220972]",0.093055193,0,0.878417711,within_safe_vector_latitude,not_run+unchanged,1,
adm1,70761945B73326014959541,Thurgau,CHE,True,"[8.667987114000027,47.375915113000076,9.502980748387856,47.69531767900003]","[8.667987114000027,47.375915113000076,9.502980748387856,47.69531767900003]",0.076960792,0,0.834993634,within_safe_vector_latitude,not_run+unchanged,1,
adm1,70761945B95773795125249,Ticino,CHE,True,"[8.382208614000035,45.818935195165245,9.159376474000055,46.63228952800006]","[8.382208614000035,45.818935195165245,9.159376474000055,46.63228952800006]",0.038778,0,0.77716786,within_safe_vector_latitude,not_run+unchanged,1,
adm1,70761945B76174754463268,Uri,CHE,True,"[8.397362524000073,46.52761409000004,8.957809146000045,46.99340695800004]","[8.397362524000073,46.52761409000004,8.957809146000045,46.99340695800004]",0.019303045,0,0.560446622,within_safe_vector_latitude,not_run+unchanged,1,
adm1,70761945B38573473865054,Valais,CHE,True,"[6.770578709000063,45.858557447080074,8.47851810700007,46.65404716900008]","[6.770578709000063,45.858557447080074,8.47851810700007,46.65404716900008]",0.032430442,0,1.707939398,within_safe_vector_latitude,not_run+unchanged,1,
adm1,70761945B85268669280160,Vaud,CHE,True,"[6.063663,46.18781308500007,7.249184355000068,46.986909050000065]","[6.063663,46.18781308500007,7.249184355000068,46.986909050000065]",0.097869799,0,1.185521355,within_safe_vector_latitude,not_run+unchanged,1,
adm1,70761945B70106229378933,Zug,CHE,True,"[8.394969113000059,47.08103034900006,8.700868491000051,47.248374590000026]","[8.394969113000059,47.08103034900006,8.700868491000051,47.248374590000026]",0.028742384,0,0.305899378,within_safe_vector_latitude,not_run+unchanged,1,
adm1,70761945B4468941998498,Zürich,CHE,True,"[8.357845237000049,47.15944318900006,8.984950406000053,47.69440002500005]","[8.357845237000049,47.15944318900006,8.984950406000053,47.69440002500005]",0.038491449,0,0.627105169,within_safe_vector_latitude,not_run+unchanged,1,
adm1,8384693B24866558579919,Damascus,SYR,True,"[36.19714990700004,33.45860967200008,36.35592573800005,33.57145312800003]","[36.19714990700004,33.45860967200008,36.35592573800005,33.57145312800003]",0.038318825,0,0.158775831,within_safe_vector_latitude,not_run+unchanged,1,
adm1,8384693B67178658489877,Aleppo,SYR,True,"[36.55303,35.38094369700008,38.72015039200005,36.92412333800007]","[36.55303,35.38094369700008,38.72015039200005,36.92412333800007]",0.133737498,0,2.167120392,within_safe_vector_latitude,not_run+unchanged,1,
adm1,8384693B89451039606890,Rural Damascus,SYR,True,"[35.81671615326051,32.665943143838334,39.116295622484735,34.24248644012172]","[35.81671615326051,32.665943143838334,39.116295622484735,34.24248644012172]",0.295204162,0,3.299579469,within_safe_vector_latitude,not_run+unchanged,1,
adm1,8384693B93490606690779,Homs,SYR,True,"[36.11683082600007,33.54254903744502,40.23265925611753,35.398866654000074]","[36.11683082600007,33.54254903744502,40.23265925611753,35.398866654000074]",0.295204162,0,4.11582843,within_safe_vector_latitude,not_run+unchanged,1,
adm1,8384693B76753285616287,Hama,SYR,True,"[36.13704166300005,34.85485922000004,38.45001792900007,35.76102949500006]","[36.13704166300005,34.85485922000004,38.45001792900007,35.76102949500006]",0.133737498,0,2.312976266,within_safe_vector_latitude,not_run+unchanged,1,
adm1,8384693B20094101885952,Lattakia,SYR,True,"[35.74344825700007,35.220992497000054,36.258699584000055,35.94006569274643]","[35.74344825700007,35.220992497000054,36.258699584000055,35.94006569274643]",0.050578251,0,0.515251327,within_safe_vector_latitude,not_run+unchanged,1,
adm1,8384693B38455082445791,Idleb,SYR,True,"[36.147607804000074,35.37818078200007,37.20166272400007,36.33872032200003]","[36.147607804000074,35.37818078200007,37.20166272400007,36.33872032200003]",0.044169387,0,1.05405492,within_safe_vector_latitude,not_run+unchanged,1,
adm1,8384693B3351094574159,Al-Hasakeh,SYR,True,"[39.50397682200003,35.49895581318384,42.376309,37.31636295807787]","[39.50397682200003,35.49895581318384,42.376309,37.31636295807787]",0.21650021,0,2.872332178,within_safe_vector_latitude,not_run+unchanged,1,
adm1,8384693B56550821124428,Deir-ez-Zor,SYR,True,"[39.244927535000045,34.11179752951926,41.279584849218,36.33822822500008]","[39.244927535000045,34.11179752951926,41.279584849218,36.33822822500008]",0.225494092,0,2.034657314,within_safe_vector_latitude,not_run+unchanged,1,
adm1,8384693B50697642267539,Tartous,SYR,True,"[35.880366421000076,34.62772941600008,36.32814340400006,35.27105718000007]","[35.880366421000076,34.62772941600008,36.32814340400006,35.27105718000007]",0.050578251,0,0.447776983,within_safe_vector_latitude,not_run+unchanged,1,
adm1,8384693B44556209506703,Ar-Raqqa,SYR,True,"[38.059330931000034,35.27796757200008,39.898896946000036,36.76980330300006]","[38.059330931000034,35.27796757200008,39.898896946000036,36.76980330300006]",0.262973786,0,1.839566015,within_safe_vector_latitude,not_run+unchanged,1,
adm1,8384693B23566608622518,Dar'a,SYR,True,"[35.74685096800005,32.361684799000045,36.57234022700004,33.29668322600003]","[35.74685096800005,32.361684799000045,36.57234022700004,33.29668322600003]",0.064029693,0,0.825489259,within_safe_vector_latitude,not_run+unchanged,1,
adm1,8384693B61807023607014,As-Sweida,SYR,True,"[36.35799433900007,32.31644249000004,37.46297578312081,33.19406396000005]","[36.35799433900007,32.31644249000004,37.46297578312081,33.19406396000005]",0.190410615,0,1.104981444,within_safe_vector_latitude,not_run+unchanged,1,
adm1,8384693B30882548325909,Quneitra,SYR,True,"[35.61393928500007,32.67781584200003,35.99728495100004,33.355398373588386]","[35.61393928500007,32.67781584200003,35.99728495100004,33.355398373588386]",0.029815674,0,0.383345666,within_safe_vector_latitude,not_run+unchanged,1,
adm1,90331920B72000317509667,Hsinchu County,TWN,True,"[120.93438163400003,24.42737,121.4121306,24.94619]","[120.93438163400003,24.42737,121.4121306,24.94619]",0.01139,0,0.477748966,within_safe_vector_latitude,not_run+unchanged,1,
adm1,90331920B62221364431352,Miaoli County,TWN,True,"[120.62552596900002,24.28852,121.262639,24.7406905]","[120.62552596900002,24.28852,121.262639,24.7406905]",0.021661105,0,0.637113031,within_safe_vector_latitude,not_run+unchanged,1,
adm1,90331920B68512430020187,Matsu Islands,TWN,True,"[119.90890422722484,25.94881033472124,120.51113420560148,26.383523830820845]","[119.90890422722484,25.94881033472124,120.51113420560148,26.383523830820845]",0.00691218,0,0.056375773,within_safe_vector_latitude,not_run+unchanged,1,
adm1,90331920B64302615154142,Kinmen,TWN,True,"[118.2134736,24.38583,118.47283918700009,24.52896002800003]","[118.2134736,24.38583,118.47283918700009,24.52896002800003]",0.014240598,0,0.194649687,within_safe_vector_latitude,not_run+unchanged,1,
adm1,90331920B2591759826755,Chiayi County,TWN,True,"[120.11827701900006,23.2148418,120.9575986,23.6358744]","[120.11827701900006,23.2148418,120.9575986,23.6358744]",0.0214459,0,0.839321581,within_safe_vector_latitude,not_run+unchanged,1,
adm1,90331920B81947240122251,Yilan County,TWN,True,"[121.3176616,24.31032,121.9658843,24.9884354]","[121.3176616,24.31032,121.9658843,24.9884354]",0.01459,0,0.6482227,within_safe_vector_latitude,not_run+unchanged,1,
adm1,90331920B80042697765976,Nantou County,TWN,True,"[120.6160703,23.4351969,121.3494,24.24571]","[120.6160703,23.4351969,121.3494,24.24571]",0.0155954,0,0.7333297,within_safe_vector_latitude,not_run+unchanged,1,
adm1,90331920B38323674923848,Changhua County,TWN,True,"[120.2620671,23.7857458,120.6838909,24.196300001000054]","[120.2620671,23.7857458,120.6838909,24.196300001000054]",0.0231448,0,0.4218238,within_safe_vector_latitude,not_run+unchanged,1,
adm1,90331920B66022868712315,Pingtung County,TWN,True,"[120.3528956,21.8968652,120.9041877,22.885148]","[120.3528956,21.8968652,120.9041877,22.885148]",0.02071,0,0.4813558,within_safe_vector_latitude,not_run+unchanged,2,
adm1,90331920B10925530381331,Taitung County,TWN,True,"[120.7391065,22.00144670700007,121.60055085081977,23.4433364]","[120.7391065,22.00144670700007,121.60055085081977,23.4433364]",0.0157615,0,0.756625136,within_safe_vector_latitude,not_run+unchanged,1,
adm1,90331920B52218866814205,Hualien County,TWN,True,"[120.9865976,23.0978583,121.77147740370681,24.37049]","[120.9865976,23.0978583,121.77147740370681,24.37049]",0.015380737,0,0.784879804,within_safe_vector_latitude,not_run+unchanged,1,
adm1,90331920B80296133377427,Penghu,TWN,True,"[119.41080290701083,23.18773014030739,119.69406936921779,23.67733614100007]","[119.41080290701083,23.18773014030739,119.69406936921779,23.67733614100007]",0.012075764,0,0.153729496,within_safe_vector_latitude,not_run+unchanged,1,
adm1,90331920B31004800433386,Yunlin County,TWN,True,"[120.13359749366228,23.5043079,120.73615,23.83314244625902]","[120.13359749366228,23.5043079,120.73615,23.83314244625902]",0.0231448,0,0.602552506,within_safe_vector_latitude,not_run+unchanged,1,
adm1,90331920B90000183725132,Chiayi,TWN,True,"[120.3891883,23.4395803,120.5092703,23.5180939]","[120.3891883,23.4395803,120.5092703,23.5180939]",0.0089509,0,0.120082,within_safe_vector_latitude,not_run+unchanged,1,
adm1,90331920B33809065648062,Hsinchu,TWN,True,"[120.87946280521263,24.712573,121.0330489,24.8521766]","[120.87946280521263,24.712573,121.0330489,24.8521766]",0.0079359,0,0.153586095,within_safe_vector_latitude,not_run+unchanged,1,
adm1,90331920B1111134318549,Keelung,TWN,True,"[121.626787,25.0532048,121.8068875,25.176422034467464]","[121.626787,25.0532048,121.8068875,25.176422034467464]",0.0105602,0,0.1801005,within_safe_vector_latitude,not_run+unchanged,1,
adm1,90331920B14152728161970,Taichung,TWN,True,"[120.4683686219366,23.99856,121.45096,24.4414915]","[120.4683686219366,23.99856,121.45096,24.4414915]",0.018622066,0,0.982591378,within_safe_vector_latitude,not_run+unchanged,1,
adm1,90331920B8812801353421,Taoyuan,TWN,True,"[120.9858116,24.5864591,121.4798532,25.12202]","[120.9858116,24.5864591,121.4798532,25.12202]",0.023489451,0,0.4940416,within_safe_vector_latitude,not_run+unchanged,1,
adm1,90331920B2879670148147,New Taipei,TWN,True,"[121.28281,24.6731646,122.0059383,25.29932736454924]","[121.28281,24.6731646,122.0059383,25.29932736454924]",0.018824566,0,0.7231283,within_safe_vector_latitude,not_run+unchanged,1,
adm1,90331920B36822921189496,Tainan,TWN,True,"[120.03518207600007,22.8890146,120.6562638,23.4134198]","[120.03518207600007,22.8890146,120.6562638,23.4134198]",0.02441327,0,0.621081724,within_safe_vector_latitude,not_run+unchanged,1,
adm1,90331920B22703176907123,Taipei,TWN,True,"[121.4570149,24.960341,121.6651116,25.2102357]","[121.4570149,24.960341,121.6651116,25.2102357]",0.0129444,0,0.2080967,within_safe_vector_latitude,not_run+unchanged,1,
adm1,90331920B67413603294532,Kaohsiung,TWN,True,"[116.7147496,20.69748728834395,121.0487954,23.4713045]","[116.7147496,20.69748728834395,121.0487954,23.4713045]",0.01367531,0,0.8730484,within_safe_vector_latitude,not_run+unchanged,2,
adm1,86453995B76936784723703,Sughd Region,TJK,True,"[67.3369201,38.904543,70.971944,41.0450935]","[67.3369201,38.904543,70.971944,41.0450935]",0.1749543,0,3.6350239,within_safe_vector_latitude,not_run+unchanged,4,
adm1,86453995B82116761581179,Gorno-Badakhshan Autonomous Region,TJK,True,"[70.2853311,36.672037001000035,75.1494353,39.4745183]","[70.2853311,36.672037001000035,75.1494353,39.4745183]",0.436694038,0,4.8641042,within_safe_vector_latitude,not_run+unchanged,1,
adm1,86453995B89986162039288,Districts of Republican Subordination,TJK,True,"[68.056901,37.9025447,72.2279518,39.625094001000036]","[68.056901,37.9025447,72.2279518,39.625094001000036]",0.1767654,0,4.1710508,within_safe_vector_latitude,not_run+unchanged,1,
adm1,86453995B79808671966952,Khatlon Region,TJK,True,"[67.784204,36.908115775317064,70.439091,38.7347936]","[67.784204,36.908115775317064,70.439091,38.7347936]",0.14145387,0,2.654887,within_safe_vector_latitude,not_run+unchanged,1,
adm1,86453995B94288483398487,Dushanbe,TJK,True,"[68.6576614,38.4575043,68.9642334,38.6405602]","[68.6576614,38.4575043,68.9642334,38.6405602]",0.1767654,0,0.306572,within_safe_vector_latitude,not_run+unchanged,1,
adm1,36957248B55328686942733,Kilimanjaro,TZA,True,"[36.97385,-4.62396,38.4709086,-2.84846]","[36.97385,-4.62396,38.4709086,-2.84846]",0.15567,0,1.4970586,within_safe_vector_latitude,not_run+unchanged,1,
adm1,36957248B94562559517692,Mara,TZA,True,"[32.7447593,-2.5248761,35.3215904,-1.0]","[32.7447593,-2.5248761,35.3215904,-1.0]",0.7234019,0,2.5768311,within_safe_vector_latitude,not_run+unchanged,2,
adm1,36957248B99133684808243,Manyara,TZA,True,"[34.78854,-5.98084,38.0391006,-3.39265]","[34.78854,-5.98084,38.0391006,-3.39265]",0.34171,0,3.2505606,within_safe_vector_latitude,not_run+unchanged,1,
adm1,36957248B12876867554617,Arusha,TZA,True,"[34.7708829,-4.09931,37.67178630997607,-1.415869348961092]","[34.7708829,-4.09931,37.67178630997607,-1.415869348961092]",0.983589172,0,2.90090341,within_safe_vector_latitude,not_run+unchanged,1,
adm1,36957248B48065738140082,Kagera,TZA,True,"[30.408514,-3.34409,32.75025,-0.9861731]","[30.408514,-3.34409,32.75025,-0.9861731]",0.8812796,0,2.341736,within_safe_vector_latitude,not_run+unchanged,1,
adm1,36957248B75876472342648,Mbeya,TZA,True,"[31.9718304,-9.71725,35.0007401,-6.9057732]","[31.9718304,-9.71725,35.0007401,-6.9057732]",0.3409004,0,3.0289097,within_safe_vector_latitude,not_run+unchanged,2,
adm1,36957248B4897898165843,Singida,TZA,True,"[33.4393082,-7.5609751,35.37114,-3.810854]","[33.4393082,-7.5609751,35.37114,-3.810854]",0.29867,0,1.9318318,within_safe_vector_latitude,not_run+unchanged,2,
adm1,36957248B12364491601158,Mtwara,TZA,True,"[37.9724693,-11.419405,40.44482799600007,-10.128576597563363]","[37.9724693,-11.419405,40.44482799600007,-10.128576597563363]",0.1233979,0,2.472358696,within_safe_vector_latitude,not_run+unchanged,2,
adm1,36957248B77241623821364,Iringa,TZA,True,"[34.1747093,-9.0324211,36.9530411,-6.866734]","[34.1747093,-9.0324211,36.9530411,-6.866734]",0.3409004,0,2.7783318,within_safe_vector_latitude,not_run+unchanged,1,
adm1,36957248B2633782293100,Dar es Salaam,TZA,True,"[39.0098553,-7.183651505159109,39.5497166,-6.6154951]","[39.0098553,-7.183651505159109,39.5497166,-6.6154951]",0.092227,0,0.5398613,within_safe_vector_latitude,not_run+unchanged,1,
adm1,36957248B69769580879919,Lindi,TZA,True,"[36.8163109,-10.84198,39.975531,-7.93569]","[36.8163109,-10.84198,39.975531,-7.93569]",0.8920975,0,3.1592201,within_safe_vector_latitude,not_run+unchanged,1,
adm1,36957248B64143865471040,Tabora,TZA,True,"[31.0655308,-7.0174422,34.2413597,-3.8790674]","[31.0655308,-7.0174422,34.2413597,-3.8790674]",0.17083,0,3.1758289,within_safe_vector_latitude,not_run+unchanged,2,
adm1,36957248B83801093286412,Pwani,TZA,True,"[37.81443,-8.45101,39.90955965472891,-5.828001]","[37.81443,-8.45101,39.90955965472891,-5.828001]",0.1631698,0,1.617203,within_safe_vector_latitude,not_run+unchanged,1,
adm1,36957248B86098654739756,Ruvuma,TZA,True,"[34.57,-11.761254,38.07109,-9.1864481]","[34.57,-11.761254,38.07109,-9.1864481]",0.8920975,0,3.50109,within_safe_vector_latitude,not_run+unchanged,2,
adm1,36957248B51202481578817,Morogoro,TZA,True,"[35.3075714,-9.9592552,38.50328,-5.81372]","[35.3075714,-9.9592552,38.50328,-5.81372]",0.2441788,0,3.1957086,within_safe_vector_latitude,not_run+unchanged,1,
adm1,36957248B68200678446738,Rukwa,TZA,True,"[30.2610819,-9.075836482237534,32.4931412,-6.886055]","[30.2610819,-9.075836482237534,32.4931412,-6.886055]",0.2311681,0,2.2320593,within_safe_vector_latitude,not_run+unchanged,1,
adm1,36957248B11692782910073,Kigoma,TZA,True,"[29.34,-6.805,31.4904804,-2.85969]","[29.34,-6.805,31.4904804,-2.85969]",0.2234555,0,2.1504804,within_safe_vector_latitude,not_run+unchanged,1,
adm1,36957248B96174950507772,Tanga,TZA,True,"[36.99975,-6.030869,39.22030270000001,-4.1576505]","[36.99975,-6.030869,39.22030270000001,-4.1576505]",0.28853,0,2.2205527,within_safe_vector_latitude,not_run+unchanged,1,
adm1,36957248B94171853380228,Dodoma,TZA,True,"[35.0945587,-7.4149351,36.99975,-4.21307]","[35.0945587,-7.4149351,36.99975,-4.21307]",0.34171,0,1.9051913,within_safe_vector_latitude,not_run+unchanged,1,
adm1,36957248B39816127207897,Zanzibar South & Central,TZA,True,"[39.269912800000014,-6.478016573422607,39.5803349,-6.0555311]","[39.269912800000014,-6.478016573422607,39.5803349,-6.0555311]",0.0494,0,0.3104221,within_safe_vector_latitude,not_run+unchanged,1,
adm1,36957248B13188202009922,North Pemba,TZA,True,"[39.6738382,-5.2076891,39.87598419200003,-4.866321]","[39.6738382,-5.2076891,39.87598419200003,-4.866321]",0.0314131,0,0.202145992,within_safe_vector_latitude,not_run+unchanged,1,
adm1,36957248B81638677744414,Zanzibar North,TZA,True,"[39.181823632269676,-6.0836215,39.41426983830594,-5.7217882]","[39.181823632269676,-6.0836215,39.41426983830594,-5.7217882]",0.0494,0,0.232446206,within_safe_vector_latitude,not_run+unchanged,1,
adm1,36957248B66874645654546,Zanzibar Urban/West,TZA,True,"[39.18594355705885,-6.321310913191292,39.3050067633852,-6.076408811064282]","[39.18594355705885,-6.321310913191292,39.3050067633852,-6.076408811064282]",0.0481396,0,0.113815263,within_safe_vector_latitude,not_run+unchanged,1,
adm1,36957248B25003810903493,South Pemba,TZA,True,"[39.6328856,-5.464783119222083,39.8524179,-5.1785459]","[39.6328856,-5.464783119222083,39.8524179,-5.1785459]",0.0314131,0,0.2195323,within_safe_vector_latitude,not_run+unchanged,1,
adm1,36957248B34051677343112,Katavi,TZA,True,"[29.95819,-7.7450471,32.7445107,-5.18255]","[29.95819,-7.7450471,32.7445107,-5.18255]",0.2311681,0,2.7863207,within_safe_vector_latitude,not_run+unchanged,1,
adm1,36957248B16645806994912,Njombe,TZA,True,"[33.7276115,-10.5104399,35.6551018,-8.6504774]","[33.7276115,-10.5104399,35.6551018,-8.6504774]",0.2149086,0,1.9274903,within_safe_vector_latitude,not_run+unchanged,2,
adm1,36957248B67527021942185,Geita,TZA,True,"[31.1677303,-4.38057,32.7933693,-2.1598254]","[31.1677303,-4.38057,32.7933693,-2.1598254]",0.0759708,0,1.625639,within_safe_vector_latitude,not_run+unchanged,1,
adm1,36957248B66492463379082,Simiyu,TZA,True,"[33.3565035,-4.0753961,35.2244809,-2.2003293]","[33.3565035,-4.0753961,35.2244809,-2.2003293]",0.3398012,0,1.8679774,within_safe_vector_latitude,not_run+unchanged,2,
adm1,36957248B97200142584881,Mwanza,TZA,True,"[31.8634797,-3.4378338,33.7905664,-1.4621887]","[31.8634797,-3.4378338,33.7905664,-1.4621887]",0.8812796,0,1.9270867,within_safe_vector_latitude,not_run+unchanged,2,
adm1,36957248B79115240070229,Shinyanga,TZA,True,"[31.6836395,-4.3261805,34.2343407,-3.1982384]","[31.6836395,-4.3261805,34.2343407,-3.1982384]",0.0405026,0,2.5507012,within_safe_vector_latitude,not_run+unchanged,2,
adm1,36821470B96343765829948,Roi Et Province,THA,True,"[103.2952576,15.4033546,104.3559265,16.4719391]","[103.2952576,15.4033546,104.3559265,16.4719391]",0.0440979,0,1.0606689,within_safe_vector_latitude,not_run+unchanged,1,
adm1,36821470B12194119812739,Phayao Province,THA,True,"[99.6871948,18.8066022,100.6336136,19.735507]","[99.6871948,18.8066022,100.6336136,19.735507]",0.0497284,0,0.9464188,within_safe_vector_latitude,not_run+unchanged,1,
adm1,36821470B58837026258254,Nakhon Sawan Province,THA,True,"[99.0889864,15.060276,100.8341522,16.3377762]","[99.0889864,15.060276,100.8341522,16.3377762]",0.0414887,0,1.7451658,within_safe_vector_latitude,not_run+unchanged,1,
adm1,36821470B48254980905782,Nong Bua Lam Phu Province,THA,True,"[101.9449768,16.7597198,102.68839,17.6808733]","[101.9449768,16.7597198,102.68839,17.6808733]",0.0944671,0,0.7434132,within_safe_vector_latitude,not_run+unchanged,1,
adm1,36821470B91271468807469,Chachoengsao Province,THA,True,"[100.8489758,13.1715679,101.9988709,13.9766281]","[100.8489758,13.1715679,101.9988709,13.9766281]",0.0760284,0,1.1498951,within_safe_vector_latitude,not_run+unchanged,2,
adm1,36821470B33660676013176,Surin Province,THA,True,"[103.0899022,14.330884,104.0788727,15.4828546]","[103.0899022,14.330884,104.0788727,15.4828546]",0.0896072,0,0.9889705,within_safe_vector_latitude,not_run+unchanged,1,
adm1,36821470B25997690360286,Nakhon Ratchasima Province,THA,True,"[101.1849823,14.0872192,103.0188828,15.808054]","[101.1849823,14.0872192,103.0188828,15.808054]",0.0502777,0,1.8339005,within_safe_vector_latitude,not_run+unchanged,2,
adm1,36821470B85895478064474,Sukhothai Province,THA,True,"[99.2669373,16.6880493,100.1322021,17.8172188]","[99.2669373,16.6880493,100.1322021,17.8172188]",0.0655517,0,0.8652648,within_safe_vector_latitude,not_run+unchanged,1,
adm1,36821470B90667358259218,Phetchaburi Province,THA,True,"[99.0995110001981,12.5424976,100.09648792729914,13.3330536]","[99.0995110001981,12.5424976,100.09648792729914,13.3330536]",0.0449982,0,0.996976927,within_safe_vector_latitude,not_run+unchanged,1,
adm1,36821470B61102131347890,Chaiyaphum Province,THA,True,"[101.3001938,15.2133312,102.46138,16.7044411]","[101.3001938,15.2133312,102.46138,16.7044411]",0.0502777,0,1.1611862,within_safe_vector_latitude,not_run+unchanged,1,
adm1,36821470B55463016005684,Phetchabun Province,THA,True,"[100.6271973,15.3019714,101.7964178,17.1169395]","[100.6271973,15.3019714,101.7964178,17.1169395]",0.0458221,0,1.1692205,within_safe_vector_latitude,not_run+unchanged,2,
adm1,36821470B94320894939793,Surat Thani Province,THA,True,"[98.4533234,8.3099976,100.09013248611267,9.802109043028473]","[98.4533234,8.3099976,100.09013248611267,9.802109043028473]",0.0424958,0,1.3336029,within_safe_vector_latitude,not_run+unchanged,1,
adm1,36821470B45378358106724,Si Sa Ket Province,THA,True,"[103.9163818,14.341217085171724,104.9174805,15.564497]","[103.9163818,14.341217085171724,104.9174805,15.564497]",0.0558319,0,1.0010987,within_safe_vector_latitude,not_run+unchanged,1,
adm1,36821470B10823236588148,Nong Khai Province,THA,True,"[102.0583496,17.5908318,103.4094162,18.304024]","[102.0583496,17.5908318,103.4094162,18.304024]",0.1410086,0,1.3510666,within_safe_vector_latitude,not_run+unchanged,1,
adm1,36821470B28205534186964,Bangkok,THA,True,"[100.3278772,13.4934205,100.9384449,13.9551875]","[100.3278772,13.4934205,100.9384449,13.9551875]",0.121565,0,0.6105677,within_safe_vector_latitude,not_run+unchanged,1,
adm1,36821470B82174860486434,Khon Kaen Province,THA,True,"[101.7498808,15.6205521,103.1947021,17.0763855]","[101.7498808,15.6205521,103.1947021,17.0763855]",0.0483245,0,1.4448213,within_safe_vector_latitude,not_run+unchanged,1,
adm1,36821470B29302790580634,Loei Province,THA,True,"[100.8816528,16.7549282,102.152771,18.220272]","[100.8816528,16.7549282,102.152771,18.220272]",0.0436173,0,1.2711182,within_safe_vector_latitude,not_run+unchanged,2,
adm1,36821470B39713231642809,Saraburi Province,THA,True,"[100.5711136,14.2433866,101.4552612,15.0]","[100.5711136,14.2433866,101.4552612,15.0]",0.2735851,0,0.8841476,within_safe_vector_latitude,not_run+unchanged,2,
adm1,36821470B292137368164,Uthai Thani Province,THA,True,"[98.9853023,14.9379311,100.0723038,15.7827652]","[98.9853023,14.9379311,100.0723038,15.7827652]",0.0455475,0,1.0870015,within_safe_vector_latitude,not_run+unchanged,1,
adm1,36821470B15538290209832,Chumphon Province,THA,True,"[98.6288216,9.6011086,99.51897248747667,11.030886]","[98.6288216,9.6011086,99.51897248747667,11.030886]",0.0333405,0,0.890150887,within_safe_vector_latitude,not_run+unchanged,1,
adm1,36821470B98454587472110,Kalasin,THA,True,"[103.1129837,16.1891632,104.2460938,17.1011086]","[103.1129837,16.1891632,104.2460938,17.1011086]",0.0447235,0,1.1331101,within_safe_vector_latitude,not_run+unchanged,1,
adm1,36821470B89877881758540,Phitsanulok Province,THA,True,"[99.8852692,16.3470688,101.0952606,17.748144]","[99.8852692,16.3470688,101.0952606,17.748144]",0.0461121,0,1.2099914,within_safe_vector_latitude,not_run+unchanged,1,
adm1,36821470B8565245416798,Ranong Province,THA,True,"[98.38372572325036,9.3063469,98.9783173,10.787853]","[98.38372572325036,9.3063469,98.9783173,10.787853]",0.0269636,0,0.582901041,within_safe_vector_latitude,not_run+unchanged,1,
adm1,36821470B31576844110237,Udon Thani Province,THA,True,"[102.0219269,16.8246803,103.6586188,18.0881996]","[102.0219269,16.8246803,103.6586188,18.0881996]",0.0944671,0,1.6366919,within_safe_vector_latitude,not_run+unchanged,1,
adm1,36821470B62746704581928,Sakon Nakhon Province,THA,True,"[103.2461127,16.7761078,104.4433136,18.0647202]","[103.2461127,16.7761078,104.4433136,18.0647202]",0.0572205,0,1.1972009,within_safe_vector_latitude,not_run+unchanged,1,
adm1,36821470B41943429581493,Chiang Rai Province,THA,True,"[99.2597198,18.9999594,100.576705,20.46606317657188]","[99.2597198,18.9999594,100.576705,20.46606317657188]",0.0497284,0,1.3169852,within_safe_vector_latitude,not_run+unchanged,1,
adm1,36821470B1341269906223,Tak Province,THA,True,"[97.9116428,15.1808448,99.3458252,17.7519417]","[97.9116428,15.1808448,99.3458252,17.7519417]",0.0674202,0,1.4341824,within_safe_vector_latitude,not_run+unchanged,1,
adm1,36821470B57969901614599,Nakhon Pathom Province,THA,True,"[99.8069305,13.649137,100.3375172,14.1772976]","[99.8069305,13.649137,100.3375172,14.1772976]",0.0517439,0,0.5305867,within_safe_vector_latitude,not_run+unchanged,1,
adm1,36821470B42817227172980,Lamphun Province,THA,True,"[98.6676372,17.4237822,99.3152618,18.7072182]","[98.6676372,17.4237822,99.3152618,18.7072182]",0.036728,0,0.6476246,within_safe_vector_latitude,not_run+unchanged,1,
adm1,36821470B56570402043943,Trat Province,THA,True,"[102.25431929807866,11.5615185,102.9138918,12.7512655]","[102.25431929807866,11.5615185,102.9138918,12.7512655]",0.03063277,0,0.652099445,within_safe_vector_latitude,not_run+unchanged,1,
adm1,36821470B93544771177010,Ratchaburi Province,THA,True,"[99.165515,13.1416664,100.0774765,13.9444075]","[99.165515,13.1416664,100.0774765,13.9444075]",0.0449982,0,0.9119615,within_safe_vector_latitude,not_run+unchanged,1,
adm1,36821470B86493246441872,Yasothon Province,THA,True,"[104.0012887,15.2846975,104.8128433,16.3449974]","[104.0012887,15.2846975,104.8128433,16.3449974]",0.0775146,0,0.8115546,within_safe_vector_latitude,not_run+unchanged,1,
adm1,36821470B82770800477257,Phrae Province,THA,True,"[99.310257,17.6766624,100.5422134,18.834567]","[99.310257,17.6766624,100.5422134,18.834567]",0.0591583,0,1.2319564,within_safe_vector_latitude,not_run+unchanged,1,
adm1,36821470B19626602766038,Yala Province,THA,True,"[100.83515104968595,5.612851,101.6169281,6.6783323]","[100.83515104968595,5.612851,101.6169281,6.6783323]",0.0386124,0,0.78177705,within_safe_vector_latitude,not_run+unchanged,2,
adm1,36821470B55067065784454,Uttaradit Province,THA,True,"[99.8963928,17.1644402,101.192467,18.380769]","[99.8963928,17.1644402,101.192467,18.380769]",0.0591583,0,1.2960742,within_safe_vector_latitude,not_run+unchanged,1,
adm1,36821470B4901960309299,Buri Ram Province,THA,True,"[102.4355316,14.1316643,103.5037596,15.7891645]","[102.4355316,14.1316643,103.5037596,15.7891645]",0.0614492,0,1.068228,within_safe_vector_latitude,not_run+unchanged,1,
adm1,36821470B22142474761729,Kamphaeng Phet Province,THA,True,"[98.9850178,15.7824993,100.0330505,16.888607]","[98.9850178,15.7824993,100.0330505,16.888607]",0.0655517,0,1.0480327,within_safe_vector_latitude,not_run+unchanged,1,
adm1,36821470B50506304331769,Lampang Province,THA,True,"[98.8795145,17.2019386,100.1255468,19.5088882]","[98.8795145,17.2019386,100.1255468,19.5088882]",0.0674202,0,1.2460323,within_safe_vector_latitude,not_run+unchanged,1,
adm1,36821470B99224408335371,Nonthaburi Province,THA,True,"[100.2624326,13.790533,100.5675998,14.1402306]","[100.2624326,13.790533,100.5675998,14.1402306]",0.0873427,0,0.3051672,within_safe_vector_latitude,not_run+unchanged,1,
adm1,36821470B57809552794573,Bueng Kan Province,THA,True,"[103.24346,17.7661095,104.187899,18.448444999941128]","[103.24346,17.7661095,104.187899,18.448444999941128]",0.1410086,0,0.944439,within_safe_vector_latitude,not_run+unchanged,1,
adm1,36821470B28924551841133,Narathiwat Province,THA,True,"[101.3791428,5.733174015358505,102.09287641038229,6.6362445]","[101.3791428,5.733174015358505,102.09287641038229,6.6362445]",0.067481175,0,0.71373361,within_safe_vector_latitude,not_run+unchanged,1,
adm1,36821470B8778739097958,Ubon Ratchathani Province,THA,True,"[104.3839111,14.2096543,105.636812,16.09786877938124]","[104.3839111,14.2096543,105.636812,16.09786877938124]",0.1190303,0,1.2529009,within_safe_vector_latitude,not_run+unchanged,1,
adm1,36821470B69255687394343,Prachuap Khiri Khan Province,THA,True,"[99.143418,10.9536095,100.0155139,12.634092971735749]","[99.143418,10.9536095,100.0155139,12.634092971735749]",0.0417183,0,0.8720959,within_safe_vector_latitude,not_run+unchanged,2,
adm1,36821470B65611179255944,Songkhla Province,THA,True,"[100.0305481,6.289443,101.1091309,7.9362177]","[100.0305481,6.289443,101.1091309,7.9362177]",0.0522156,0,1.0785828,within_safe_vector_latitude,not_run+unchanged,1,
adm1,36821470B89498504013794,Phuket Province,THA,True,"[98.26119232200006,7.757711,98.4411623,8.198694229000068]","[98.26119232200006,7.757711,98.4411623,8.198694229000068]",0.027851,0,0.176207678,within_safe_vector_latitude,not_run+unchanged,1,
adm1,36821470B13392591504269,Ang Thong Province,THA,True,"[100.19664,14.4380531,100.5177612,14.7991657]","[100.19664,14.4380531,100.5177612,14.7991657]",0.0361175,0,0.3211212,within_safe_vector_latitude,not_run+unchanged,1,
adm1,36821470B32359336681268,Maha Sarakham Province,THA,True,"[102.8483276,15.4085956,103.5111389,16.643425]","[102.8483276,15.4085956,103.5111389,16.643425]",0.0896072,0,0.6628113,within_safe_vector_latitude,not_run+unchanged,1,
adm1,36821470B70022128015779,Trang Province,THA,True,"[99.2464611,7.0555544,100.0463562,7.9933319]","[99.2464611,7.0555544,100.0463562,7.9933319]",0.0416565,0,0.7998951,within_safe_vector_latitude,not_run+unchanged,1,
adm1,36821470B33883534921707,Suphan Buri Province,THA,True,"[99.2726074,14.060276,100.2841492,15.0757527]","[99.2726074,14.060276,100.2841492,15.0757527]",0.0708313,0,1.0115418,within_safe_vector_latitude,not_run+unchanged,1,
adm1,36821470B69138836783186,Sing Buri Province,THA,True,"[100.1919327,14.724781,100.4924774,15.1674976]","[100.1919327,14.724781,100.4924774,15.1674976]",0.0322266,0,0.3005447,within_safe_vector_latitude,not_run+unchanged,1,
adm1,36821470B82153023326894,Samut Songkhram Province,THA,True,"[99.8541565,13.2366638,100.0881408,13.5122204]","[99.8541565,13.2366638,100.0881408,13.5122204]",0.0289001,0,0.2339843,within_safe_vector_latitude,not_run+unchanged,1,
adm1,36821470B65269516307076,Rayong Province,THA,True,"[100.9841537,12.5852606,101.8305511,13.1536102]","[100.9841537,12.5852606,101.8305511,13.1536102]",0.054796815,0,0.8463974,within_safe_vector_latitude,not_run+unchanged,2,
adm1,36821470B81436549800024,Prachin Buri Province,THA,True,"[101.1326828,13.581665,102.1197128,14.4616642]","[101.1326828,13.581665,102.1197128,14.4616642]",0.1319503,0,0.98703,within_safe_vector_latitude,not_run+unchanged,2,
adm1,36821470B14521381139968,Phra Nakhon Si Ayutthaya Province,THA,True,"[100.2210388,14.1094418,100.8231256,14.6858311]","[100.2210388,14.1094418,100.8231256,14.6858311]",0.1286951,0,0.6020868,within_safe_vector_latitude,not_run+unchanged,1,
adm1,36821470B91401445526671,Phichit Province,THA,True,"[99.9769287,15.9088879,100.7730408,16.5986055]","[99.9769287,15.9088879,100.7730408,16.5986055]",0.0461121,0,0.7961121,within_safe_vector_latitude,not_run+unchanged,1,
adm1,36821470B28496430357074,Phatthalung Province,THA,True,"[99.7442169,7.0916414,100.42619692900007,7.9055548]","[99.7442169,7.0916414,100.42619692900007,7.9055548]",0.0444488,0,0.681980029,within_safe_vector_latitude,not_run+unchanged,1,
adm1,36821470B99917015254292,Phangnga Province,THA,True,"[97.84890206348862,7.8954637,98.7133179,9.4636226]","[97.84890206348862,7.8954637,98.7133179,9.4636226]",0.0366669,0,0.50376132,within_safe_vector_latitude,not_run+unchanged,1,
adm1,36821470B57629606152034,Pattani Province,THA,True,"[101.036087,6.5422211,101.72521433388972,6.943638803000056]","[101.036087,6.5422211,101.72521433388972,6.943638803000056]",0.0480652,0,0.689127334,within_safe_vector_latitude,not_run+unchanged,2,
adm1,36821470B26201996409674,Pathum Thani Province,THA,True,"[100.3315823,13.9162736,100.9516826,14.2760491]","[100.3315823,13.9162736,100.9516826,14.2760491]",0.1286951,0,0.6201003,within_safe_vector_latitude,not_run+unchanged,1,
adm1,36821470B62527593836558,Nakhon Si Thammarat Province,THA,True,"[99.2397003,7.8015366,100.3360758,9.318039079903189]","[99.2397003,7.8015366,100.3360758,9.318039079903189]",0.0522156,0,1.0963755,within_safe_vector_latitude,not_run+unchanged,1,
adm1,36821470B61535785460971,Nakhon Nayok Province,THA,True,"[100.9137436,13.9612445,101.5155487,14.5061092]","[100.9137436,13.9612445,101.5155487,14.5061092]",0.0602293,0,0.6018051,within_safe_vector_latitude,not_run+unchanged,2,
adm1,36821470B23119655123949,Mukdahan Province,THA,True,"[104.0724869,16.1904564,104.97767329082697,16.8988838]","[104.0724869,16.1904564,104.97767329082697,16.8988838]",0.4906345,0,0.905186391,within_safe_vector_latitude,not_run+unchanged,1,
adm1,36821470B25269958791686,Lopburi Province,THA,True,"[100.4330368,14.6558323,101.4097595,15.4974976]","[100.4330368,14.6558323,101.4097595,15.4974976]",0.2735851,0,0.9767227,within_safe_vector_latitude,not_run+unchanged,2,
adm1,36821470B15753947122052,Krabi Province,THA,True,"[98.62708282400007,7.4698048,99.3475037,8.6749992]","[98.62708282400007,7.4698048,99.3475037,8.6749992]",0.0424958,0,0.720420876,within_safe_vector_latitude,not_run+unchanged,1,
adm1,36821470B74825096412992,Chon Buri Province,THA,True,"[100.6670774,12.595632027233307,101.7174835,13.5908318]","[100.6670774,12.595632027233307,101.7174835,13.5908318]",0.0330658,0,0.881263713,within_safe_vector_latitude,not_run+unchanged,2,
adm1,36821470B31171150995182,Chiang Mai Province,THA,True,"[98.0808258,17.2483292,99.5916595,20.147537999565095]","[98.0808258,17.2483292,99.5916595,20.147537999565095]",0.064253478,0,1.5108337,within_safe_vector_latitude,not_run+unchanged,1,
adm1,36821470B25586803673597,Chai Nat Province,THA,True,"[99.716095,14.9072208,100.3091431,15.4196358]","[99.716095,14.9072208,100.3091431,15.4196358]",0.0708313,0,0.5930481,within_safe_vector_latitude,not_run+unchanged,1,
adm1,36821470B2573550131326,Amnat Charoen Province,THA,True,"[104.4246979,15.5501533,105.06000948538258,16.279261391802216]","[104.4246979,15.5501533,105.06000948538258,16.279261391802216]",0.1190303,0,0.635311585,within_safe_vector_latitude,not_run+unchanged,1,
adm1,36821470B38183153164097,Samut Sakhon Province,THA,True,"[100.0347137,13.4281963,100.4202998,13.7210924]","[100.0347137,13.4281963,100.4202998,13.7210924]",0.0695674,0,0.3855861,within_safe_vector_latitude,not_run+unchanged,1,
adm1,36821470B35369831436030,Samut Prakan Province,THA,True,"[100.4448474,13.4791495,100.9638955,13.7169711]","[100.4448474,13.4791495,100.9638955,13.7169711]",0.078049,0,0.5190481,within_safe_vector_latitude,not_run+unchanged,1,
adm1,36821470B5914712447243,Nan Province,THA,True,"[100.3358868,18.0125179,101.355358,19.63407]","[100.3358868,18.0125179,101.355358,19.63407]",0.0435591,0,1.0194712,within_safe_vector_latitude,not_run+unchanged,2,
adm1,36821470B14101604973013,Chanthaburi Province,THA,True,"[101.6849823,12.303750039000022,102.5352091,13.3361988]","[101.6849823,12.303750039000022,102.5352091,13.3361988]",0.0388794,0,0.8502268,within_safe_vector_latitude,not_run+unchanged,1,
adm1,36821470B33387239802611,Nakhon Phanom Province,THA,True,"[103.9863663,16.8053846,104.806346,18.02484]","[103.9863663,16.8053846,104.806346,18.02484]",0.4906345,0,0.8199797,within_safe_vector_latitude,not_run+unchanged,1,
adm1,36821470B15979952926255,Kanchanaburi Province,THA,True,"[98.181697,13.726142,99.8922119,15.6630116]","[98.181697,13.726142,99.8922119,15.6630116]",0.0416718,0,1.7105149,within_safe_vector_latitude,not_run+unchanged,1,
adm1,36821470B62325531860543,Mae Hong Son Province,THA,True,"[97.3438072,17.5667808,98.6552582,19.813948]","[97.3438072,17.5667808,98.6552582,19.813948]",0.0647125,0,1.311451,within_safe_vector_latitude,not_run+unchanged,1,
adm1,36821470B21581797364135,Sa Kaeo Province,THA,True,"[101.9441376,13.1577759,102.9409821,14.1880531]","[101.9441376,13.1577759,102.9409821,14.1880531]",0.1319503,0,0.9968445,within_safe_vector_latitude,not_run+unchanged,1,
adm1,36821470B18098062997541,Satun Province,THA,True,"[99.17573307071636,6.42299998869718,100.2197037,7.145833]","[99.17573307071636,6.42299998869718,100.2197037,7.145833]",0.032942,0,0.548525009,within_safe_vector_latitude,not_run+unchanged,1,
adm1,58719522B69518090574338,Oecusse,TLS,True,"[124.04188454500002,-9.5041705,124.48262208055202,-9.1668849]","[124.04188454500002,-9.5041705,124.48262208055202,-9.1668849]",0.0109962,0,0.440737536,within_safe_vector_latitude,not_run+unchanged,1,
adm1,58719522B52176164477569,Aileu,TLS,True,"[125.4624383,-8.8493544,125.7775144,-8.5767107]","[125.4624383,-8.8493544,125.7775144,-8.5767107]",0.0503781,0,0.3150761,within_safe_vector_latitude,not_run+unchanged,1,
adm1,58719522B96669271034989,Ainaro,TLS,True,"[125.3258362,-9.2830770812716,125.7066445,-8.7692536]","[125.3258362,-9.2830770812716,125.7066445,-8.7692536]",0.0410129,0,0.3808083,within_safe_vector_latitude,not_run+unchanged,1,
adm1,58719522B57750794760959,Baucau,TLS,True,"[126.1824451659948,-8.6909726,126.800159,-8.411948196501694]","[126.1824451659948,-8.6909726,126.800159,-8.411948196501694]",0.0526387,0,0.617713834,within_safe_vector_latitude,not_run+unchanged,1,
adm1,58719522B64128847782213,Bobonaro,TLS,True,"[124.931763,-9.208034,125.4373597,-8.7408952]","[124.931763,-9.208034,125.4373597,-8.7408952]",0.0361689,0,0.5055967,within_safe_vector_latitude,not_run+unchanged,1,
adm1,58719522B58123781478976,Cova Lima,TLS,True,"[124.98160581700006,-9.462172244417978,125.35928056678573,-9.16997]","[124.98160581700006,-9.462172244417978,125.35928056678573,-9.16997]",0.025587785,0,0.37767475,within_safe_vector_latitude,not_run+unchanged,1,
adm1,58719522B43373882655947,Dili,TLS,True,"[125.50336841552414,-8.6157121,125.8528682,-8.134583471999974]","[125.50336841552414,-8.6157121,125.8528682,-8.134583471999974]",0.0503781,0,0.3241829,within_safe_vector_latitude,not_run+unchanged,1,
adm1,58719522B37683587147705,Ermera,TLS,True,"[125.1815868,-8.9900834,125.5286402,-8.6175821]","[125.1815868,-8.9900834,125.5286402,-8.6175821]",0.054715,0,0.3470534,within_safe_vector_latitude,not_run+unchanged,1,
adm1,58719522B74673759114814,Lautém,TLS,True,"[126.71535313944428,-8.7605106,127.3017292,-8.322511419999955]","[126.71535313944428,-8.7605106,127.3017292,-8.322511419999955]",0.0235744,0,0.586376061,within_safe_vector_latitude,not_run+unchanged,1,
adm1,58719522B91889916528445,Liquiçá,TLS,True,"[125.0910274843578,-8.7537598,125.5363604,-8.538328410644638]","[125.0910274843578,-8.7537598,125.5363604,-8.538328410644638]",0.054715,0,0.445332916,within_safe_vector_latitude,not_run+unchanged,1,
adm1,58719522B79491931293061,Manatuto,TLS,True,"[125.7144897,-9.04845266353528,126.2204264,-8.4749069]","[125.7144897,-9.04845266353528,126.2204264,-8.4749069]",0.0364918,0,0.5059367,within_safe_vector_latitude,not_run+unchanged,1,
adm1,58719522B42816757733835,Manufahi,TLS,True,"[125.5416241,-9.195654132592344,126.07296165052388,-8.8003054]","[125.5416241,-9.195654132592344,126.07296165052388,-8.8003054]",0.0365031,0,0.531337551,within_safe_vector_latitude,not_run+unchanged,1,
adm1,58719522B88874257219633,Viqueque,TLS,True,"[126.0464257,-8.992990128541562,126.74054670771218,-8.6548981]","[126.0464257,-8.992990128541562,126.74054670771218,-8.6548981]",0.0527862,0,0.694121008,within_safe_vector_latitude,not_run+unchanged,1,
adm1,44829518B73084759902551,Savanes Region,TGO,True,"[-0.1437842,9.884112,1.000278,11.139489612742354]","[-0.1437842,9.884112,1.000278,11.139489612742354]",0.068889,0,1.1440622,within_safe_vector_latitude,not_run+unchanged,2,
adm1,44829518B37847489557890,Kara Region,TGO,True,"[0.227275,8.8631745,1.543856715505959,10.37952751475118]","[0.227275,8.8631745,1.543856715505959,10.37952751475118]",0.53748533,0,1.316581716,within_safe_vector_latitude,not_run+unchanged,1,
adm1,44829518B22237151485853,Centrale Region,TGO,True,"[0.374259,7.9052575,1.650966999000048,9.298056]","[0.374259,7.9052575,1.650966999000048,9.298056]",0.1922422,0,1.276707999,within_safe_vector_latitude,not_run+unchanged,1,
adm1,44829518B26250432968900,Plateaux Region,TGO,True,"[0.519621,6.546599,1.646989,8.3832797]","[0.519621,6.546599,1.646989,8.3832797]",0.2241109,0,1.127368,within_safe_vector_latitude,not_run+unchanged,1,
adm1,44829518B32493797453601,Maritime Region,TGO,True,"[0.712423,6.112430099999926,1.798029455442841,6.922317799999973]","[0.712423,6.112430099999926,1.798029455442841,6.922317799999973]",0.2241109,0,1.085606455,within_safe_vector_latitude,not_run+unchanged,1,
adm1,17741764B90379454256238,Nui,TUV,True,"[177.15872192400002,-7.252733279992518,177.16325292183666,-7.249046284830347]","[177.15872192400002,-7.252733279992518,177.16325292183666,-7.249046284830347]",0.00317494,0,0.004530998,within_safe_vector_latitude,not_run+unchanged,1,
adm1,17741764B83632895409465,Vaitupu,TUV,True,"[178.6780171422235,-7.492944239999929,178.696634,-7.46848902783952]","[178.6780171422235,-7.492944239999929,178.696634,-7.46848902783952]",0.0041888,0,0.012238967,within_safe_vector_latitude,not_run+unchanged,1,
adm1,17741764B30576374901893,Nukufetau,TUV,True,"[178.3724595,-8.073549141269275,178.37794494700006,-8.06103361987378]","[178.3724595,-8.073549141269275,178.37794494700006,-8.06103361987378]",0.0028199,0,0.005485447,within_safe_vector_latitude,not_run+unchanged,1,
adm1,17295835B80141219017784,Northern Region,UGA,True,"[30.74077159208204,1.3652242,35.0002724,4.218628]","[30.74077159208204,1.3652242,35.0002724,4.218628]",0.301756,0,4.259500808,within_safe_vector_latitude,not_run+unchanged,2,
adm1,17295835B57878138064711,Eastern Region,UGA,True,"[32.8195278,-0.1638873,34.831583,2.4189388]","[32.8195278,-0.1638873,34.831583,2.4189388]",0.301756,0,2.0120552,within_safe_vector_latitude,not_run+unchanged,3,
adm1,17295835B48340970483027,Central Region,UGA,True,"[31.0124832,-1.0461555,34.08006335200524,1.6777041]","[31.0124832,-1.0461555,34.08006335200524,1.6777041]",0.196382771,0,3.067580152,within_safe_vector_latitude,not_run+unchanged,4,
adm1,17295835B91329899113986,Western Region,UGA,True,"[29.573443,-1.482317877999947,32.3628859,2.5140996]","[29.573443,-1.482317877999947,32.3628859,2.5140996]",0.0711314,0,2.7894429,within_safe_vector_latitude,not_run+unchanged,2,
adm1,27058087B51474914010310,Salto,URY,True,"[-58.082809,-31.8712885,-56.0098875,-30.741539]","[-58.082809,-31.8712885,-56.0098875,-30.741539]",0.1243382,0,2.0729215,within_safe_vector_latitude,not_run+unchanged,2,
adm1,27058087B22084813565519,Artigas,URY,True,"[-57.891414,-31.0850629,-55.95874581114427,-30.0853962]","[-57.891414,-31.0850629,-55.95874581114427,-30.0853962]",0.169081457,0,1.932668189,within_safe_vector_latitude,not_run+unchanged,2,
adm1,27058087B19329078127106,Canelones,URY,True,"[-56.4939557,-34.879602,-55.393302,-34.2076908]","[-56.4939557,-34.879602,-55.393302,-34.2076908]",0.0524738,0,1.1006537,within_safe_vector_latitude,not_run+unchanged,2,
adm1,27058087B52084370772895,Rivera,URY,True,"[-56.1849767,-32.1099533,-54.4516217,-30.8329071]","[-56.1849767,-32.1099533,-54.4516217,-30.8329071]",0.053238849,0,1.733355,within_safe_vector_latitude,not_run+unchanged,2,
adm1,27058087B97113143242340,Montevideo,URY,True,"[-56.42839707699994,-34.9294603,-56.022500626560074,-34.7018526]","[-56.42839707699994,-34.9294603,-56.022500626560074,-34.7018526]",0.017557872,0,0.40589645,within_safe_vector_latitude,not_run+unchanged,2,
adm1,27058087B438131503863,Maldonado,URY,True,"[-55.4838537,-34.9723612,-54.4644858,-33.9289775]","[-55.4838537,-34.9723612,-54.4644858,-33.9289775]",0.0423288,0,1.0193679,within_safe_vector_latitude,not_run+unchanged,1,
adm1,27058087B10223787783888,Lavalleja,URY,True,"[-55.6241841,-34.6354986,-54.1290591,-33.3194283]","[-55.6241841,-34.6354986,-54.1290591,-33.3194283]",0.0685995,0,1.495125,within_safe_vector_latitude,not_run+unchanged,1,
adm1,27058087B4606463382645,Florida,URY,True,"[-56.5363608,-34.4264334,-55.0985376,-33.1018595]","[-56.5363608,-34.4264334,-55.0985376,-33.1018595]",0.0287682,0,1.4378232,within_safe_vector_latitude,not_run+unchanged,2,
adm1,27058087B9919519605551,San José,URY,True,"[-57.15213021331201,-34.78324629399998,-56.3421911,-33.8333985]","[-57.15213021331201,-34.78324629399998,-56.3421911,-33.8333985]",0.244523,0,0.803788372,within_safe_vector_latitude,not_run+unchanged,1,
adm1,27058087B85503990233673,Treinta y Tres,URY,True,"[-55.1588326,-33.4598733,-53.29301,-32.6983383]","[-55.1588326,-33.4598733,-53.29301,-32.6983383]",0.0685995,0,1.8658226,within_safe_vector_latitude,not_run+unchanged,1,
adm1,27058087B64628270573025,Flores,URY,True,"[-57.3608672,-33.9847872,-56.3962574,-33.1190158]","[-57.3608672,-33.9847872,-56.3962574,-33.1190158]",0.244523,0,0.9646098,within_safe_vector_latitude,not_run+unchanged,1,
adm1,27058087B99783771080652,Durazno,URY,True,"[-57.2003211,-33.5069057,-55.0058418,-32.4090113]","[-57.2003211,-33.5069057,-55.0058418,-32.4090113]",0.0468312,0,2.1944793,within_safe_vector_latitude,not_run+unchanged,2,
adm1,27058087B69444591785940,Soriano,URY,True,"[-58.44058453799994,-33.9556031,-57.0892458,-33.000755]","[-58.44058453799994,-33.9556031,-57.0892458,-33.000755]",0.0395907,0,1.351338738,within_safe_vector_latitude,not_run+unchanged,1,
adm1,27058087B79494286721501,Colonia,URY,True,"[-58.42353745799994,-34.4749069,-56.9823201,-33.7646345]","[-58.42353745799994,-34.4749069,-56.9823201,-33.7646345]",0.0395907,0,1.441217358,within_safe_vector_latitude,not_run+unchanged,1,
adm1,27058087B55390925666910,Rocha,URY,True,"[-54.5708645,-34.8018035,-53.3731796,-33.1508263]","[-54.5708645,-34.8018035,-53.3731796,-33.1508263]",0.038156,0,1.1976849,within_safe_vector_latitude,not_run+unchanged,1,
adm1,27058087B72518212949854,Cerro Largo,URY,True,"[-55.353237,-33.0293972,-53.183776400430595,-31.6517073]","[-55.353237,-33.0293972,-53.183776400430595,-31.6517073]",0.1250466,0,2.1694606,within_safe_vector_latitude,not_run+unchanged,2,
adm1,27058087B78128732832923,Tacuarembó,URY,True,"[-56.6832771,-32.8664767,-54.6673619,-31.2307092]","[-56.6832771,-32.8664767,-54.6673619,-31.2307092]",0.0468312,0,2.0159152,within_safe_vector_latitude,not_run+unchanged,4,
adm1,27058087B55907822213987,Paysandú,URY,True,"[-58.22150735018403,-32.5956181,-56.2385707,-31.4524653]","[-58.22150735018403,-32.5956181,-56.2385707,-31.4524653]",0.214410556,0,1.98293665,within_safe_vector_latitude,not_run+unchanged,4,
adm1,27058087B51576366641273,Río Negro,URY,True,"[-58.424525657999936,-33.41070314299998,-56.5463946,-32.3426968]","[-58.424525657999936,-33.41070314299998,-56.5463946,-32.3426968]",0.0298691,0,1.878131058,within_safe_vector_latitude,not_run+unchanged,1,
adm1,4885205B10194269353937,Andijan Region,UZB,True,"[71.4953748,40.4012386,73.148946,41.059315]","[71.4953748,40.4012386,73.148946,41.059315]",0.2000124,0,1.6535712,within_safe_vector_latitude,not_run+unchanged,2,
adm1,4885205B52900409035974,Namangan Region,UZB,True,"[70.3884322,40.6146614,72.20829828258579,41.53998197994625]","[70.3884322,40.6146614,72.20829828258579,41.53998197994625]",0.1858225,0,1.819866083,within_safe_vector_latitude,not_run+unchanged,2,
adm1,4885205B77081451230863,Fergana Region,UZB,True,"[70.32890677650308,39.886283,72.2233115,40.7727094]","[70.32890677650308,39.886283,72.2233115,40.7727094]",0.2000124,0,1.894404723,within_safe_vector_latitude,not_run+unchanged,1,
adm1,4885205B61406292800140,Republic of Karakalpakstan,UZB,True,"[55.9979997,40.9803622,62.4830469,46.0069095]","[55.9979997,40.9803622,62.4830469,46.0069095]",0.775788227,0,6.4850472,within_safe_vector_latitude,not_run+unchanged,2,
adm1,4885205B19700274577063,Xorazm Region,UZB,True,"[60.0580917959921,40.5177161,62.4519344,41.988283]","[60.0580917959921,40.5177161,62.4519344,41.988283]",0.298539662,0,1.340318512,within_safe_vector_latitude,not_run+unchanged,2,
adm1,4885205B99988496879040,Navoiy Region,UZB,True,"[61.793973,39.448934,66.8052522,43.7353744]","[61.793973,39.448934,66.8052522,43.7353744]",0.772239405,0,5.0112792,within_safe_vector_latitude,not_run+unchanged,2,
adm1,4885205B83157789420886,Surxondaryo Region,UZB,True,"[66.52219300579631,37.11774991886395,68.40299795895768,39.026491]","[66.52219300579631,37.11774991886395,68.40299795895768,39.026491]",0.2505659,0,1.880804953,within_safe_vector_latitude,not_run+unchanged,2,
adm1,4885205B88950770616501,Samarqand Region,UZB,True,"[65.12387,39.2927696,67.5044408,40.6191559]","[65.12387,39.2927696,67.5044408,40.6191559]",0.2230547,0,2.3805708,within_safe_vector_latitude,not_run+unchanged,2,
adm1,4885205B31052891590801,Tashkent Region,UZB,True,"[68.64120350187065,40.19594397314785,71.270303,42.294571872954734]","[68.64120350187065,40.19594397314785,71.270303,42.294571872954734]",0.121935346,0,2.629099498,within_safe_vector_latitude,not_run+unchanged,2,
adm1,4885205B28875075161645,Sirdaryo Region,UZB,True,"[68.0885924,40.1697712,69.1697815,41.03136677700007]","[68.0885924,40.1697712,69.1697815,41.03136677700007]",0.1749543,0,1.0811891,within_safe_vector_latitude,not_run+unchanged,2,
adm1,4885205B95489449998794,Jizzakh Region,UZB,True,"[66.6080317,39.4902726,69.0254488,41.18222216923236]","[66.6080317,39.4902726,69.0254488,41.18222216923236]",0.227049799,0,2.4174171,within_safe_vector_latitude,not_run+unchanged,4,
adm1,4885205B6498512583322,Bukhara Region,UZB,True,"[62.1990347,38.952416528524346,65.3878727,41.4680473]","[62.1990347,38.952416528524346,65.3878727,41.4680473]",0.3675601,0,3.188838,within_safe_vector_latitude,not_run+unchanged,2,
adm1,4885205B24593429876046,Qashqadaryo Region,UZB,True,"[64.38673039208133,37.97805124562894,67.6925365,39.5202706]","[64.38673039208133,37.97805124562894,67.6925365,39.5202706]",0.2572324,0,3.305806108,within_safe_vector_latitude,not_run+unchanged,2,
adm1,4885205B91155372132343,Tashkent,UZB,True,"[69.1218864,41.1705532,69.4076068,41.3979357]","[69.1218864,41.1705532,69.4076068,41.3979357]",0.0892854,0,0.2857204,within_safe_vector_latitude,not_run+unchanged,1,
adm1,32282491B7486560380604,Sanma,VUT,True,"[166.5414822,-15.7536997,167.2972001,-14.647457500778842]","[166.5414822,-15.7536997,167.2972001,-14.647457500778842]",0.0290545,0,0.705603371,within_safe_vector_latitude,not_run+unchanged,1,
adm1,32282491B8417950609019,Torba,VUT,True,"[166.5429461,-14.34630584699994,167.7104187010001,-13.074644988911796]","[166.5429461,-14.34630584699994,167.7104187010001,-13.074644988911796]",0.0161758,0,0.198970172,within_safe_vector_latitude,not_run+unchanged,1,
adm1,32282491B78905986242135,Penama,VUT,True,"[167.6730233,-16.004419420659836,168.27959610456202,-14.938843847830293]","[167.6730233,-16.004419420659836,168.27959610456202,-14.938843847830293]",0.0172381,0,0.3199433,within_safe_vector_latitude,not_run+unchanged,1,
adm1,32282491B5439526076152,Malampa,VUT,True,"[167.1537157,-16.585228307999955,168.31124878100002,-15.8787751]","[167.1537157,-16.585228307999955,168.31124878100002,-15.8787751]",0.0202501,0,0.680877319,within_safe_vector_latitude,not_run+unchanged,1,
adm1,32282491B17169683382430,Shefa Province,VUT,True,"[168.1182619,-17.8262744,168.58792114200003,-16.568632968823874]","[168.1182619,-17.8262744,168.58792114200003,-16.568632968823874]",0.023269653,0,0.430444542,within_safe_vector_latitude,not_run+unchanged,1,
adm1,32282491B61228346728599,Tafea,VUT,True,"[168.986786,-20.24253,170.2381737,-18.62961196899994]","[168.986786,-20.24253,170.2381737,-18.62961196899994]",0.016675,0,0.338638195,within_safe_vector_latitude,not_run+unchanged,1,
adm1,52476719B53484862947726,Vatican City,VAT,True,"[12.446829073706908,41.900183,12.45830170225091,41.907417]","[12.446829073706908,41.900183,12.45830170225091,41.907417]",0.002278428,0,0.011472629,within_safe_vector_latitude,not_run+unchanged,1,
adm1,42786344B3576998924110,Amazonas,VEN,True,"[-67.86080804499994,0.647529,-63.354771,6.197393618000035]","[-67.86080804499994,0.647529,-63.354771,6.197393618000035]",0.295755917,0,4.506037045,within_safe_vector_latitude,not_run+unchanged,2,
adm1,42786344B73501178505024,Anzoátegui,VEN,True,"[-65.72347622899997,7.658482665000065,-62.67983073299996,10.25682234200002]","[-65.72347622899997,7.658482665000065,-62.67983073299996,10.25682234200002]",0.164801696,0,3.043645496,within_safe_vector_latitude,not_run+unchanged,1,
adm1,42786344B62999479728563,Apure,VEN,True,"[-72.41377955399997,6.07957188000006,-66.32842520499997,8.068047093000075]","[-72.41377955399997,6.07957188000006,-66.32842520499997,8.068047093000075]",0.30329969,0,6.085354349,within_safe_vector_latitude,not_run+unchanged,2,
adm1,42786344B2655295482970,Aragua,VEN,True,"[-67.88179358799994,9.251793682000027,-66.54614204499995,10.536488623000025]","[-67.88179358799994,9.251793682000027,-66.54614204499995,10.536488623000025]",0.089527434,0,1.335651543,within_safe_vector_latitude,not_run+unchanged,2,
adm1,42786344B61768817645443,Barinas,VEN,True,"[-71.87934756799996,7.286395230000039,-67.50157139399994,9.061536409000041]","[-71.87934756799996,7.286395230000039,-67.50157139399994,9.061536409000041]",0.136362454,0,4.377776174,within_safe_vector_latitude,not_run+unchanged,1,
adm1,42786344B61423155075663,Bolívar,VEN,True,"[-67.43995967999996,3.606121834000021,-60.2728973100687,8.443379747000051]","[-67.43995967999996,3.606121834000021,-60.2728973100687,8.443379747000051]",0.393102965,0,7.16706237,within_safe_vector_latitude,not_run+unchanged,1,
adm1,42786344B39547000593274,Carabobo,VEN,True,"[-68.42756093199995,9.811266303000025,-67.51734891799998,10.582984203000024]","[-68.42756093199995,9.811266303000025,-67.51734891799998,10.582984203000024]",0.021296992,0,0.910212014,within_safe_vector_latitude,not_run+unchanged,1,
adm1,42786344B77282727010945,Cojedes,VEN,True,"[-68.98765821299997,8.532920420000039,-67.75274411399994,10.085418451000066]","[-68.98765821299997,8.532920420000039,-67.75274411399994,10.085418451000066]",0.034953233,0,1.234914099,within_safe_vector_latitude,not_run+unchanged,1,
adm1,42786344B20573203446638,Delta Amacuro,VEN,True,"[-62.611606764999976,7.753446217000032,-59.801389,10.017995086000042]","[-62.611606764999976,7.753446217000032,-59.801389,10.017995086000042]",0.393102965,0,2.810217765,within_safe_vector_latitude,not_run+unchanged,1,
adm1,42786344B65702840901799,Distrito Capital,VEN,True,"[-67.16337861899996,10.38348125400006,-66.86207501199993,10.562548023000033]","[-67.16337861899996,10.38348125400006,-66.86207501199993,10.562548023000033]",0.024751081,0,0.301303607,within_safe_vector_latitude,not_run+unchanged,1,
adm1,42786344B50141382807972,Falcón,VEN,True,"[-71.31500650199996,10.30112579300004,-68.221365200883,12.195067227000038]","[-71.31500650199996,10.30112579300004,-68.221365200883,12.195067227000038]",0.135731904,0,3.093641301,within_safe_vector_latitude,not_run+unchanged,2,
adm1,42786344B64923890567976,Guárico,VEN,True,"[-68.02891881299996,7.62336407600003,-64.77438555999998,10.040531761000068]","[-68.02891881299996,7.62336407600003,-64.77438555999998,10.040531761000068]",0.145435474,0,3.254533253,within_safe_vector_latitude,not_run+unchanged,2,
adm1,42786344B94533756407676,La Guaira,VEN,True,"[-67.41248207599995,10.388207434000037,-66.30947916199995,10.632190953000077]","[-67.41248207599995,10.388207434000037,-66.30947916199995,10.632190953000077]",0.023971031,0,1.103002914,within_safe_vector_latitude,not_run+unchanged,1,
adm1,42786344B49156049988670,Lara,VEN,True,"[-70.88104056399999,9.401902482000025,-68.87485797299996,10.745339072000036]","[-70.88104056399999,9.401902482000025,-68.87485797299996,10.745339072000036]",0.122260838,0,2.006182591,within_safe_vector_latitude,not_run+unchanged,1,
adm1,42786344B40280485548078,Mérida,VEN,True,"[-71.91505770999999,7.662249539000072,-70.54364643699995,9.197875053000075]","[-71.91505770999999,7.662249539000072,-70.54364643699995,9.197875053000075]",0.163429636,0,1.371411273,within_safe_vector_latitude,not_run+unchanged,1,
adm1,42786344B65180575927800,Miranda,VEN,True,"[-67.22050711499998,9.935113351000041,-65.42822346599996,10.649856807000049]","[-67.22050711499998,9.935113351000041,-65.42822346599996,10.649856807000049]",0.048525273,0,1.792283649,within_safe_vector_latitude,not_run+unchanged,1,
adm1,42786344B38668383698960,Monagas,VEN,True,"[-64.06272236699994,8.382449182000073,-61.99678935299994,10.319238189000032]","[-64.06272236699994,8.382449182000073,-61.99678935299994,10.319238189000032]",0.164801696,0,2.065933014,within_safe_vector_latitude,not_run+unchanged,1,
adm1,42786344B5537637438530,Nueva Esparta,VEN,True,"[-64.4095826330323,10.732055665000075,-63.77673335884851,11.177502235449323]","[-64.4095826330323,10.732055665000075,-63.77673335884851,11.177502235449323]",0.02473823,0,0.632849274,within_safe_vector_latitude,not_run+unchanged,1,
adm1,42786344B52185535187745,Portuguesa,VEN,True,"[-70.20209451599999,8.091448383000056,-68.51237170599995,9.84173332000006]","[-70.20209451599999,8.091448383000056,-68.51237170599995,9.84173332000006]",0.136362454,0,1.68972281,within_safe_vector_latitude,not_run+unchanged,1,
adm1,42786344B70556453045523,Sucre,VEN,True,"[-64.53070585899997,10.032721498000058,-61.85328578122679,10.765104105827058]","[-64.53070585899997,10.032721498000058,-61.85328578122679,10.765104105827058]",0.037291634,0,2.677420078,within_safe_vector_latitude,not_run+unchanged,1,
adm1,42786344B49171663325386,Táchira,VEN,True,"[-72.48920832096084,7.36113001800004,-71.31677261599998,8.648494802000073]","[-72.48920832096084,7.36113001800004,-71.31677261599998,8.648494802000073]",0.098950359,0,1.172435705,within_safe_vector_latitude,not_run+unchanged,1,
adm1,42786344B81831268549679,Trujillo,VEN,True,"[-71.08853090652006,8.95209718600006,-69.99985064099997,10.039165022000077]","[-71.08853090652006,8.95209718600006,-69.99985064099997,10.039165022000077]",0.053710593,0,1.088680266,within_safe_vector_latitude,not_run+unchanged,1,
adm1,42786344B9474541360511,Yaracuy,VEN,True,"[-69.20828769599996,9.83466554000006,-68.24872068099995,10.774063650000073]","[-69.20828769599996,9.83466554000006,-68.24872068099995,10.774063650000073]",0.135731904,0,0.959567015,within_safe_vector_latitude,not_run+unchanged,1,
adm1,42786344B42509353156725,Zulia,VEN,True,"[-73.36585692696148,8.364142690042453,-70.66763133199998,11.835996292696331]","[-73.36585692696148,8.364142690042453,-70.66763133199998,11.835996292696331]",0.20473725,0,2.268122278,within_safe_vector_latitude,not_run+unchanged,2,
adm1,42786344B77541452473448,Dependencias Federales,VEN,True,"[-66.64148197959113,10.883722305000049,-64.55960845999994,11.894329]","[-66.64148197959113,10.883722305000049,-64.55960845999994,11.894329]",0.037978915,0,0.224536115,within_safe_vector_latitude,not_run+unchanged,2,
adm1,63759600B46141220358660,An Giang,VNM,True,"[104.78026799312511,10.203064496929017,105.56992041189756,10.959809788694601]","[104.78026799312511,10.203064496929017,105.56992041189756,10.959809788694601]",0.159365852,0,0.789652419,within_safe_vector_latitude,not_run+unchanged,1,
adm1,63759600B21811289888982,Bà Rịa–Vũng Tàu,VNM,True,"[107.00723400744357,10.32683683125481,107.54591704966263,10.757098931870246]","[107.00723400744357,10.32683683125481,107.54591704966263,10.757098931870246]",0.090518015,0,0.538683042,within_safe_vector_latitude,not_run+unchanged,1,
adm1,63759600B37262939240335,Bắc Giang,VNM,True,"[105.96891894225541,21.165756613377084,107.10181399921674,21.617962245661147]","[105.96891894225541,21.165756613377084,107.10181399921674,21.617962245661147]",0.270508437,0,1.132895057,within_safe_vector_latitude,not_run+unchanged,1,
adm1,63759600B29118141744967,Bắc Kạn,VNM,True,"[105.44056962069152,21.818535595441404,106.26106002529997,22.73084456592403]","[105.44056962069152,21.818535595441404,106.26106002529997,22.73084456592403]",0.145210415,0,0.820490405,within_safe_vector_latitude,not_run+unchanged,2,
adm1,63759600B49404698723526,Bạc Liêu,VNM,True,"[105.23378395926238,9.058766171996034,105.83762040727377,9.633267520379832]","[105.23378395926238,9.058766171996034,105.83762040727377,9.633267520379832]",0.352178789,0,0.603836448,within_safe_vector_latitude,not_run+unchanged,1,
adm1,63759600B40382966221261,Bắc Ninh,VNM,True,"[105.96741591341373,20.977620507080815,106.3899592597121,21.280537601429216]","[105.96741591341373,20.977620507080815,106.3899592597121,21.280537601429216]",0.270508437,0,0.422543346,within_safe_vector_latitude,not_run+unchanged,1,
adm1,63759600B71233846988018,Bến Tre,VNM,True,"[106.03304669048325,9.829880262747832,106.78387473359759,10.31359118808291]","[106.03304669048325,9.829880262747832,106.78387473359759,10.31359118808291]",0.186730757,0,0.750828043,within_safe_vector_latitude,not_run+unchanged,1,
adm1,63759600B9901642676381,Bình Định,VNM,True,"[108.65552403770425,13.537166449572055,109.30172468314765,14.71612734659982]","[108.65552403770425,13.537166449572055,109.30172468314765,14.71612734659982]",0.153126306,0,0.646200645,within_safe_vector_latitude,not_run+unchanged,1,
adm1,63759600B4649941622975,Bình Dương,VNM,True,"[106.3629186890463,10.863274994345545,106.94946925470242,11.472675608292718]","[106.3629186890463,10.863274994345545,106.94946925470242,11.472675608292718]",0.166473857,0,0.586550566,within_safe_vector_latitude,not_run+unchanged,2,
adm1,63759600B13042736323456,Bình Phước,VNM,True,"[106.411855,11.305413158790316,107.43129089475906,12.28469136311594]","[106.411855,11.305413158790316,107.43129089475906,12.28469136311594]",0.172803575,0,1.019435895,within_safe_vector_latitude,not_run+unchanged,1,
adm1,63759600B31473825670333,Bình Thuận,VNM,True,"[107.39830698617851,10.543957966126126,108.83978150745682,11.552357174743861]","[107.39830698617851,10.543957966126126,108.83978150745682,11.552357174743861]",0.212286716,0,1.441474521,within_safe_vector_latitude,not_run+unchanged,2,
adm1,63759600B81181225404594,Cà Mau,VNM,True,"[104.71958160400004,8.578753222583202,105.44126722125608,9.593426971877307]","[104.71958160400004,8.578753222583202,105.44126722125608,9.593426971877307]",0.179981451,0,0.647520273,within_safe_vector_latitude,not_run+unchanged,1,
adm1,63759600B21046589863912,Cần Thơ,VNM,True,"[105.21510175334328,9.905815649572617,105.89628422945795,10.342838293952127]","[105.21510175334328,9.905815649572617,105.89628422945795,10.342838293952127]",0.255228116,0,0.681182476,within_safe_vector_latitude,not_run+unchanged,1,
adm1,63759600B11108179203280,Cao Bằng,VNM,True,"[105.30487214833101,22.333928375294363,106.83737273300005,23.28252977300008]","[105.30487214833101,22.333928375294363,106.83737273300005,23.28252977300008]",0.464987767,0,1.532500585,within_safe_vector_latitude,not_run+unchanged,1,
adm1,63759600B5991530625500,Côn Đảo,VNM,True,"[106.56461334200009,8.638694764000036,106.64238488815215,8.703310139851112]","[106.56461334200009,8.638694764000036,106.64238488815215,8.703310139851112]",0.060636607,0,0.077771546,within_safe_vector_latitude,not_run+unchanged,1,
adm1,63759600B8583399541445,Đà Nẵng,VNM,True,"[107.81939616739925,15.932912198239421,108.29198855585533,16.208914375198333]","[107.81939616739925,15.932912198239421,108.29198855585533,16.208914375198333]",0.223103473,0,0.472592388,within_safe_vector_latitude,not_run+unchanged,1,
adm1,63759600B97182540787332,Đắk Lắk,VNM,True,"[107.484724,12.170010819443803,109.01624646755516,13.431749578580252]","[107.484724,12.170010819443803,109.01624646755516,13.431749578580252]",0.257289531,0,1.531522468,within_safe_vector_latitude,not_run+unchanged,1,
adm1,63759600B22683796323846,Đắk Nông,VNM,True,"[107.21155178798466,11.766659525416799,108.13339940066186,12.803411647129849]","[107.21155178798466,11.766659525416799,108.13339940066186,12.803411647129849]",0.257289531,0,0.921847613,within_safe_vector_latitude,not_run+unchanged,1,
adm1,63759600B72990231521734,Điện Biên,VNM,True,"[102.14588283092797,20.896006148710054,103.59592265810426,22.546984698356475]","[102.14588283092797,20.896006148710054,103.59592265810426,22.546984698356475]",0.169937674,0,1.450039827,within_safe_vector_latitude,not_run+unchanged,2,
adm1,63759600B12839449494422,Đồng Nai,VNM,True,"[106.72864943622255,10.544634978021861,107.55241610431983,11.546423894846896]","[106.72864943622255,10.544634978021861,107.55241610431983,11.546423894846896]",0.172803575,0,0.823766668,within_safe_vector_latitude,not_run+unchanged,2,
adm1,63759600B81354309972615,Đồng Tháp,VNM,True,"[105.18016850674876,10.139303381345997,105.92728421976287,10.962598706717277]","[105.18016850674876,10.139303381345997,105.92728421976287,10.962598706717277]",0.15534649,0,0.747115713,within_safe_vector_latitude,not_run+unchanged,1,
adm1,63759600B15361955936842,Gia Lai,VNM,True,"[107.451599,12.996272498277222,108.87814906532714,14.614909054590628]","[107.451599,12.996272498277222,108.87814906532714,14.614909054590628]",0.21417039,0,1.426550065,within_safe_vector_latitude,not_run+unchanged,1,
adm1,63759600B80209413202681,Hà Giang,VNM,True,"[104.35863220138009,22.167286806940638,105.56496195800008,23.344745551066353]","[104.35863220138009,22.167286806940638,105.56496195800008,23.344745551066353]",0.194451949,0,1.206329757,within_safe_vector_latitude,not_run+unchanged,1,
adm1,63759600B38291039937725,Hà Nam,VNM,True,"[105.81432953128291,20.365792104022432,106.23193762122429,20.69727437910715]","[105.81432953128291,20.365792104022432,106.23193762122429,20.69727437910715]",0.201800366,0,0.41760809,within_safe_vector_latitude,not_run+unchanged,1,
adm1,63759600B97268694287734,Hà Nội	,VNM,True,"[105.36209433828316,20.54610420384597,106.07343140255449,21.398930797418416]","[105.36209433828316,20.54610420384597,106.07343140255449,21.398930797418416]",0.201800366,0,0.711337064,within_safe_vector_latitude,not_run+unchanged,1,
adm1,63759600B52412632417993,Hà Tĩnh,VNM,True,"[105.12670859902266,17.91836673843426,106.50939299918764,18.677506832874087]","[105.12670859902266,17.91836673843426,106.50939299918764,18.677506832874087]",0.145323511,0,1.3826844,within_safe_vector_latitude,not_run+unchanged,1,
adm1,63759600B6612369570330,Hải Dương,VNM,True,"[106.19896860271888,20.692332716681562,106.73262346480112,21.272603177994313]","[106.19896860271888,20.692332716681562,106.73262346480112,21.272603177994313]",0.164508528,0,0.533654862,within_safe_vector_latitude,not_run+unchanged,1,
adm1,63759600B57390768683549,Hải Phòng,VNM,True,"[106.42273746636107,20.630847910789544,106.91294192912682,21.079324893928742]","[106.42273746636107,20.630847910789544,106.91294192912682,21.079324893928742]",0.144235773,0,0.372583964,within_safe_vector_latitude,not_run+unchanged,1,
adm1,63759600B90584107995256,Hậu Giang,VNM,True,"[105.34363591876269,9.615054759669476,105.87224501669425,9.942731815021318]","[105.34363591876269,9.615054759669476,105.87224501669425,9.942731815021318]",0.228351467,0,0.528609098,within_safe_vector_latitude,not_run+unchanged,1,
adm1,63759600B80663352659785,Ho Chi Minh,VNM,True,"[106.40897144307769,10.36950016000003,107.01428867462727,11.127234258953933]","[106.40897144307769,10.36950016000003,107.01428867462727,11.127234258953933]",0.159733539,0,0.603171612,within_safe_vector_latitude,not_run+unchanged,1,
adm1,63759600B96462676465033,Hòa Bình,VNM,True,"[104.85549264906655,20.288326253953528,105.88437507604897,21.091164904836546]","[104.85549264906655,20.288326253953528,105.88437507604897,21.091164904836546]",0.151792567,0,1.028882427,within_safe_vector_latitude,not_run+unchanged,1,
adm1,63759600B38696477403674,Hưng Yên,VNM,True,"[105.95882876563508,20.608741641713436,106.29856604708544,21.018124849682124]","[105.95882876563508,20.608741641713436,106.29856604708544,21.018124849682124]",0.131269909,0,0.339737281,within_safe_vector_latitude,not_run+unchanged,1,
adm1,63759600B80040926405936,Khánh Hòa,VNM,True,"[108.68139161453144,11.806762185826244,109.46273028320098,12.846477306303226]","[108.68139161453144,11.806762185826244,109.46273028320098,12.846477306303226]",0.194248433,0,0.781338669,within_safe_vector_latitude,not_run+unchanged,1,
adm1,63759600B18022923052532,Kiên Giang,VNM,True,"[103.83956491642671,9.425556983567958,105.54877154097392,10.539617]","[103.83956491642671,9.425556983567958,105.54877154097392,10.539617]",0.255228116,0,1.050556309,within_safe_vector_latitude,not_run+unchanged,1,
adm1,63759600B65226847193503,Kon Tum,VNM,True,"[107.33806694019744,13.949220813307551,108.6310976778078,15.403098608598516]","[107.33806694019744,13.949220813307551,108.6310976778078,15.403098608598516]",0.185979111,0,1.293030738,within_safe_vector_latitude,not_run+unchanged,1,
adm1,63759600B24004656938543,Lai Châu,VNM,True,"[102.32178068729577,21.68659751496341,103.98430854530318,22.811256204000074]","[102.32178068729577,21.68659751496341,103.98430854530318,22.811256204000074]",0.55884818,0,1.662527858,within_safe_vector_latitude,not_run+unchanged,2,
adm1,63759600B25056861299541,Lâm Đồng,VNM,True,"[107.26110628172955,11.257790289190552,108.72894749183337,12.321131230521928]","[107.26110628172955,11.257790289190552,108.72894749183337,12.321131230521928]",0.212286716,0,1.46784121,within_safe_vector_latitude,not_run+unchanged,1,
adm1,63759600B58815535609509,Lạng Sơn,VNM,True,"[106.12253088639136,21.372515097293956,107.48221732900004,22.597405492736286]","[106.12253088639136,21.372515097293956,107.48221732900004,22.597405492736286]",0.262059758,0,1.359686443,within_safe_vector_latitude,not_run+unchanged,2,
adm1,63759600B43481155123024,Lào Cai,VNM,True,"[103.5373122944269,21.857159702058652,104.62888984179284,22.833922392043682]","[103.5373122944269,21.857159702058652,104.62888984179284,22.833922392043682]",0.17809779,0,1.091577547,within_safe_vector_latitude,not_run+unchanged,2,
adm1,63759600B22652371205312,Long An,VNM,True,"[105.51218739492869,10.379433466181581,106.74238809162799,11.027389227552945]","[105.51218739492869,10.379433466181581,106.74238809162799,11.027389227552945]",0.177169242,0,1.230200697,within_safe_vector_latitude,not_run+unchanged,1,
adm1,63759600B40468097531795,Nam Định,VNM,True,"[105.93209072061035,19.967889786000057,106.57872009300007,20.47809506593461]","[105.93209072061035,19.967889786000057,106.57872009300007,20.47809506593461]",0.155938616,0,0.646629372,within_safe_vector_latitude,not_run+unchanged,1,
adm1,63759600B83996903780984,Nghệ An,VNM,True,"[103.88457519179173,18.564476653075133,105.8084936492927,20.03576453887148]","[103.88457519179173,18.564476653075133,105.8084936492927,20.03576453887148]",0.246483619,0,1.923918458,within_safe_vector_latitude,not_run+unchanged,1,
adm1,63759600B34339839848337,Ninh Bình,VNM,True,"[105.54018607579644,19.969175831380248,106.18036434463886,20.420620742952963]","[105.54018607579644,19.969175831380248,106.18036434463886,20.420620742952963]",0.22007466,0,0.640178269,within_safe_vector_latitude,not_run+unchanged,1,
adm1,63759600B19155127097543,Ninh Thuận,VNM,True,"[108.57184229578536,11.307055475000027,109.2365433258139,12.160769909503756]","[108.57184229578536,11.307055475000027,109.2365433258139,12.160769909503756]",0.16483067,0,0.66470103,within_safe_vector_latitude,not_run+unchanged,1,
adm1,63759600B45971409679814,Phú Thọ,VNM,True,"[104.87268143000404,20.91721649234728,105.49988662037129,21.708019504596507]","[104.87268143000404,20.91721649234728,105.49988662037129,21.708019504596507]",0.182319827,0,0.62720519,within_safe_vector_latitude,not_run+unchanged,1,
adm1,63759600B26645729855564,Phú Yên,VNM,True,"[108.67349537631065,12.71407018614553,109.45813207718648,13.678942454930393]","[108.67349537631065,12.71407018614553,109.45813207718648,13.678942454930393]",0.194248433,0,0.784636701,within_safe_vector_latitude,not_run+unchanged,1,
adm1,63759600B63586366081005,Quảng Bình,VNM,True,"[105.61927475072923,16.934357329427257,106.99890248245393,18.08951050990214]","[105.61927475072923,16.934357329427257,106.99890248245393,18.08951050990214]",0.197901655,0,1.379627732,within_safe_vector_latitude,not_run+unchanged,1,
adm1,63759600B74453713760270,Quảng Nam,VNM,True,"[107.21961466878201,14.98316911306415,108.74364070066333,16.058393434209677]","[107.21961466878201,14.98316911306415,108.74364070066333,16.058393434209677]",0.192981567,0,1.524026032,within_safe_vector_latitude,not_run+unchanged,1,
adm1,63759600B52816170319692,Quảng Ngãi,VNM,True,"[108.31556488181388,14.564878742559983,109.08643317767883,15.408711464562487]","[108.31556488181388,14.564878742559983,109.08643317767883,15.408711464562487]",0.192981567,0,0.762377012,within_safe_vector_latitude,not_run+unchanged,1,
adm1,63759600B48704001246073,Quảng Ninh,VNM,True,"[106.56811493725462,20.841165221449735,108.03114268956539,21.65392861226057]","[106.56811493725462,20.841165221449735,108.03114268956539,21.65392861226057]",0.238519011,0,1.463027752,within_safe_vector_latitude,not_run+unchanged,1,
adm1,63759600B21465540527765,Quảng Trị,VNM,True,"[106.54953593404375,16.30649857295083,107.38898620025299,17.16290796501929]","[106.54953593404375,16.30649857295083,107.38898620025299,17.16290796501929]",0.137457406,0,0.839450266,within_safe_vector_latitude,not_run+unchanged,1,
adm1,63759600B58335636470412,Sóc Trăng,VNM,True,"[105.54956000988659,9.262284060691774,106.29326117423207,9.933817175177579]","[105.54956000988659,9.262284060691774,106.29326117423207,9.933817175177579]",0.228351467,0,0.664162219,within_safe_vector_latitude,not_run+unchanged,1,
adm1,63759600B3920147428024,Sơn La,VNM,True,"[103.21729217617732,20.56525720755411,105.07061283781229,22.01202097808573]","[103.21729217617732,20.56525720755411,105.07061283781229,22.01202097808573]",0.249944058,0,1.853320662,within_safe_vector_latitude,not_run+unchanged,2,
adm1,63759600B24834630697040,Tây Ninh,VNM,True,"[105.8091078,10.928693430207328,106.48746585316667,11.772982427356185]","[105.8091078,10.928693430207328,106.48746585316667,11.772982427356185]",0.106831038,0,0.678358053,within_safe_vector_latitude,not_run+unchanged,2,
adm1,63759600B57830284065529,Thái Bình,VNM,True,"[106.16729613770667,20.314578595825594,106.6328729778115,20.722408275321698]","[106.16729613770667,20.314578595825594,106.6328729778115,20.722408275321698]",0.139752931,0,0.464732599,within_safe_vector_latitude,not_run+unchanged,1,
adm1,63759600B68663063324919,Thái Nguyên,VNM,True,"[105.51462376217694,21.34958065122612,106.27837616732631,22.046860350824602]","[105.51462376217694,21.34958065122612,106.27837616732631,22.046860350824602]",0.144423996,0,0.763752405,within_safe_vector_latitude,not_run+unchanged,2,
adm1,63759600B30623332474263,Thanh Hóa,VNM,True,"[104.39084296812854,19.2909214202548,106.07430931921976,20.655492138351576]","[104.39084296812854,19.2909214202548,106.07430931921976,20.655492138351576]",0.294388633,0,1.683466351,within_safe_vector_latitude,not_run+unchanged,1,
adm1,63759600B73452440048702,Thừa Thiên Huế,VNM,True,"[107.08127625269697,15.996398651876348,108.19516351408498,16.74203004425118]","[107.08127625269697,15.996398651876348,108.19516351408498,16.74203004425118]",0.223103473,0,1.113887261,within_safe_vector_latitude,not_run+unchanged,1,
adm1,63759600B12588044805894,Tiền Giang,VNM,True,"[105.8046162245592,10.236665549075894,106.79286194000008,10.572453708671787]","[105.8046162245592,10.236665549075894,106.79286194000008,10.572453708671787]",0.186730757,0,0.988245715,within_safe_vector_latitude,not_run+unchanged,1,
adm1,63759600B34771484427393,Trà Vinh,VNM,True,"[105.94660542864435,9.547865250815947,106.58041381800007,10.072677847579389]","[105.94660542864435,9.547865250815947,106.58041381800007,10.072677847579389]",0.162073801,0,0.633808389,within_safe_vector_latitude,not_run+unchanged,1,
adm1,63759600B31607366287554,Tuyên Quang,VNM,True,"[104.84886627605783,21.521413203556563,105.59199375980421,22.65694346926574]","[104.84886627605783,21.521413203556563,105.59199375980421,22.65694346926574]",0.157516582,0,0.743127484,within_safe_vector_latitude,not_run+unchanged,2,
adm1,63759600B66868150968055,Vĩnh Long,VNM,True,"[105.68499066778514,9.943752144480403,106.24406808489368,10.32428181415446]","[105.68499066778514,9.943752144480403,106.24406808489368,10.32428181415446]",0.123020922,0,0.559077417,within_safe_vector_latitude,not_run+unchanged,1,
adm1,63759600B34367175145761,Vĩnh Phúc,VNM,True,"[105.36631789365595,21.14005810369855,105.85910446559865,21.585077195955876]","[105.36631789365595,21.14005810369855,105.85910446559865,21.585077195955876]",0.167634995,0,0.492786572,within_safe_vector_latitude,not_run+unchanged,1,
adm1,63759600B52601599488063,Yên Bái,VNM,True,"[103.89628053371973,21.316212903902453,105.1369667186392,22.270373059668998]","[103.89628053371973,21.316212903902453,105.1369667186392,22.270373059668998]",0.249944058,0,1.240686185,within_safe_vector_latitude,not_run+unchanged,2,
adm1,6923714B50523150920038,Eastern,ZMB,True,"[29.9783379399149,-14.9979353400974,33.54931055700007,-11.576826977999929]","[29.9783379399149,-14.9979353400974,33.54931055700007,-11.576826977999929]",0.24380132,0,3.570972617,within_safe_vector_latitude,not_run+unchanged,1,
adm1,6923714B61233419501629,Muchinga,ZMB,True,"[29.7807790062252,-13.4350069871742,33.70890710055024,-9.057793169296842]","[29.7807790062252,-13.4350069871742,33.70890710055024,-9.057793169296842]",0.382062397,0,3.928128094,within_safe_vector_latitude,not_run+unchanged,2,
adm1,6923714B68349750823816,North-Western,ZMB,True,"[22.000368303000073,-14.7333537710433,27.6289037740177,-10.887828]","[22.000368303000073,-14.7333537710433,27.6289037740177,-10.887828]",0.454228223,0,5.628535471,within_safe_vector_latitude,not_run+unchanged,4,
adm1,6923714B94361964796426,Luapula,ZMB,True,"[28.38008,-12.460162998999976,30.4691447232613,-8.37827260043195]","[28.38008,-12.460162998999976,30.4691447232613,-8.37827260043195]",0.382062397,0,2.089064723,within_safe_vector_latitude,not_run+unchanged,2,
adm1,6923714B60407914126357,Central,ZMB,True,"[25.2187379388339,-16.5644819991015,31.4365215854136,-12.0023960023022]","[25.2187379388339,-16.5644819991015,31.4365215854136,-12.0023960023022]",0.454228223,0,6.217783647,within_safe_vector_latitude,not_run+unchanged,1,
adm1,6923714B34072001548912,Southern,ZMB,True,"[24.96778845719038,-18.0773742803448,28.856946241027,-15.4700971448271]","[24.96778845719038,-18.0773742803448,28.856946241027,-15.4700971448271]",0.17456134,0,3.889157784,within_safe_vector_latitude,not_run+unchanged,1,
adm1,6923714B17126467226495,Lusaka,ZMB,True,"[27.7691370349566,-16.3106097122643,30.42006667960422,-14.6427454231054]","[27.7691370349566,-16.3106097122643,30.42006667960422,-14.6427454231054]",0.115968056,0,2.650929645,within_safe_vector_latitude,not_run+unchanged,1,
adm1,6923714B61812757118010,Copperbelt,ZMB,True,"[26.7794376731027,-13.9349041751063,29.0710473389584,-12.221695179923532]","[26.7794376731027,-13.9349041751063,29.0710473389584,-12.221695179923532]",0.129119249,0,2.291609666,within_safe_vector_latitude,not_run+unchanged,1,
adm1,6923714B80596734375081,Northern,ZMB,True,"[29.0800486171071,-11.506149310718,32.3559957643791,-8.27197628732694]","[29.0800486171071,-11.506149310718,32.3559957643791,-8.27197628732694]",0.231213305,0,3.275947147,within_safe_vector_latitude,not_run+unchanged,2,
adm1,6923714B71523451831393,Western,ZMB,True,"[22.00029147500004,-17.637249973089688,25.5969320807581,-13.7148909995703]","[22.00029147500004,-17.637249973089688,25.5969320807581,-13.7148909995703]",0.109469275,0,3.596640606,within_safe_vector_latitude,not_run+unchanged,2,
adm1,88200057B51719638002761,Bulawayo,ZWE,True,"[28.387414619558797,-20.258671667431827,28.696783146078246,-19.96147483796085]","[28.387414619558797,-20.258671667431827,28.696783146078246,-19.96147483796085]",0.059943201,0,0.309368527,within_safe_vector_latitude,not_run+unchanged,1,
adm1,88200057B87996012089813,Harare,ZWE,True,"[30.87743495066627,-18.05064492542806,31.22165910540656,-17.66555886161933]","[30.87743495066627,-18.05064492542806,31.22165910540656,-17.66555886161933]",0.04004075,0,0.344224155,within_safe_vector_latitude,not_run+unchanged,1,
adm1,88200057B32763847551562,Manicaland,ZWE,True,"[31.188503408783617,-21.327248233873263,33.068236,-17.24582547544315]","[31.188503408783617,-21.327248233873263,33.068236,-17.24582547544315]",0.062158517,0,1.879732591,within_safe_vector_latitude,not_run+unchanged,1,
adm1,88200057B2601963641625,Mashonaland Central,ZWE,True,"[30.046417117198303,-17.74022860659653,32.755836001000034,-15.62098732933316]","[30.046417117198303,-17.74022860659653,32.755836001000034,-15.62098732933316]",0.482493995,0,2.709418884,within_safe_vector_latitude,not_run+unchanged,1,
adm1,88200057B49508968932773,Mashonaland East,ZWE,True,"[30.554920512966135,-19.260546029705836,32.99361309157527,-16.695187]","[30.554920512966135,-19.260546029705836,32.99361309157527,-16.695187]",0.067265082,0,2.438692579,within_safe_vector_latitude,not_run+unchanged,1,
adm1,88200057B70993266842589,Mashonaland West,ZWE,True,"[28.015637270525186,-18.911520769001186,30.962545715909926,-15.609318998999981]","[28.015637270525186,-18.911520769001186,30.962545715909926,-15.609318998999981]",0.156223011,0,2.946908445,within_safe_vector_latitude,not_run+unchanged,1,
adm1,88200057B85209083975104,Masvingo,ZWE,True,"[29.730700500222497,-22.424036736291864,32.497132,-19.1485624744044]","[29.730700500222497,-22.424036736291864,32.497132,-19.1485624744044]",0.171687921,0,2.7664315,within_safe_vector_latitude,not_run+unchanged,2,
adm1,88200057B11544283676020,Matabeleland North,ZWE,True,"[25.23792411722545,-20.361939709036108,29.23379459312457,-16.878286940714247]","[25.23792411722545,-20.361939709036108,29.23379459312457,-16.878286940714247]",0.17456134,0,3.995870476,within_safe_vector_latitude,not_run+unchanged,1,
adm1,88200057B5014357533485,Matabeleland South,ZWE,True,"[26.702291650427014,-22.356340057999944,31.113330563165164,-19.480532522556302]","[26.702291650427014,-22.356340057999944,31.113330563165164,-19.480532522556302]",0.079613727,0,4.411038913,within_safe_vector_latitude,not_run+unchanged,2,
adm1,88200057B27236199640876,Midlands,ZWE,True,"[27.99749920562118,-21.04341747725323,30.870543744154475,-17.117070181688234]","[27.99749920562118,-21.04341747725323,30.870543744154475,-17.117070181688234]",0.171687921,0,2.873044539,within_safe_vector_latitude,not_run+unchanged,1,
adm1,18629408B48104637123824,Sanʿaʾ,YEM,True,"[44.1206154,15.2320072,44.3996739,15.6117074]","[44.1206154,15.2320072,44.3996739,15.6117074]",0.0644289,0,0.2790585,within_safe_vector_latitude,not_run+unchanged,1,
adm1,18629408B64822604790923,Sanʿaʾ Governorate,YEM,True,"[43.5062113,14.7472994,45.1085612,16.0454829]","[43.5062113,14.7472994,45.1085612,16.0454829]",0.148171,0,1.6023499,within_safe_vector_latitude,not_run+unchanged,2,
adm1,18629408B46389326189415,Lahij Governorate,YEM,True,"[43.5232196,12.593669121171311,45.3858421,14.0559135]","[43.5232196,12.593669121171311,45.3858421,14.0559135]",0.1237464,0,1.8626225,within_safe_vector_latitude,not_run+unchanged,2,
adm1,18629408B11945654439238,‘Adan Governorate,YEM,True,"[43.38866806000004,12.6319994,45.098780375301345,12.9412176]","[43.38866806000004,12.6319994,45.098780375301345,12.9412176]",0.1131085,0,0.689190413,within_safe_vector_latitude,not_run+unchanged,2,
adm1,18629408B71394624267216,Al Hudaydah Governorate,YEM,True,"[41.8155894,13.6037943,43.7769617,15.8761913]","[41.8155894,13.6037943,43.7769617,15.8761913]",0.0914688,0,1.178267852,within_safe_vector_latitude,not_run+unchanged,1,
adm1,18629408B66245584752084,Ta'izz Governorate,YEM,True,"[43.239083483416906,12.675298734082931,44.5161207,13.914661]","[43.239083483416906,12.675298734082931,44.5161207,13.914661]",0.1237464,0,1.277037217,within_safe_vector_latitude,not_run+unchanged,1,
adm1,18629408B8528421017910,Shabwah Governorate,YEM,True,"[45.4745791,13.598943544983795,48.57796817571917,15.7225109]","[45.4745791,13.598943544983795,48.57796817571917,15.7225109]",0.2182156,0,3.103389076,within_safe_vector_latitude,not_run+unchanged,1,
adm1,18629408B49078263925584,Hadhramaut,YEM,True,"[46.3062996,14.0440182,51.999581549693566,18.999568253582744]","[46.3062996,14.0440182,51.999581549693566,18.999568253582744]",0.209403,0,5.69328195,within_safe_vector_latitude,not_run+unchanged,1,
adm1,18629408B92684990065302,Abyan Governorate,YEM,True,"[45.0659025,12.94026148666333,47.1847122,14.3181709]","[45.0659025,12.94026148666333,47.1847122,14.3181709]",0.1941666,0,2.1188097,within_safe_vector_latitude,not_run+unchanged,1,
adm1,18629408B7407331306690,Al Jawf Governorate,YEM,True,"[44.0487829,15.7614558,47.00021835637765,17.4334945]","[44.0487829,15.7614558,47.00021835637765,17.4334945]",0.3493956,0,2.951435456,within_safe_vector_latitude,not_run+unchanged,2,
adm1,18629408B5376796402494,Ibb Governorate,YEM,True,"[43.6516621,13.7049486,44.681487,14.4655897]","[43.6516621,13.7049486,44.681487,14.4655897]",0.0491372,0,1.0298249,within_safe_vector_latitude,not_run+unchanged,1,
adm1,18629408B74393010790481,Al Bayda' Governorate,YEM,True,"[44.5862803,13.8290673,46.0604683,14.8251906]","[44.5862803,13.8290673,46.0604683,14.8251906]",0.1941666,0,1.474188,within_safe_vector_latitude,not_run+unchanged,2,
adm1,18629408B11680885550387,Ad Dali' Governorate,YEM,True,"[44.3687726,13.5501308,45.1563603,14.2346215]","[44.3687726,13.5501308,45.1563603,14.2346215]",0.0793641,0,0.7875877,within_safe_vector_latitude,not_run+unchanged,2,
adm1,18629408B38984328739410,Al Mahwit Governorate,YEM,True,"[43.240851,15.0495179,43.9148048,15.5711707]","[43.240851,15.0495179,43.9148048,15.5711707]",0.0611496,0,0.6739538,within_safe_vector_latitude,not_run+unchanged,1,
adm1,18629408B52441229698015,Sa'dah Governorate,YEM,True,"[43.1375029,16.6090383,44.8885881,17.565833]","[43.1375029,16.6090383,44.8885881,17.565833]",0.1301195,0,1.7510852,within_safe_vector_latitude,not_run+unchanged,1,
adm1,18629408B8726373480353,Hajjah Governorate,YEM,True,"[42.76455688400006,15.5077981,43.754003,16.67725]","[42.76455688400006,15.5077981,43.754003,16.67725]",0.0914688,0,0.988183,within_safe_vector_latitude,not_run+unchanged,1,
adm1,18629408B61413037281915,Dhamar Governorate,YEM,True,"[43.4750904,14.0662625,44.8365067,15.0181088]","[43.4750904,14.0662625,44.8365067,15.0181088]",0.1245337,0,1.3614163,within_safe_vector_latitude,not_run+unchanged,1,
adm1,18629408B98087459973468,'Amran Governorate,YEM,True,"[43.5106523,15.5279844,44.3494682,16.6912011]","[43.5106523,15.5279844,44.3494682,16.6912011]",0.1301195,0,0.8388159,within_safe_vector_latitude,not_run+unchanged,1,
adm1,18629408B15889281866717,Al Mahrah Governorate,YEM,True,"[50.1288039,15.083122757090477,53.1089093,18.999633]","[50.1288039,15.083122757090477,53.1089093,18.999633]",0.436183338,0,2.9801054,within_safe_vector_latitude,not_run+unchanged,1,
adm1,18629408B1777518619063,Ma'rib Governorate,YEM,True,"[44.514411,14.5039775,46.8110129,16.1618451]","[44.514411,14.5039775,46.8110129,16.1618451]",0.3493956,0,2.2966019,within_safe_vector_latitude,not_run+unchanged,2,
adm1,18629408B80220723955267,Raymah Governorate,YEM,True,"[43.4690362,14.3696588,43.9360087,14.9493137]","[43.4690362,14.3696588,43.9360087,14.9493137]",0.0414005,0,0.4669725,within_safe_vector_latitude,not_run+unchanged,1,
adm1,18629408B57175931824869,Socotra,YEM,True,"[52.066818135266146,12.108535803000052,54.532217,12.711250306000068]","[52.066818135266146,12.108535803000052,54.532217,12.711250306000068]",0.030002594,0,1.225995991,within_safe_vector_latitude,not_run+unchanged,1,
adm1,14850775B65901307765467,Kherson Oblast,UKR,True,"[31.513694763000046,45.75718630187551,35.28332092177415,47.600194]","[31.513694763000046,45.75718630187551,35.28332092177415,47.600194]",0.2008561,0,3.345544498,within_safe_vector_latitude,not_run+unchanged,2,
adm1,14850775B13681962240800,Volyn Oblast,UKR,True,"[23.6053661,50.2872691,26.1072887,51.96913618313051]","[23.6053661,50.2872691,26.1072887,51.96913618313051]",0.0739956,0,2.5019226,within_safe_vector_latitude,not_run+unchanged,1,
adm1,14850775B83802928232754,Rivne Oblast,UKR,True,"[25.1015678,50.0040519,27.72988,51.949713]","[25.1015678,50.0040519,27.72988,51.949713]",0.112935467,0,2.6283122,within_safe_vector_latitude,not_run+unchanged,1,
adm1,14850775B79197734087513,Zhytomyr Oblast,UKR,True,"[27.1896973,49.5841814,29.7352126,51.6814341]","[27.1896973,49.5841814,29.7352126,51.6814341]",0.084367103,0,2.5455153,within_safe_vector_latitude,not_run+unchanged,1,
adm1,14850775B37539954297462,Kyiv Oblast,UKR,True,"[29.2688376,49.1780988,32.1610264,51.5537781]","[29.2688376,49.1780988,32.1610264,51.5537781]",0.170826181,0,2.8921888,within_safe_vector_latitude,not_run+unchanged,1,
adm1,14850775B55286662261645,Chernihiv Oblast,UKR,True,"[30.4857145,50.3455646,33.5004441,52.3756139]","[30.4857145,50.3455646,33.5004441,52.3756139]",0.12615562,0,3.0147296,within_safe_vector_latitude,not_run+unchanged,1,
adm1,14850775B14512392274127,Sumy Oblast,UKR,True,"[32.94372,50.1108447,35.68033,52.3662955]","[32.94372,50.1108447,35.68033,52.3662955]",0.0821656,0,2.73661,within_safe_vector_latitude,not_run+unchanged,2,
adm1,14850775B15913324833724,Kharkiv Oblast,UKR,True,"[34.8561234,48.531178,38.0936148,50.4594394]","[34.8561234,48.531178,38.0936148,50.4594394]",0.1300208,0,3.2374914,within_safe_vector_latitude,not_run+unchanged,2,
adm1,14850775B31033086218351,Luhansk Oblast,UKR,True,"[37.8388504,47.82514506936555,40.22048033000004,50.0870909]","[37.8388504,47.82514506936555,40.22048033000004,50.0870909]",0.1399202,0,2.38162993,within_safe_vector_latitude,not_run+unchanged,2,
adm1,14850775B15615817748403,Donetsk Oblast,UKR,True,"[36.5419522,46.862888336000026,39.0906231,49.2338782]","[36.5419522,46.862888336000026,39.0906231,49.2338782]",0.1399202,0,2.5486709,within_safe_vector_latitude,not_run+unchanged,2,
adm1,14850775B92888097715572,Zaporizhia Oblast,UKR,True,"[34.1394646,46.26080812925616,37.2470878,48.1446981]","[34.1394646,46.26080812925616,37.2470878,48.1446981]",0.1336191,0,3.1076232,within_safe_vector_latitude,not_run+unchanged,1,
adm1,14850775B26941409899318,Lviv Oblast,UKR,True,"[22.64089378167905,48.7182704,25.4270041,50.6459075]","[22.64089378167905,48.7182704,25.4270041,50.6459075]",0.0776856,0,2.786110318,within_safe_vector_latitude,not_run+unchanged,2,
adm1,14850775B19104561075165,Ivano-Frankivsk Oblast,UKR,True,"[23.5476125,47.72461,25.6525445,49.5440861]","[23.5476125,47.72461,25.6525445,49.5440861]",0.0549911,0,2.104932,within_safe_vector_latitude,not_run+unchanged,2,
adm1,14850775B82824220650579,Zakarpattia Oblast,UKR,True,"[22.130458,47.897670012861006,24.6254792,49.09727215700008]","[22.130458,47.897670012861006,24.6254792,49.09727215700008]",0.077421502,0,2.4950212,within_safe_vector_latitude,not_run+unchanged,4,
adm1,14850775B81694531118507,Ternopil Oblast,UKR,True,"[24.7195933,48.5074845,26.4433425,50.2635849]","[24.7195933,48.5074845,26.4433425,50.2635849]",0.0795483,0,1.7237492,within_safe_vector_latitude,not_run+unchanged,2,
adm1,14850775B35593196550103,Chernivtsi Oblast,UKR,True,"[24.9088442,47.725017001000026,27.532816006171743,48.6752002]","[24.9088442,47.725017001000026,27.532816006171743,48.6752002]",0.146210317,0,2.623971806,within_safe_vector_latitude,not_run+unchanged,1,
adm1,14850775B53240635394722,Odessa Oblast,UKR,True,"[28.187963930826083,45.19481439300006,31.3049776,48.2339336]","[28.187963930826083,45.19481439300006,31.3049776,48.2339336]",0.1008341,0,3.117013669,within_safe_vector_latitude,not_run+unchanged,1,
adm1,14850775B99856317748721,Mykolaiv Oblast,UKR,True,"[30.2073746,46.40291595600007,33.1768991,48.2322073]","[30.2073746,46.40291595600007,33.1768991,48.2322073]",0.194673,0,2.9695245,within_safe_vector_latitude,not_run+unchanged,1,
adm1,14850775B24260608407062,Autonomous Republic of Crimea,UKR,True,"[32.479583740000066,44.38288879400005,36.649528503000056,46.2301515]","[32.479583740000066,44.38288879400005,36.649528503000056,46.2301515]",0.0614126,0,4.169944763,within_safe_vector_latitude,not_run+unchanged,2,
adm1,14850775B93300237551625,Vinnytsia Oblast,UKR,True,"[27.3730454,48.06626729898698,30.0201127,49.8889278]","[27.3730454,48.06626729898698,30.0201127,49.8889278]",0.083427,0,2.6470673,within_safe_vector_latitude,not_run+unchanged,2,
adm1,14850775B78366470925827,Khmelnytskyi Oblast,UKR,True,"[26.1327674,48.4512087,27.8979596,50.5934914]","[26.1327674,48.4512087,27.8979596,50.5934914]",0.0726117,0,1.7651922,within_safe_vector_latitude,not_run+unchanged,2,
adm1,14850775B95678810793770,Cherkasy Oblast,UKR,True,"[29.6137651,48.452037,32.8961836,50.2285813]","[29.6137651,48.452037,32.8961836,50.2285813]",0.1219457,0,3.2824185,within_safe_vector_latitude,not_run+unchanged,2,
adm1,14850775B18105645488844,Poltava Oblast,UKR,True,"[32.09038,48.7266884,35.4910775,50.5537093]","[32.09038,48.7266884,35.4910775,50.5537093]",0.1300208,0,3.4006975,within_safe_vector_latitude,not_run+unchanged,4,
adm1,14850775B41808765507575,Dnipropetrovsk Oblast,UKR,True,"[32.9614475,47.4566155,36.9368868,49.1907098]","[32.9614475,47.4566155,36.9368868,49.1907098]",0.2008561,0,3.9754393,within_safe_vector_latitude,not_run+unchanged,4,
adm1,14850775B64193679462794,Kirovohrad Oblast,UKR,True,"[29.7494658,47.750014,33.8943109,49.2447143]","[29.7494658,47.750014,33.8943109,49.2447143]",0.194673,0,4.1448451,within_safe_vector_latitude,not_run+unchanged,4,
adm1,14850775B22712718081002,Kyiv,UKR,True,"[30.2363911,50.21335,30.8275783,50.590583]","[30.2363911,50.21335,30.8275783,50.590583]",0.0764771,0,0.5911872,within_safe_vector_latitude,not_run+unchanged,1,
adm1,14850775B70667807354554,Sevastopol,UKR,True,"[33.38208389300007,44.38205719000007,33.9244377,44.838748932000044]","[33.38208389300007,44.38205719000007,33.9244377,44.838748932000044]",0.0614126,0,0.542353807,within_safe_vector_latitude,not_run+unchanged,2,
adm1,46075475B93510634474911,Northern Governorate,BHR,True,"[50.372760148802726,26.057142,50.5400854,26.265107109844603]","[50.372760148802726,26.057142,50.5400854,26.265107109844603]",0.0147457,0,0.0952164,within_safe_vector_latitude,not_run+unchanged,1,
adm1,46075475B435983987357,Southern Governorate,BHR,True,"[50.4547428,25.5766521,50.822107,26.1868921]","[50.4547428,25.5766521,50.822107,26.1868921]",0.0151598,0,0.1770644,within_safe_vector_latitude,not_run+unchanged,1,
adm1,46075475B55467070984053,Capital Governorate,BHR,True,"[50.51545835249781,26.1240483,50.6310875,26.25842139260015]","[50.51545835249781,26.1240483,50.6310875,26.25842139260015]",0.0120357,0,0.108069448,within_safe_vector_latitude,not_run+unchanged,1,
adm1,46075475B51781384290981,Muharraq Governorate,BHR,True,"[50.576366,26.17965,50.72007623596388,26.331139889681406]","[50.576366,26.17965,50.72007623596388,26.331139889681406]",0.021236447,0,0.143710236,within_safe_vector_latitude,not_run+unchanged,1,
adm1,60633882B84302154961664,Ahmadi,KWT,True,"[47.5411494,28.524446,48.430272905664225,29.2069943]","[47.5411494,28.524446,48.430272905664225,29.2069943]",0.1537177,0,0.889123506,within_safe_vector_latitude,not_run+unchanged,1,
adm1,60633882B15053730070416,Al Asimah,KWT,True,"[47.7561574,29.303053,48.40309122252921,29.4719261]","[47.7561574,29.303053,48.40309122252921,29.4719261]",0.059102,0,0.2702807,within_safe_vector_latitude,not_run+unchanged,1,
adm1,60633882B59498803395258,Farwaniya,KWT,True,"[47.8035797,29.179819,48.0081095,29.3169472]","[47.8035797,29.179819,48.0081095,29.3169472]",0.0837228,0,0.2045298,within_safe_vector_latitude,not_run+unchanged,1,
adm1,60633882B83450722631047,Hawalli,KWT,True,"[47.978796,29.2644868,48.0989217,29.3603317]","[47.978796,29.2644868,48.0989217,29.3603317]",0.047684,0,0.1201257,within_safe_vector_latitude,not_run+unchanged,1,
adm1,60633882B97084514536713,Jahra,KWT,True,"[46.55399150474299,28.900851,48.3777076,30.103699062000032]","[46.55399150474299,28.900851,48.3777076,30.103699062000032]",0.1255493,0,1.633897594,within_safe_vector_latitude,not_run+unchanged,1,
adm1,60633882B3196450503170,Mubarak Al-Kabeer,KWT,True,"[47.9877369,29.1725635,48.11963243601355,29.27070312182282]","[47.9877369,29.1725635,48.11963243601355,29.27070312182282]",0.047684,0,0.131895536,within_safe_vector_latitude,not_run+unchanged,1,
adm1,59647477B65717711403998,Al Khor and Al Thakhira,QAT,True,"[50.95795771835881,25.560784785333365,51.61839017020317,25.966278615031367]","[50.95795771835881,25.560784785333365,51.61839017020317,25.966278615031367]",0.152820752,0,0.660432452,within_safe_vector_latitude,not_run+unchanged,1,
adm1,59647477B6455548774572,Al Wakra,QAT,True,"[51.08744975842541,24.47420099916456,51.62918800916038,25.22545242530751]","[51.08744975842541,24.47420099916456,51.62918800916038,25.22545242530751]",0.097865378,0,0.541738251,within_safe_vector_latitude,not_run+unchanged,1,
adm1,59647477B13867481202727,Al Shamal,QAT,True,"[50.95884304400005,25.84475921249553,51.4604333943222,26.1781312]","[50.95884304400005,25.84475921249553,51.4604333943222,26.1781312]",0.142185152,0,0.50159035,within_safe_vector_latitude,not_run+unchanged,1,
adm1,59647477B98611324208127,Al Rayyan,QAT,True,"[50.7958534,24.47111112300007,51.542362129630824,25.388119173896172]","[50.7958534,24.47111112300007,51.542362129630824,25.388119173896172]",0.119548761,0,0.74650873,within_safe_vector_latitude,not_run+unchanged,1,
adm1,59647477B8883927479068,Al Sheehaniya,QAT,True,"[50.75040242281844,25.08092739411749,51.3262904943625,25.808048335775347]","[50.75040242281844,25.08092739411749,51.3262904943625,25.808048335775347]",0.152820752,0,0.575888072,within_safe_vector_latitude,not_run+unchanged,1,
adm1,59647477B74568109878344,Doha,QAT,True,"[51.44850977720529,25.195287098266263,51.630652142208284,25.391505043561086]","[51.44850977720529,25.195287098266263,51.630652142208284,25.391505043561086]",0.04911958,0,0.182142365,within_safe_vector_latitude,not_run+unchanged,1,
adm1,59647477B67880775667160,Umm Slal,QAT,True,"[51.25445167925643,25.339392797551678,51.44876068727109,25.58759509896208]","[51.25445167925643,25.339392797551678,51.44876068727109,25.58759509896208]",0.077412149,0,0.194309008,within_safe_vector_latitude,not_run+unchanged,1,
adm1,59647477B54758693261255,Al Daayen,QAT,True,"[51.4032140048235,25.368700164181814,51.55182684254622,25.65333156464609]","[51.4032140048235,25.368700164181814,51.55182684254622,25.65333156464609]",0.054849189,0,0.148612838,within_safe_vector_latitude,not_run+unchanged,1,
adm1,86790563B99975224300185,Abu Dhabi,ARE,True,"[51.53376646514308,22.631513764000033,56.0173982,25.251033325000037]","[51.53376646514308,22.631513764000033,56.0173982,25.251033325000037]",0.492518188,0,4.434803724,within_safe_vector_latitude,not_run+unchanged,1,
adm1,86790563B64154191217223,Ajman,ARE,True,"[55.42322201125973,24.75262536650404,56.1055527,25.450703090309354]","[55.42322201125973,24.75262536650404,56.1055527,25.450703090309354]",0.0768363,0,0.207098789,within_safe_vector_latitude,not_run+unchanged,1,
adm1,86790563B34058819691262,Dubai,ARE,True,"[54.89047609699039,24.624529,56.20570715192042,25.356322133113967]","[54.89047609699039,24.624529,56.20570715192042,25.356322133113967]",0.071758,0,0.848702403,within_safe_vector_latitude,not_run+unchanged,1,
adm1,86790563B19626210530202,Fujairah,ARE,True,"[55.9644394,24.8661182,56.37690294816591,25.660833]","[55.9644394,24.8661182,56.37690294816591,25.660833]",0.065184045,0,0.40606117,within_safe_vector_latitude,not_run+unchanged,2,
adm1,86790563B13183784590468,Ras al-Khaimah,ARE,True,"[55.73113289200006,24.8202744,56.2716599,26.069385623469838]","[55.73113289200006,24.8202744,56.2716599,26.069385623469838]",0.053650648,0,0.457441656,within_safe_vector_latitude,not_run+unchanged,2,
adm1,86790563B63760912918903,Sharjah,ARE,True,"[55.34989948385198,24.7534103,56.3814315,25.62588511200005]","[55.34989948385198,24.7534103,56.3814315,25.62588511200005]",0.0758938,0,0.651206816,within_safe_vector_latitude,not_run+unchanged,2,
adm1,86790563B60151525742092,Umm al-Quwain,ARE,True,"[55.52110685192973,25.2755547,55.9280548,25.645631169172063]","[55.52110685192973,25.2755547,55.9280548,25.645631169172063]",0.0455332,0,0.406947948,within_safe_vector_latitude,not_run+unchanged,1,
adm1,25984515B95172477822815,Adana,TUR,True,"[34.7696835,36.54421500350879,36.4095784,38.4046019]","[34.7696835,36.54421500350879,36.4095784,38.4046019]",0.2201059,0,1.6398949,within_safe_vector_latitude,not_run+unchanged,1,
adm1,25984515B90872828599679,Adıyaman,TUR,True,"[37.435966,37.4096946,39.2632665,38.2100626]","[37.435966,37.4096946,39.2632665,38.2100626]",0.0433951,0,1.8273005,within_safe_vector_latitude,not_run+unchanged,1,
adm1,25984515B26209284550223,Afyonkarahisar,TUR,True,"[29.6588901,37.7774879,31.7319863,39.2670225]","[29.6588901,37.7774879,31.7319863,39.2670225]",0.1166344,0,2.0730962,within_safe_vector_latitude,not_run+unchanged,1,
adm1,25984515B39003465173278,Ağrı,TUR,True,"[42.2789918,38.9299742,44.48702285505754,40.0023008]","[42.2789918,38.9299742,44.48702285505754,40.0023008]",0.0740155,0,2.208031055,within_safe_vector_latitude,not_run+unchanged,1,
adm1,25984515B32583172380009,Amasya,TUR,True,"[34.9788445,40.2330084,36.5122462,41.0775982]","[34.9788445,40.2330084,36.5122462,41.0775982]",0.0472253,0,1.5334017,within_safe_vector_latitude,not_run+unchanged,2,
adm1,25984515B97476213604692,Antalya,TUR,True,"[29.262114111959143,36.0985539247291,32.6236,37.4269413]","[29.262114111959143,36.0985539247291,32.6236,37.4269413]",0.0667203,0,3.361485888,within_safe_vector_latitude,not_run+unchanged,1,
adm1,25984515B1602304411378,Artvin,TUR,True,"[41.1293315,40.5572232,42.5916385,41.52413017187401]","[41.1293315,40.5572232,42.5916385,41.52413017187401]",0.0572618,0,1.462307,within_safe_vector_latitude,not_run+unchanged,2,
adm1,25984515B63739470532168,Aydın,TUR,True,"[27.00374984700005,37.33789062500006,28.9044737,38.1286913]","[27.00374984700005,37.33789062500006,28.9044737,38.1286913]",0.034053193,0,1.900723853,within_safe_vector_latitude,not_run+unchanged,1,
adm1,25984515B55384476443375,Balıkesir,TUR,True,"[26.608667879624544,39.0719739,28.9985081,40.66624832300005]","[26.608667879624544,39.0719739,28.9985081,40.66624832300005]",0.0941781,0,2.38984022,within_safe_vector_latitude,not_run+unchanged,1,
adm1,25984515B47806653651907,Ankara,TUR,True,"[30.8361038,38.6618837,33.8852273,40.7538892]","[30.8361038,38.6618837,33.8852273,40.7538892]",0.1184796,0,3.0491235,within_safe_vector_latitude,not_run+unchanged,2,
adm1,25984515B40051660631000,Aksaray,TUR,True,"[33.1712387,37.9799068,34.5006132,39.0509266]","[33.1712387,37.9799068,34.5006132,39.0509266]",0.1184796,0,1.3293745,within_safe_vector_latitude,not_run+unchanged,2,
adm1,25984515B60965754972902,Ardahan,TUR,True,"[42.3159224,40.6291667,43.474063,41.600269]","[42.3159224,40.6291667,43.474063,41.600269]",0.083497,0,1.1581406,within_safe_vector_latitude,not_run+unchanged,2,
adm1,25984515B74564265494308,Bartın,TUR,True,"[32.09677225464785,41.3029432,32.9389811,41.84544372500005]","[32.09677225464785,41.3029432,32.9389811,41.84544372500005]",0.0317694,0,0.842208845,within_safe_vector_latitude,not_run+unchanged,1,
adm1,25984515B679661827679,Batman,TUR,True,"[40.9867313,37.4936438,41.8219157,38.5509485]","[40.9867313,37.4936438,41.8219157,38.5509485]",0.0699041,0,0.8351844,within_safe_vector_latitude,not_run+unchanged,1,
adm1,25984515B37590323286202,Bayburt,TUR,True,"[39.6630441,39.9307085,40.711135,40.5683545]","[39.6630441,39.9307085,40.711135,40.5683545]",0.0571162,0,1.0480909,within_safe_vector_latitude,not_run+unchanged,1,
adm1,25984515B39892287187022,Bilecik,TUR,True,"[29.720592,39.659867,30.6624453,40.551366]","[29.720592,39.659867,30.6624453,40.551366]",0.0384873,0,0.9418533,within_safe_vector_latitude,not_run+unchanged,1,
adm1,25984515B43512589741592,Bingöl,TUR,True,"[39.9345527,38.4767007,41.2659873,39.5650207]","[39.9345527,38.4767007,41.2659873,39.5650207]",0.0712721,0,1.3314346,within_safe_vector_latitude,not_run+unchanged,1,
adm1,25984515B19802935753104,Bitlis,TUR,True,"[41.4936623,37.9692375,43.1991072,39.0240651]","[41.4936623,37.9692375,43.1991072,39.0240651]",0.0722501,0,1.7054449,within_safe_vector_latitude,not_run+unchanged,1,
adm1,25984515B96039700866385,Bolu,TUR,True,"[30.5647636,40.0978711,32.5957534,41.048679]","[30.5647636,40.0978711,32.5957534,41.048679]",0.0645777,0,2.0309898,within_safe_vector_latitude,not_run+unchanged,2,
adm1,25984515B90474549897215,Burdur,TUR,True,"[29.3255914,36.7982264,30.9137764,37.8461631]","[29.3255914,36.7982264,30.9137764,37.8461631]",0.0667203,0,1.588185,within_safe_vector_latitude,not_run+unchanged,1,
adm1,25984515B5155931768473,Bursa,TUR,True,"[28.1069363,39.5935135,29.9083644,40.6120203]","[28.1069363,39.5935135,29.9083644,40.6120203]",0.0613786,0,1.8014281,within_safe_vector_latitude,not_run+unchanged,1,
adm1,25984515B45885295326030,Çanakkale,TUR,True,"[25.6666156,39.453282,27.5486965,40.762]","[25.6666156,39.453282,27.5486965,40.762]",0.0580867,0,1.484749465,within_safe_vector_latitude,not_run+unchanged,1,
adm1,25984515B3524648625362,Çankırı,TUR,True,"[32.5691845,40.2547991,34.1656867,41.0891662]","[32.5691845,40.2547991,34.1656867,41.0891662]",0.0573181,0,1.5965022,within_safe_vector_latitude,not_run+unchanged,4,
adm1,25984515B57743432888015,Çorum,TUR,True,"[33.9613163,39.9394362,35.5309346,41.3509458]","[33.9613163,39.9394362,35.5309346,41.3509458]",0.055326,0,1.5696183,within_safe_vector_latitude,not_run+unchanged,2,
adm1,25984515B90258821264291,Denizli,TUR,True,"[28.5690471,36.8815167,30.0929783,38.4740857]","[28.5690471,36.8815167,30.0929783,38.4740857]",0.1166344,0,1.5239312,within_safe_vector_latitude,not_run+unchanged,1,
adm1,25984515B99670107521163,Diyarbakır,TUR,True,"[39.10654,37.5064402,41.3665813,38.7145841]","[39.10654,37.5064402,41.3665813,38.7145841]",0.0668673,0,2.2600413,within_safe_vector_latitude,not_run+unchanged,1,
adm1,25984515B87415935832289,Düzce,TUR,True,"[30.8223443,40.6229263,31.8536456,41.1157622]","[30.8223443,40.6229263,31.8536456,41.1157622]",0.0500351,0,1.0313013,within_safe_vector_latitude,not_run+unchanged,2,
adm1,25984515B68163725002210,Edirne,TUR,True,"[26.036678792547953,40.58993050354131,27.0263148,42.00221]","[26.036678792547953,40.58993050354131,27.0263148,42.00221]",0.113946882,0,0.989636007,within_safe_vector_latitude,not_run+unchanged,2,
adm1,25984515B73855241915553,Elazığ,TUR,True,"[38.3568772,38.2399853,40.3348277,39.1914034]","[38.3568772,38.2399853,40.3348277,39.1914034]",0.0668673,0,1.9779505,within_safe_vector_latitude,not_run+unchanged,1,
adm1,25984515B21238382887484,Erzincan,TUR,True,"[38.2772508,39.0092,40.755878,40.0830928]","[38.2772508,39.0092,40.755878,40.0830928]",0.0571162,0,2.4786272,within_safe_vector_latitude,not_run+unchanged,1,
adm1,25984515B50530672954016,Erzurum,TUR,True,"[40.2460417,39.1521025,42.6201865,40.9907862]","[40.2460417,39.1521025,42.6201865,40.9907862]",0.0499044,0,2.3741448,within_safe_vector_latitude,not_run+unchanged,2,
adm1,25984515B12971548112787,Eskişehir,TUR,True,"[29.9883672,39.0402632,32.0100832,40.1873426]","[29.9883672,39.0402632,32.0100832,40.1873426]",0.0479285,0,2.021716,within_safe_vector_latitude,not_run+unchanged,1,
adm1,25984515B63001774148772,Gaziantep,TUR,True,"[36.4428239,36.7058108,38.0810748,37.5270811]","[36.4428239,36.7058108,38.0810748,37.5270811]",0.0642545,0,1.6382509,within_safe_vector_latitude,not_run+unchanged,1,
adm1,25984515B57211123653900,Giresun,TUR,True,"[37.9618256,40.0457644,39.1822165,41.0787069]","[37.9618256,40.0457644,39.1822165,41.0787069]",0.0485765,0,1.2203909,within_safe_vector_latitude,not_run+unchanged,2,
adm1,25984515B36227448932647,Gümüşhane,TUR,True,"[38.750523,39.8361941,40.1033255,40.8373207]","[38.750523,39.8361941,40.1033255,40.8373207]",0.0556583,0,1.3528025,within_safe_vector_latitude,not_run+unchanged,1,
adm1,25984515B57889067347253,Hakkâri,TUR,True,"[43.3064872,36.95985409700006,44.815117442124745,37.8105835]","[43.3064872,36.95985409700006,44.815117442124745,37.8105835]",0.260466555,0,1.508630242,within_safe_vector_latitude,not_run+unchanged,1,
adm1,25984515B95117543422129,Hatay,TUR,True,"[35.78205490100004,35.81217612900008,36.706041336000055,37.0082109]","[35.78205490100004,35.81217612900008,36.706041336000055,37.0082109]",0.042751312,0,0.923986435,within_safe_vector_latitude,not_run+unchanged,1,
adm1,25984515B20089439873245,Iğdır,TUR,True,"[43.2842723,39.62969883588045,44.8176638,40.146293163505064]","[43.2842723,39.62969883588045,44.8176638,40.146293163505064]",0.082086302,0,1.5333915,within_safe_vector_latitude,not_run+unchanged,1,
adm1,25984515B9026957888422,Isparta,TUR,True,"[30.0925532,37.3424984,31.5397153,38.5090592]","[30.0925532,37.3424984,31.5397153,38.5090592]",0.0472397,0,1.4471621,within_safe_vector_latitude,not_run+unchanged,1,
adm1,25984515B18786507826220,İstanbul,TUR,True,"[27.9721788,40.803561508414475,29.9585879,41.5905908]","[27.9721788,40.803561508414475,29.9585879,41.5905908]",0.0288973,0,1.13821091,within_safe_vector_latitude,not_run+unchanged,2,
adm1,25984515B59477790330217,İzmir,TUR,True,"[26.230588774569686,37.8152305,28.4930008,39.3854872]","[26.230588774569686,37.8152305,28.4930008,39.3854872]",0.0327,0,2.262412025,within_safe_vector_latitude,not_run+unchanged,1,
adm1,25984515B58862484177861,Kahramanmaraş,TUR,True,"[36.2014887,37.1809892,37.7518928,38.5861136]","[36.2014887,37.1809892,37.7518928,38.5861136]",0.0928208,0,1.5504041,within_safe_vector_latitude,not_run+unchanged,1,
adm1,25984515B55399473509250,Karabük,TUR,True,"[31.973824,40.8254243,33.1373224,41.5878589]","[31.973824,40.8254243,33.1373224,41.5878589]",0.0645777,0,1.1634984,within_safe_vector_latitude,not_run+unchanged,2,
adm1,25984515B55022069390108,Karaman,TUR,True,"[32.4697526,36.4519209,34.2591903,37.5617333]","[32.4697526,36.4519209,34.2591903,37.5617333]",0.1016341,0,1.7894377,within_safe_vector_latitude,not_run+unchanged,2,
adm1,25984515B40631498613339,Kars,TUR,True,"[42.1006618,39.9346359,43.74825676722278,41.0964801]","[42.1006618,39.9346359,43.74825676722278,41.0964801]",0.083497,0,1.647594967,within_safe_vector_latitude,not_run+unchanged,2,
adm1,25984515B36972543372669,Kastamonu,TUR,True,"[32.7467894,40.8197,34.6067604,42.0196008]","[32.7467894,40.8197,34.6067604,42.0196008]",0.0422,0,1.859971,within_safe_vector_latitude,not_run+unchanged,4,
adm1,25984515B43172796860329,Kayseri,TUR,True,"[34.8496189,37.6914408,36.9597697,39.3223264]","[34.8496189,37.6914408,36.9597697,39.3223264]",0.0490828,0,2.1101508,within_safe_vector_latitude,not_run+unchanged,1,
adm1,25984515B30869354278170,Kilis,TUR,True,"[36.71236179811814,36.623651505000055,37.5727431,37.0346424]","[36.71236179811814,36.623651505000055,37.5727431,37.0346424]",0.040828705,0,0.860381302,within_safe_vector_latitude,not_run+unchanged,1,
adm1,25984515B11362042972294,Kırıkkale,TUR,True,"[33.1860925,39.3952139,34.208147,40.3349144]","[33.1860925,39.3952139,34.208147,40.3349144]",0.048168,0,1.0220545,within_safe_vector_latitude,not_run+unchanged,2,
adm1,25984515B10334298996421,Kırklareli,TUR,True,"[26.8840527,41.2171114,28.145389557000044,42.1048008]","[26.8840527,41.2171114,28.145389557000044,42.1048008]",0.047863698,0,1.261336857,within_safe_vector_latitude,not_run+unchanged,1,
adm1,25984515B83185192232063,Kırşehir,TUR,True,"[33.4063338,38.8199336,34.7048405,39.7987628]","[33.4063338,38.8199336,34.7048405,39.7987628]",0.0651332,0,1.2985067,within_safe_vector_latitude,not_run+unchanged,2,
adm1,25984515B86381770870747,Kocaeli,TUR,True,"[29.3354388,40.5260066,30.3657536,41.2094312]","[29.3354388,40.5260066,30.3657536,41.2094312]",0.0667837,0,1.0303148,within_safe_vector_latitude,not_run+unchanged,2,
adm1,25984515B78139731385057,Konya,TUR,True,"[31.2585563,36.7514187,34.436517,39.304882]","[31.2585563,36.7514187,34.436517,39.304882]",0.1016341,0,3.1779607,within_safe_vector_latitude,not_run+unchanged,2,
adm1,25984515B47044460443496,Kütahya,TUR,True,"[28.608588,38.7913898,30.4461877,39.8788571]","[28.608588,38.7913898,30.4461877,39.8788571]",0.0941781,0,1.8375997,within_safe_vector_latitude,not_run+unchanged,1,
adm1,25984515B80837210717778,Malatya,TUR,True,"[37.2608133,37.8665777,39.1514252,39.1527896]","[37.2608133,37.8665777,39.1514252,39.1527896]",0.0928208,0,1.8906119,within_safe_vector_latitude,not_run+unchanged,1,
adm1,25984515B19932594956901,Manisa,TUR,True,"[27.1127128,38.0853005,29.1356264,39.407116]","[27.1127128,38.0853005,29.1356264,39.407116]",0.0927544,0,2.0229136,within_safe_vector_latitude,not_run+unchanged,1,
adm1,25984515B30119007363221,Mardin,TUR,True,"[39.8847598,36.9114341,41.8970527,37.7363747]","[39.8847598,36.9114341,41.8970527,37.7363747]",0.0708,0,2.0122929,within_safe_vector_latitude,not_run+unchanged,1,
adm1,25984515B33535290178113,Mersin,TUR,True,"[32.5109,36.02624893300003,35.1515373,37.4356009]","[32.5109,36.02624893300003,35.1515373,37.4356009]",0.0856271,0,2.6406373,within_safe_vector_latitude,not_run+unchanged,2,
adm1,25984515B57226385500606,Muğla,TUR,True,"[27.225751541486996,36.293250663768525,29.771756,37.6006888]","[27.225751541486996,36.293250663768525,29.771756,37.6006888]",0.0560046,0,2.546004459,within_safe_vector_latitude,not_run+unchanged,1,
adm1,25984515B88478081264350,Muş,TUR,True,"[41.1044966,38.4832901,42.7126062,39.5382483]","[41.1044966,38.4832901,42.7126062,39.5382483]",0.0414096,0,1.6081096,within_safe_vector_latitude,not_run+unchanged,1,
adm1,25984515B18723924091225,Nevşehir,TUR,True,"[34.2388048,38.2811968,35.1664006,39.3836464]","[34.2388048,38.2811968,35.1664006,39.3836464]",0.049033,0,0.9275958,within_safe_vector_latitude,not_run+unchanged,1,
adm1,25984515B59741408878569,Niğde,TUR,True,"[33.9755405,37.3314242,35.3111078,38.3886501]","[33.9755405,37.3314242,35.3111078,38.3886501]",0.2201059,0,1.3355673,within_safe_vector_latitude,not_run+unchanged,1,
adm1,25984515B15602000155844,Ordu,TUR,True,"[36.68241,40.3257705,38.1160428,41.1475887]","[36.68241,40.3257705,38.1160428,41.1475887]",0.0442792,0,1.4336328,within_safe_vector_latitude,not_run+unchanged,2,
adm1,25984515B63638727958144,Osmaniye,TUR,True,"[35.8764549,36.9297265,36.6965365,37.7497797]","[35.8764549,36.9297265,36.6965365,37.7497797]",0.0570772,0,0.8200816,within_safe_vector_latitude,not_run+unchanged,1,
adm1,25984515B47778459062669,Rize,TUR,True,"[40.34309302932819,40.5160397,41.3757653,41.30394006992849]","[40.34309302932819,40.5160397,41.3757653,41.30394006992849]",0.0355235,0,1.032672271,within_safe_vector_latitude,not_run+unchanged,2,
adm1,25984515B30494634933389,Sakarya,TUR,True,"[29.9669815,40.2860894,31.0124785,41.17748667817778]","[29.9669815,40.2860894,31.0124785,41.17748667817778]",0.0667837,0,1.045497,within_safe_vector_latitude,not_run+unchanged,2,
adm1,25984515B31080883995775,Samsun,TUR,True,"[34.8786647,40.8219504,37.1698717,41.73522022832848]","[34.8786647,40.8219504,37.1698717,41.73522022832848]",0.0472253,0,2.291207,within_safe_vector_latitude,not_run+unchanged,2,
adm1,25984515B34503670046284,Siirt,TUR,True,"[41.36173,37.5818304,42.8845218,38.267337]","[41.36173,37.5818304,42.8845218,38.267337]",0.1004352,0,1.5227918,within_safe_vector_latitude,not_run+unchanged,1,
adm1,25984515B86660708585065,Sinop,TUR,True,"[34.2237142,41.2020232,35.4777427,42.0968049]","[34.2237142,41.2020232,35.4777427,42.0968049]",0.0406383,0,1.2540285,within_safe_vector_latitude,not_run+unchanged,1,
adm1,25984515B33997294820892,Sivas,TUR,True,"[35.8543822,38.5370853,38.7722399,40.5526082]","[35.8543822,38.5370853,38.7722399,40.5526082]",0.0560316,0,2.9178577,within_safe_vector_latitude,not_run+unchanged,1,
adm1,25984515B4318484465943,Tekirdağ,TUR,True,"[26.6932929,40.53872299300008,28.1443132,41.6093553]","[26.6932929,40.53872299300008,28.1443132,41.6093553]",0.0259968,0,1.4510203,within_safe_vector_latitude,not_run+unchanged,2,
adm1,25984515B20532508270601,Tokat,TUR,True,"[35.4325569,39.8932047,37.6653888,40.910309]","[35.4325569,39.8932047,37.6653888,40.910309]",0.0512864,0,2.2328319,within_safe_vector_latitude,not_run+unchanged,1,
adm1,25984515B1589724669162,Trabzon,TUR,True,"[39.1233252,40.5135382,40.5074515,41.103798499609965]","[39.1233252,40.5135382,40.5074515,41.103798499609965]",0.0411154,0,1.3841263,within_safe_vector_latitude,not_run+unchanged,2,
adm1,25984515B47484816256121,Tunceli,TUR,True,"[38.7319234,38.7631676,40.4038294,39.6149985]","[38.7319234,38.7631676,40.4038294,39.6149985]",0.0712721,0,1.671906,within_safe_vector_latitude,not_run+unchanged,1,
adm1,25984515B95251525471141,Uşak,TUR,True,"[28.7543641,38.1658584,30.0340791,38.9354133]","[28.7543641,38.1658584,30.0340791,38.9354133]",0.0927544,0,1.279715,within_safe_vector_latitude,not_run+unchanged,1,
adm1,25984515B28392380114016,Van,TUR,True,"[42.6622008,37.7200905,44.51253140000415,39.3709684]","[42.6622008,37.7200905,44.51253140000415,39.3709684]",0.0777171,0,1.8503306,within_safe_vector_latitude,not_run+unchanged,1,
adm1,25984515B60423683749854,Yalova,TUR,True,"[28.7796787,40.45702180874958,29.5583037,40.73689275267578]","[28.7796787,40.45702180874958,29.5583037,40.73689275267578]",0.0252292,0,0.778625,within_safe_vector_latitude,not_run+unchanged,1,
adm1,25984515B19658467647683,Yozgat,TUR,True,"[34.0606553,38.9860247,36.1682786,40.2550786]","[34.0606553,38.9860247,36.1682786,40.2550786]",0.0651332,0,2.1076233,within_safe_vector_latitude,not_run+unchanged,1,
adm1,25984515B41902751620989,Zonguldak,TUR,True,"[31.2929831,41.00698,32.294704,41.58862169822543]","[31.2929831,41.00698,32.294704,41.58862169822543]",0.0500351,0,1.0017209,within_safe_vector_latitude,not_run+unchanged,1,
adm1,25984515B41137800759750,Şırnak,TUR,True,"[41.5454871,37.1052646,43.4991914,37.7698422]","[41.5454871,37.1052646,43.4991914,37.7698422]",0.21650021,0,1.9537043,within_safe_vector_latitude,not_run+unchanged,1,
adm1,25984515B35512619552530,Şanlıurfa,TUR,True,"[37.8351901,36.6691518,40.2384707,38.0205169]","[37.8351901,36.6691518,40.2384707,38.0205169]",0.122623443,0,2.4032806,within_safe_vector_latitude,not_run+unchanged,1,
adm1,19161824B24193204184747,Southern District,ISR,True,"[34.267257,29.493185654000058,35.475645,31.88266117200004]","[34.267257,29.493185654000058,35.475645,31.88266117200004]",0.120823264,0,1.208388,within_safe_vector_latitude,not_run+unchanged,1,
adm1,19161824B470428506180,Central District,ISR,True,"[34.68059330300008,31.76095367100004,35.04704223300007,32.41083047600006]","[34.68059330300008,31.76095367100004,35.04704223300007,32.41083047600006]",0.062007328,0,0.36644893,within_safe_vector_latitude,not_run+unchanged,2,
adm1,19161824B79530266069959,Jerusalem District,ISR,True,"[34.82931630500008,31.60198913060496,35.22748311700008,31.851410001000033]","[34.82931630500008,31.60198913060496,35.22748311700008,31.851410001000033]",0.061691291,0,0.398166812,within_safe_vector_latitude,not_run+unchanged,1,
adm1,19161824B77983365125372,Tel Aviv,ISR,True,"[34.736771383000075,31.988155522000056,34.87741300500005,32.198905430000025]","[34.736771383000075,31.988155522000056,34.87741300500005,32.198905430000025]",0.055175271,0,0.140641622,within_safe_vector_latitude,not_run+unchanged,1,
adm1,19161824B12012272353046,Haifa,ISR,True,"[34.87122125800005,32.37085700200004,35.2106311416821,32.88795840300003]","[34.87122125800005,32.37085700200004,35.2106311416821,32.88795840300003]",0.062762974,0,0.339409884,within_safe_vector_latitude,not_run+unchanged,1,
adm1,19161824B91089536365577,Northern District,ISR,True,"[35.02973999200003,32.38866722341709,35.67029354512512,33.2717050877075]","[35.02973999200003,32.38866722341709,35.67029354512512,33.2717050877075]",0.062762974,0,0.640553553,within_safe_vector_latitude,not_run+unchanged,1,
adm1,32408957B94023193097291,Chittagong,BGD,True,"[90.58979441438373,20.972662599662044,92.63194272500004,24.24362662649338]","[90.58979441438373,20.972662599662044,92.63194272500004,24.24362662649338]",0.184697009,0,2.035242018,within_safe_vector_latitude,not_run+unchanged,2,
adm1,32408957B77718829177955,Dhaka,BGD,True,"[89.25526666292177,22.834360942228273,91.23625978635636,24.735430325616562]","[89.25526666292177,22.834360942228273,91.23625978635636,24.735430325616562]",0.294274733,0,1.980993123,within_safe_vector_latitude,not_run+unchanged,2,
adm1,32408957B83626866084602,Mymensingh,BGD,True,"[89.66120421439649,24.28410716451708,91.1938997749478,25.348471501323985]","[89.66120421439649,24.28410716451708,91.1938997749478,25.348471501323985]",0.294274733,0,1.532695561,within_safe_vector_latitude,not_run+unchanged,2,
adm1,32408957B27409320841034,Rajshani,BGD,True,"[88.02167533299885,23.76504606484025,89.81821684189885,25.266410775223356]","[88.02167533299885,23.76504606484025,89.81821684189885,25.266410775223356]",0.304473898,0,1.796541509,within_safe_vector_latitude,not_run+unchanged,1,
adm1,32408957B77489436868882,Rangpur,BGD,True,"[88.08549704200004,25.028846405821753,89.86723415680433,26.58088358834429]","[88.08549704200004,25.028846405821753,89.86723415680433,26.58088358834429]",0.325650324,0,1.781737115,within_safe_vector_latitude,not_run+unchanged,1,
adm1,32408957B58397560032916,Sylhet,BGD,True,"[90.97725713644286,24.003486090320507,92.45650989545425,25.207313843000065]","[90.97725713644286,24.003486090320507,92.45650989545425,25.207313843000065]",0.171270944,0,1.479252759,within_safe_vector_latitude,not_run+unchanged,1,
adm1,32408957B3859287816056,Khulna,BGD,True,"[88.57320140824453,21.697784388007392,89.95831654850787,24.1765886129291]","[88.57320140824453,21.697784388007392,89.95831654850787,24.1765886129291]",0.267158509,0,1.38511514,within_safe_vector_latitude,not_run+unchanged,2,
adm1,32408957B31852228482374,Barisal,BGD,True,"[89.89866444500626,21.799582384000075,90.86770073800005,23.02680850295686]","[89.89866444500626,21.799582384000075,90.86770073800005,23.02680850295686]",0.21987342,0,0.731462509,within_safe_vector_latitude,not_run+unchanged,4,
adm1,20573499B9779674920937,Ayeyarwady,MMR,True,"[94.2004424285974,15.708722116000047,96.07955932600004,18.51046922640063]","[94.2004424285974,15.708722116000047,96.07955932600004,18.51046922640063]",0.071979577,0,1.728841584,within_safe_vector_latitude,not_run+unchanged,1,
adm1,20573499B58864057590207,Chin,MMR,True,"[92.60210431939083,20.63989504974677,94.1530263625196,24.10005387952293]","[92.60210431939083,20.63989504974677,94.1530263625196,24.10005387952293]",0.060675723,0,1.550922043,within_safe_vector_latitude,not_run+unchanged,2,
adm1,20573499B8199738503087,Saigang,MMR,True,"[93.94618817803746,21.575958204099493,97.06634936075154,27.37183177568609]","[93.94618817803746,21.575958204099493,97.06634936075154,27.37183177568609]",0.095306962,0,3.120161183,within_safe_vector_latitude,not_run+unchanged,2,
adm1,20573499B79934184351821,Kachin,MMR,True,"[95.81850473563509,23.634103802179254,98.78131804472434,28.545538862132275]","[95.81850473563509,23.634103802179254,98.78131804472434,28.545538862132275]",0.606512559,0,2.962813309,within_safe_vector_latitude,not_run+unchanged,1,
adm1,20573499B20332088310808,Kayah,MMR,True,"[96.81978011574716,18.492671236062012,97.87327839719588,19.99668734212429]","[96.81978011574716,18.492671236062012,97.87327839719588,19.99668734212429]",0.071024586,0,1.053498281,within_safe_vector_latitude,not_run+unchanged,1,
adm1,20573499B82081528957960,Kayin,MMR,True,"[96.3916050528681,15.224546764538722,98.91868234780576,19.509060825124777]","[96.3916050528681,15.224546764538722,98.91868234780576,19.509060825124777]",0.062501106,0,2.527077295,within_safe_vector_latitude,not_run+unchanged,1,
adm1,20573499B51748932062429,Magway,MMR,True,"[93.84550851480094,18.832437306035047,95.85918994499042,22.76279871827529]","[93.84550851480094,18.832437306035047,95.85918994499042,22.76279871827529]",0.104297616,0,2.01368143,within_safe_vector_latitude,not_run+unchanged,2,
adm1,20573499B45980987355836,Mandalay,MMR,True,"[94.82972907808647,19.417322253678037,96.89598275793014,23.68204615610108]","[94.82972907808647,19.417322253678037,96.89598275793014,23.68204615610108]",0.104297616,0,2.06625368,within_safe_vector_latitude,not_run+unchanged,2,
adm1,20573499B93796524737308,Mon,MMR,True,"[96.86828500819416,14.880610891160018,98.23457891103617,17.715859024662564]","[96.86828500819416,14.880610891160018,98.23457891103617,17.715859024662564]",0.057686071,0,0.75136082,within_safe_vector_latitude,not_run+unchanged,1,
adm1,20573499B29373908448635,Rakhine,MMR,True,"[92.17274709741929,17.338706543531202,94.90183959831245,21.509999815701427]","[92.17274709741929,17.338706543531202,94.90183959831245,21.509999815701427]",0.060675723,0,2.729092501,within_safe_vector_latitude,not_run+unchanged,1,
adm1,20573499B47967485654923,Tanitharyi,MMR,True,"[97.44705200200008,9.785455698427427,99.651371,15.104854344659145]","[97.44705200200008,9.785455698427427,99.651371,15.104854344659145]",0.070110101,0,1.858093592,within_safe_vector_latitude,not_run+unchanged,2,
adm1,20573499B19694912925518,Bago,MMR,True,"[94.68555145801002,16.86124992400005,97.21888755250927,19.486581832029287]","[94.68555145801002,16.86124992400005,97.21888755250927,19.486581832029287]",0.078065475,0,2.533336094,within_safe_vector_latitude,not_run+unchanged,1,
adm1,20573499B24734669936209,Yangon,MMR,True,"[93.35041307267113,14.061428815000056,96.79372406000005,17.785991757169313]","[93.35041307267113,14.061428815000056,96.79372406000005,17.785991757169313]",0.059642912,0,1.175735317,within_safe_vector_latitude,not_run+unchanged,1,
adm1,20573499B82952573339616,Shan,MMR,True,"[96.1520765308955,19.311753974705823,101.16757758297176,24.158784658471973]","[96.1520765308955,19.311753974705823,101.16757758297176,24.158784658471973]",0.604497927,0,5.015501052,within_safe_vector_latitude,not_run+unchanged,2,
adm1,1811400B81659894240990,Puducherry,IND,True,"[75.52663646668445,10.827444928275833,82.31306430252,16.760727574880665]","[75.52663646668445,10.827444928275833,82.31306430252,16.760727574880665]",0.024028148,0,0.166766209,within_safe_vector_latitude,not_run+unchanged,3,
adm1,1811400B15614733245507,Mahārāshtra,IND,True,"[72.65541839600007,15.606170970707977,80.89835690879893,22.030224518898144]","[72.65541839600007,15.606170970707977,80.89835690879893,22.030224518898144]",0.045767839,0,8.242938513,within_safe_vector_latitude,not_run+unchanged,4,
adm1,1811400B74762431478096,Nāgāland,IND,True,"[93.3266375498706,25.19910542441858,95.23830529541566,27.034139176442697]","[93.3266375498706,25.19910542441858,95.23830529541566,27.034139176442697]",0.028581668,0,1.911667746,within_safe_vector_latitude,not_run+unchanged,1,
adm1,1811400B55669546485086,Lakshadweep,IND,True,"[72.18456665343165,8.26400355433456,73.7002636201297,11.497056009000062]","[72.18456665343165,8.26400355433456,73.7002636201297,11.497056009000062]",0.010974315,0,0.043790122,within_safe_vector_latitude,not_run+unchanged,2,
adm1,1811400B11231190780494,Uttar Pradesh,IND,True,"[77.08394810873945,23.87013398182365,84.63468220669664,30.40633417027495]","[77.08394810873945,23.87013398182365,84.63468220669664,30.40633417027495]",0.083273563,0,7.550734098,within_safe_vector_latitude,not_run+unchanged,2,
adm1,1811400B21167269026319,Tamil Nādu,IND,True,"[76.2334053536003,8.076252063185263,80.34642271594406,13.564496252786313]","[76.2334053536003,8.076252063185263,80.34642271594406,13.564496252786313]",0.067007244,0,4.113017362,within_safe_vector_latitude,not_run+unchanged,4,
adm1,1811400B70654311394581,Chhattīsgarh,IND,True,"[80.24431122119144,17.78235666295051,84.39615044904322,24.106294360264982]","[80.24431122119144,17.78235666295051,84.39615044904322,24.106294360264982]",0.036671822,0,4.151839228,within_safe_vector_latitude,not_run+unchanged,2,
adm1,1811400B80305611676067,Gujarāt,IND,True,"[68.17202758800005,20.119152070641913,74.47656899990925,24.71242837323496]","[68.17202758800005,20.119152070641913,74.47656899990925,24.71242837323496]",0.086219453,0,6.304541412,within_safe_vector_latitude,not_run+unchanged,2,
adm1,1811400B23625213884851,Delhi,IND,True,"[76.83903482441056,28.40469199328046,77.34739627842667,28.882107392256266]","[76.83903482441056,28.40469199328046,77.34739627842667,28.882107392256266]",0.028514313,0,0.508361454,within_safe_vector_latitude,not_run+unchanged,1,
adm1,1811400B15456792557830,Sikkim,IND,True,"[88.01347875633667,27.079449114794897,89.82804015862034,28.246987001000036]","[88.01347875633667,27.079449114794897,89.82804015862034,28.246987001000036]",0.932006847,0,1.814561402,within_safe_vector_latitude,not_run+unchanged,1,
adm1,1811400B57209440839078,Tripura,IND,True,"[91.1497134311355,22.939663300271818,92.33154571006233,24.527411409336526]","[91.1497134311355,22.939663300271818,92.33154571006233,24.527411409336526]",0.171270944,0,1.181832279,within_safe_vector_latitude,not_run+unchanged,1,
adm1,1811400B32673734874058,West Bengal,IND,True,"[85.82002393400512,21.547457432000044,89.874198263082,27.22073278222141]","[85.82002393400512,21.547457432000044,89.874198263082,27.22073278222141]",0.325650324,0,4.054174329,within_safe_vector_latitude,not_run+unchanged,2,
adm1,1811400B82358585030651,Odisha,IND,True,"[81.38836225926623,17.8129209673265,87.48606166760261,22.56751235951127]","[81.38836225926623,17.8129209673265,87.48606166760261,22.56751235951127]",0.055063535,0,6.097699408,within_safe_vector_latitude,not_run+unchanged,2,
adm1,1811400B26595099860318,Bihār,IND,True,"[83.32023795297891,24.286304669056324,88.29974145995591,27.521087515000033]","[83.32023795297891,24.286304669056324,88.29974145995591,27.521087515000033]",0.042088101,0,4.979503507,within_safe_vector_latitude,not_run+unchanged,1,
adm1,1811400B23769854471902,Ladākh,IND,True,"[75.20690277800003,32.342252115118185,79.305851,35.51124579900005]","[75.20690277800003,32.342252115118185,79.305851,35.51124579900005]",0.815534781,0,4.043188662,within_safe_vector_latitude,not_run+unchanged,2,
adm1,1811400B37341166588993,Rājasthān,IND,True,"[69.45693508398699,23.061220269181163,78.27225358568109,30.198127560826826]","[69.45693508398699,23.061220269181163,78.27225358568109,30.198127560826826]",0.312971235,0,8.815318502,within_safe_vector_latitude,not_run+unchanged,1,
adm1,1811400B25711494603400,Telangāna,IND,True,"[77.23591259653445,15.83602582612155,81.32263379475512,19.916703349948147]","[77.23591259653445,15.83602582612155,81.32263379475512,19.916703349948147]",0.026436114,0,4.086721198,within_safe_vector_latitude,not_run+unchanged,2,
adm1,1811400B84418948762846,Andhra Pradesh,IND,True,"[76.76059489140535,12.624243916027991,84.76474238480944,19.16729016546992]","[76.76059489140535,12.624243916027991,84.76474238480944,19.16729016546992]",0.036166207,0,8.004147493,within_safe_vector_latitude,not_run+unchanged,2,
adm1,1811400B49281905528064,Mizoram,IND,True,"[92.25699652338477,21.941362724067993,93.43669119500004,24.52107996818809]","[92.25699652338477,21.941362724067993,93.43669119500004,24.52107996818809]",0.062290709,0,1.179694672,within_safe_vector_latitude,not_run+unchanged,2,
adm1,1811400B16134215155042,Arunāchal Pradesh,IND,True,"[91.56230784000007,26.65102026889437,97.39535870500004,29.382748]","[91.56230784000007,26.65102026889437,97.39535870500004,29.382748]",0.125087459,0,5.833050865,within_safe_vector_latitude,not_run+unchanged,1,
adm1,1811400B28404458933503,Meghālaya,IND,True,"[89.81968305700008,25.02924883566078,92.80282185340569,26.119502083417228]","[89.81968305700008,25.02924883566078,92.80282185340569,26.119502083417228]",0.152730711,0,2.983138796,within_safe_vector_latitude,not_run+unchanged,2,
adm1,1811400B52412412689061,Jhārkhand,IND,True,"[83.3298774625774,21.972552808772992,87.96228739209855,25.349341184237463]","[83.3298774625774,21.972552808772992,87.96228739209855,25.349341184237463]",0.047949034,0,4.63240993,within_safe_vector_latitude,not_run+unchanged,1,
adm1,1811400B78322693766699,Assam,IND,True,"[89.70017709695956,24.136238161061033,96.01778097556532,27.97156927407285]","[89.70017709695956,24.136238161061033,96.01778097556532,27.97156927407285]",0.192079887,0,6.317603879,within_safe_vector_latitude,not_run+unchanged,2,
adm1,1811400B97532436596698,Manipur,IND,True,"[92.97063483087152,23.83318439307616,94.74521593826114,25.691797741941613]","[92.97063483087152,23.83318439307616,94.74521593826114,25.691797741941613]",0.042293318,0,1.774581107,within_safe_vector_latitude,not_run+unchanged,1,
adm1,1811400B56841107211215,Karnātaka,IND,True,"[74.08568785959928,11.59566955709152,78.58761549355394,18.458838418279793]","[74.08568785959928,11.59566955709152,78.58761549355394,18.458838418279793]",0.045767839,0,4.501927634,within_safe_vector_latitude,not_run+unchanged,1,
adm1,1811400B3558497485804,Uttarākhand,IND,True,"[77.57230026174163,28.722927983805654,81.03086,31.28685203246077]","[77.57230026174163,28.722927983805654,81.03086,31.28685203246077]",0.37154873,0,3.458559738,within_safe_vector_latitude,not_run+unchanged,2,
adm1,1811400B51283975314925,Dādra and Nagar Haveli and Damān and Diu,IND,True,"[70.87668530618852,20.04819304404654,73.21797072478608,20.742846013918975]","[70.87668530618852,20.04819304404654,73.21797072478608,20.742846013918975]",0.016832952,0,0.306105842,within_safe_vector_latitude,not_run+unchanged,1,
adm1,1811400B75807316846587,Madhya Pradesh,IND,True,"[74.02969576014225,21.070105639239834,82.8103128213107,26.86906487719031]","[74.02969576014225,21.070105639239834,82.8103128213107,26.86906487719031]",0.040560584,0,8.780617061,within_safe_vector_latitude,not_run+unchanged,4,
adm1,1811400B6111924962807,Goa,IND,True,"[73.67538205174372,14.900641739228085,74.33600877466479,15.800762637691411]","[73.67538205174372,14.900641739228085,74.33600877466479,15.800762637691411]",0.021591571,0,0.644785631,within_safe_vector_latitude,not_run+unchanged,1,
adm1,1811400B45534780755480,Kerala,IND,True,"[74.8680110231298,8.29248867977566,77.41232049024705,12.79560931457889]","[74.8680110231298,8.29248867977566,77.41232049024705,12.79560931457889]",0.067007244,0,2.544309467,within_safe_vector_latitude,not_run+unchanged,2,
adm1,1811400B77692474244036,Chandīgarh,IND,True,"[76.70515164372233,30.66654717068542,76.849380793403,30.795266600596648]","[76.70515164372233,30.66654717068542,76.849380793403,30.795266600596648]",0.015269998,0,0.14422915,within_safe_vector_latitude,not_run+unchanged,1,
adm1,1811400B21325138943523,Andaman and Nicobar Islands,IND,True,"[92.21125030500008,6.758093464526503,93.9403457987843,13.665717973705938]","[92.21125030500008,6.758093464526503,93.9403457987843,13.665717973705938]",0.017447396,0,0.285598884,within_safe_vector_latitude,not_run+unchanged,2,
adm1,1811400B21086746745937,Himāchal Pradesh,IND,True,"[75.59434063462746,30.377701333491753,78.99720725559519,33.25663613852542]","[75.59434063462746,30.377701333491753,78.99720725559519,33.25663613852542]",0.04605081,0,3.402866621,within_safe_vector_latitude,not_run+unchanged,4,
adm1,1811400B42025667129192,Jammu and Kashmīr,IND,True,"[73.75003382600005,32.277011736833074,76.77952380389843,34.78714139300007]","[73.75003382600005,32.277011736833074,76.77952380389843,34.78714139300007]",0.341698063,0,3.029489978,within_safe_vector_latitude,not_run+unchanged,1,
adm1,1811400B91946361694107,Punjab,IND,True,"[73.87984832119756,29.54280543479019,76.93941792731886,32.5126967060539]","[73.87984832119756,29.54280543479019,76.93941792731886,32.5126967060539]",0.170996616,0,3.059569606,within_safe_vector_latitude,not_run+unchanged,2,
adm1,1811400B68407848780347,Haryāna,IND,True,"[74.47363917515281,27.652599414861406,77.60429739606751,30.927219772444325]","[74.47363917515281,27.652599414861406,77.60429739606751,30.927219772444325]",0.028514313,0,3.130658221,within_safe_vector_latitude,not_run+unchanged,1,
adm1,11314189B6086502013331,Borgou,BEN,True,"[1.974456792669059,8.757715359752751,3.836434421659994,10.69065142396666]","[1.974456792669059,8.757715359752751,3.836434421659994,10.69065142396666]",0.542895076,0,1.861977629,within_safe_vector_latitude,not_run+unchanged,1,
adm1,11314189B84365908568321,Alibori,BEN,True,"[2.03298276437784,10.452102825848613,3.83572346713479,12.396943001000068]","[2.03298276437784,10.452102825848613,3.83572346713479,12.396943001000068]",0.392153527,0,1.802740703,within_safe_vector_latitude,not_run+unchanged,2,
adm1,11314189B98234112011604,Atakora,BEN,True,"[0.775412326000037,9.994763407977606,2.35957361220585,11.471277096582037]","[0.775412326000037,9.994763407977606,2.35957361220585,11.471277096582037]",0.53748533,0,1.584161286,within_safe_vector_latitude,not_run+unchanged,2,
adm1,11314189B13023113934095,Donga,BEN,True,"[1.359587970166309,8.474809086990547,2.20951489638253,10.104316473082747]","[1.359587970166309,8.474809086990547,2.20951489638253,10.104316473082747]",0.270262121,0,0.849926926,within_safe_vector_latitude,not_run+unchanged,1,
adm1,11314189B64147716128567,Collines,BEN,True,"[1.613056,7.449069578461409,2.768496422000055,8.865328053417187]","[1.613056,7.449069578461409,2.768496422000055,8.865328053417187]",0.542895076,0,1.155440422,within_safe_vector_latitude,not_run+unchanged,1,
adm1,11314189B63929627317717,Plateau,BEN,True,"[2.40187957217398,6.553744783227216,2.784435362696668,7.647301235373808]","[2.40187957217398,6.553744783227216,2.784435362696668,7.647301235373808]",0.235519741,0,0.382555791,within_safe_vector_latitude,not_run+unchanged,1,
adm1,11314189B15837635829289,Zou,BEN,True,"[1.633364494432215,6.890993049595806,2.533949588611051,7.651032452793459]","[1.633364494432215,6.890993049595806,2.533949588611051,7.651032452793459]",0.327976986,0,0.900585094,within_safe_vector_latitude,not_run+unchanged,1,
adm1,11314189B51785125282818,Littoral,BEN,True,"[2.346022386763289,6.340913258000057,2.528382504761968,6.41185807818664]","[2.346022386763289,6.340913258000057,2.528382504761968,6.41185807818664]",0.118069826,0,0.182360118,within_safe_vector_latitude,not_run+unchanged,1,
adm1,11314189B98727282609866,Kouffo,BEN,True,"[1.557931499000063,6.663402479874208,2.078171734868259,7.540402797608023]","[1.557931499000063,6.663402479874208,2.078171734868259,7.540402797608023]",0.239013962,0,0.520240236,within_safe_vector_latitude,not_run+unchanged,1,
adm1,11314189B51984097201256,Oueme,BEN,True,"[2.406148721003347,6.358825988589564,2.72143929729782,6.973295391741487]","[2.406148721003347,6.358825988589564,2.72143929729782,6.973295391741487]",0.127800868,0,0.315290576,within_safe_vector_latitude,not_run+unchanged,1,
adm1,11314189B92184841279532,Atlanique,BEN,True,"[1.966637161560186,6.304305909631781,2.475844923406441,6.971319009548987]","[1.966637161560186,6.304305909631781,2.475844923406441,6.971319009548987]",0.327976986,0,0.509207762,within_safe_vector_latitude,not_run+unchanged,1,
adm1,11314189B32238589455429,Mono,BEN,True,"[1.610172344687385,6.27521810752223,2.010665561843666,6.78218017300253]","[1.610172344687385,6.27521810752223,2.010665561843666,6.78218017300253]",0.239013962,0,0.400493217,within_safe_vector_latitude,not_run+unchanged,1,
adm1,87150794B58281898249288,Tahoua/Agadez,NER,True,"[3.254889005200738,13.677186000065024,15.999034,23.51500000064327]","[3.254889005200738,13.677186000065024,15.999034,23.51500000064327]",0.961602384,0,12.744144995,within_safe_vector_latitude,not_run+unchanged,4,
adm1,87150794B47488127174201,Dossa,NER,True,"[2.474445169942726,11.693756,4.656172766458739,14.657818097470397]","[2.474445169942726,11.693756,4.656172766458739,14.657818097470397]",0.229579681,0,2.181727597,within_safe_vector_latitude,not_run+unchanged,1,
adm1,87150794B29979307394387,Niamey,NER,True,"[1.923688887586877,13.431011199551165,2.257589339717526,13.633010864338758]","[1.923688887586877,13.431011199551165,2.257589339717526,13.633010864338758]",0.114000321,0,0.333900452,within_safe_vector_latitude,not_run+unchanged,1,
adm1,87150794B24708462658640,Tillaberi,NER,True,"[0.16688396219065,11.900675389709393,4.253709171599837,15.715259000000117]","[0.16688396219065,11.900675389709393,4.253709171599837,15.715259000000117]",0.28939,0,4.086825209,within_safe_vector_latitude,not_run+unchanged,1,
adm1,87150794B5839560144768,Maradi,NER,True,"[6.091025001859651,12.995277404728483,8.541663175593214,15.448891098207127]","[6.091025001859651,12.995277404728483,8.541663175593214,15.448891098207127]",0.234445,0,2.450638174,within_safe_vector_latitude,not_run+unchanged,1,
adm1,87150794B17606801029036,Zinder/Diffa,NER,True,"[7.324391174459493,12.807406,15.569038999984146,18.002773100585614]","[7.324391174459493,12.807406,15.569038999984146,18.002773100585614]",0.756673001,0,8.244647826,within_safe_vector_latitude,not_run+unchanged,2,
adm1,27671186B81745654473385,Cross River,NGA,True,"[7.840874194888215,4.689173185000072,9.474327086825667,6.896412848773991]","[7.840874194888215,4.689173185000072,9.474327086825667,6.896412848773991]",0.126045296,0,1.633452892,within_safe_vector_latitude,not_run+unchanged,1,
adm1,27671186B76269877687363,Abuja Federal Capital Territory,NGA,True,"[6.779962082284328,8.41933623467952,7.724080473734944,9.408684983425303]","[6.779962082284328,8.41933623467952,7.724080473734944,9.408684983425303]",0.227212429,0,0.944118391,within_safe_vector_latitude,not_run+unchanged,1,
adm1,27671186B83907961412659,Ogun,NGA,True,"[2.705176773000062,6.297284947742185,4.609585762073323,7.951042967558976]","[2.705176773000062,6.297284947742185,4.609585762073323,7.951042967558976]",0.400968522,0,1.904408989,within_safe_vector_latitude,not_run+unchanged,1,
adm1,27671186B56513237316251,Oyo,NGA,True,"[2.692612538038247,7.080647467606582,4.568998335604761,9.188310621637925]","[2.692612538038247,7.080647467606582,4.568998335604761,9.188310621637925]",0.207707881,0,1.876385798,within_safe_vector_latitude,not_run+unchanged,1,
adm1,27671186B99510750195830,Sokoto,NGA,True,"[4.140757,11.53031450630948,6.792771964354699,13.885645]","[4.140757,11.53031450630948,6.792771964354699,13.885645]",0.24446219,0,2.652014964,within_safe_vector_latitude,not_run+unchanged,1,
adm1,27671186B21163522287660,Zamfara,NGA,True,"[4.860745447244653,10.963452494237288,7.246568182575629,13.18245069324496]","[4.860745447244653,10.963452494237288,7.246568182575629,13.18245069324496]",0.143964207,0,2.385822735,within_safe_vector_latitude,not_run+unchanged,2,
adm1,27671186B19119389308001,Lagos,NGA,True,"[2.705038269000056,6.368742147537017,4.3686295177381,6.698423097448028]","[2.705038269000056,6.368742147537017,4.3686295177381,6.698423097448028]",0.400968522,0,1.535917324,within_safe_vector_latitude,not_run+unchanged,1,
adm1,27671186B25346211366833,Akwa Ibom,NGA,True,"[7.460275173060836,4.473336552904597,8.327949486000023,5.516195773716049]","[7.460275173060836,4.473336552904597,8.327949486000023,5.516195773716049]",0.073094531,0,0.867674313,within_safe_vector_latitude,not_run+unchanged,1,
adm1,27671186B47021609715037,Bayelsa,NGA,True,"[5.376114165000047,4.27058531900002,6.607241153556458,5.379249096268836]","[5.376114165000047,4.27058531900002,6.607241153556458,5.379249096268836]",0.076500892,0,1.231126989,within_safe_vector_latitude,not_run+unchanged,1,
adm1,27671186B41407594687181,Ondo,NGA,True,"[4.382769585248184,5.888719183793318,6.004125594720449,7.750246048116651]","[4.382769585248184,5.888719183793318,6.004125594720449,7.750246048116651]",0.264651775,0,1.621356009,within_safe_vector_latitude,not_run+unchanged,1,
adm1,27671186B69086015704361,Delta,NGA,True,"[4.977438003477956,5.0183839799368,6.769402026981993,6.50123405570713]","[4.977438003477956,5.0183839799368,6.769402026981993,6.50123405570713]",0.126126766,0,1.477891914,within_safe_vector_latitude,not_run+unchanged,1,
adm1,27671186B95832466049157,Rivers,NGA,True,"[6.398394108401419,4.325280383882671,7.588842931278633,5.689925194092496]","[6.398394108401419,4.325280383882671,7.588842931278633,5.689925194092496]",0.082672596,0,1.190448823,within_safe_vector_latitude,not_run+unchanged,1,
adm1,27671186B2031248555853,Kwara,NGA,True,"[2.742957589820946,8.008471488968098,6.208536148424571,10.15666566039198]","[2.742957589820946,8.008471488968098,6.208536148424571,10.15666566039198]",0.198400021,0,3.465578559,within_safe_vector_latitude,not_run+unchanged,1,
adm1,27671186B96047513549152,Kogi,NGA,True,"[5.321502686100132,6.557928405671419,7.802608319718217,8.738791465753593]","[5.321502686100132,6.557928405671419,7.802608319718217,8.738791465753593]",0.180995464,0,2.481105634,within_safe_vector_latitude,not_run+unchanged,1,
adm1,27671186B36221103315467,Benue,NGA,True,"[7.530513762700025,6.442982001000075,9.888607979274866,8.158167838874704]","[7.530513762700025,6.442982001000075,9.888607979274866,8.158167838874704]",0.174683571,0,2.358094217,within_safe_vector_latitude,not_run+unchanged,1,
adm1,27671186B753479316714,Borno,NGA,True,"[11.54460861509557,10.024698729662703,14.677038,13.7214350274898]","[11.54460861509557,10.024698729662703,14.677038,13.7214350274898]",0.181967599,0,3.132429385,within_safe_vector_latitude,not_run+unchanged,2,
adm1,27671186B99661334382691,Katsina,NGA,True,"[6.854400001359011,11.128836295958365,9.047338499572163,13.342273]","[6.854400001359011,11.128836295958365,9.047338499572163,13.342273]",0.107361921,0,2.192938498,within_safe_vector_latitude,not_run+unchanged,2,
adm1,27671186B51792679167430,Plateau,NGA,True,"[8.555038451863084,8.367341996236178,10.637916564597845,10.380446247596296]","[8.555038451863084,8.367341996236178,10.637916564597845,10.380446247596296]",0.143659958,0,2.082878113,within_safe_vector_latitude,not_run+unchanged,1,
adm1,27671186B63712480376187,Edo,NGA,True,"[5.015618801166795,5.748114109378719,6.715768813679858,7.59141683641792]","[5.015618801166795,5.748114109378719,6.715768813679858,7.59141683641792]",0.264651775,0,1.700150013,within_safe_vector_latitude,not_run+unchanged,1,
adm1,27671186B1226853346294,Jigawa,NGA,True,"[8.144535414377913,10.942210197242844,10.605591947210655,13.014821153973116]","[8.144535414377913,10.942210197242844,10.605591947210655,13.014821153973116]",0.133947706,0,2.461056533,within_safe_vector_latitude,not_run+unchanged,2,
adm1,27671186B76680224160916,Anambra,NGA,True,"[6.600627332385557,5.681609277346297,7.339062690590765,6.753429071894175]","[6.600627332385557,5.681609277346297,7.339062690590765,6.753429071894175]",0.088977814,0,0.738435358,within_safe_vector_latitude,not_run+unchanged,1,
adm1,27671186B50148357657004,Kano,NGA,True,"[7.675170903614344,10.543358511785925,9.360311527055387,12.602577516439283]","[7.675170903614344,10.543358511785925,9.360311527055387,12.602577516439283]",0.108635242,0,1.685140623,within_safe_vector_latitude,not_run+unchanged,2,
adm1,27671186B74554005070963,Nasarawa,NGA,True,"[6.934631347658637,7.770002364717413,9.617529869308044,9.329254915981664]","[6.934631347658637,7.770002364717413,9.617529869308044,9.329254915981664]",0.180995464,0,2.682898522,within_safe_vector_latitude,not_run+unchanged,1,
adm1,27671186B53868438251790,Kebbi,NGA,True,"[3.496788784598778,10.100580215304717,6.204431513103884,13.263686177575096]","[3.496788784598778,10.100580215304717,6.204431513103884,13.263686177575096]",0.184968676,0,2.707642729,within_safe_vector_latitude,not_run+unchanged,2,
adm1,27671186B8148656125930,Imo,NGA,True,"[6.639080048005837,5.19455194531605,7.432285786160151,5.938930988574327]","[6.639080048005837,5.19455194531605,7.432285786160151,5.938930988574327]",0.111875057,0,0.793205738,within_safe_vector_latitude,not_run+unchanged,1,
adm1,27671186B90305463766462,Gombe,NGA,True,"[10.497225708199949,9.525595789114448,11.854544455762095,11.286717677079196]","[10.497225708199949,9.525595789114448,11.854544455762095,11.286717677079196]",0.151584625,0,1.357318748,within_safe_vector_latitude,not_run+unchanged,4,
adm1,27671186B49737451005073,Adamawa,NGA,True,"[11.341521262696176,7.391217192719296,13.729558713715162,10.948335647871886]","[11.341521262696176,7.391217192719296,13.729558713715162,10.948335647871886]",0.14008512,0,2.388037451,within_safe_vector_latitude,not_run+unchanged,1,
adm1,27671186B69054806776702,Yobe,NGA,True,"[9.674965274526523,10.57027816770335,12.497416064599747,13.38059352536597]","[9.674965274526523,10.57027816770335,12.497416064599747,13.38059352536597]",0.233970022,0,2.82245079,within_safe_vector_latitude,not_run+unchanged,4,
adm1,27671186B83117616801018,Abia,NGA,True,"[7.141855510423511,4.828270242877466,7.986322880396642,6.042149544166193]","[7.141855510423511,4.828270242877466,7.986322880396642,6.042149544166193]",0.151825916,0,0.84446737,within_safe_vector_latitude,not_run+unchanged,1,
adm1,27671186B91150779192485,Ekiti,NGA,True,"[4.86386156126207,7.28318691344532,5.791615485866032,8.1112461104197]","[4.86386156126207,7.28318691344532,5.791615485866032,8.1112461104197]",0.168881416,0,0.927753925,within_safe_vector_latitude,not_run+unchanged,1,
adm1,27671186B37873222803025,Osun,NGA,True,"[4.068733691306875,6.980734825252057,5.05763292202181,8.095502852974334]","[4.068733691306875,6.980734825252057,5.05763292202181,8.095502852974334]",0.123714593,0,0.988899231,within_safe_vector_latitude,not_run+unchanged,1,
adm1,27671186B7584771598694,Bauchi,NGA,True,"[8.745786686706253,9.447321510579286,11.008531705174107,12.532465744698413]","[8.745786686706253,9.447321510579286,11.008531705174107,12.532465744698413]",0.155703005,0,2.262745018,within_safe_vector_latitude,not_run+unchanged,2,
adm1,27671186B79778155682183,Niger,NGA,True,"[3.581943987624982,8.20195102691838,7.378645291946725,11.387494942937337]","[3.581943987624982,8.20195102691838,7.378645291946725,11.387494942937337]",0.227212429,0,3.796701304,within_safe_vector_latitude,not_run+unchanged,2,
adm1,27671186B54051914323789,Kaduna,NGA,True,"[6.092243006109868,9.001431465389885,8.818318428852479,11.519170437565663]","[6.092243006109868,9.001431465389885,8.818318428852479,11.519170437565663]",0.130455696,0,2.726075423,within_safe_vector_latitude,not_run+unchanged,2,
adm1,27671186B90910891533368,Enugu,NGA,True,"[6.860965587392002,5.924640179400797,7.903395652587335,7.101550166207232]","[6.860965587392002,5.924640179400797,7.903395652587335,7.101550166207232]",0.104861418,0,1.042430065,within_safe_vector_latitude,not_run+unchanged,1,
adm1,27671186B83252759475924,Taraba,NGA,True,"[9.115716934189209,6.500008,11.876281595711964,9.615353467688408]","[9.115716934189209,6.500008,11.876281595711964,9.615353467688408]",0.174683571,0,2.760564662,within_safe_vector_latitude,not_run+unchanged,2,
adm1,27671186B90886723034258,Ebonyi,NGA,True,"[7.5051529619397,5.684799670868188,8.456825255681053,6.792406082374839]","[7.5051529619397,5.684799670868188,8.456825255681053,6.792406082374839]",0.151825916,0,0.951672294,within_safe_vector_latitude,not_run+unchanged,1,
adm1,DIS001,Abyei,111,True,"[27.833333327000048,9.343870902000049,29.00000102000007,10.166667117000031]","[27.833333327000048,9.343870902000049,29.00000102000007,10.166667117000031]",0.955260161,0,1.166667693,within_safe_vector_latitude,not_run+unchanged,1,
adm1,DIS002,Aksai Chin,112,True,"[77.92412,33.386916,80.421723,35.987873]","[77.92412,33.386916,80.421723,35.987873]",0.029676,0,2.497603,within_safe_vector_latitude,not_run+unchanged,2,
adm1,DIS003,CH-IN,113,True,"[78.42836,30.650110486000074,80.249302,32.70968907100007]","[78.42836,30.650110486000074,80.249302,32.70968907100007]",0.016203297,0,0.548719,within_safe_vector_latitude,not_run+unchanged,4,
adm1,DIS004,Demchok,114,True,"[79.138206,32.519093,79.561282,33.237886]","[79.138206,32.519093,79.561282,33.237886]",0.011462,0,0.423076,within_safe_vector_latitude,not_run+unchanged,1,
adm1,DIS005,Dragonja,115,True,"[13.581738321000046,45.44425088100007,13.676478836000058,45.47898404500006]","[13.581738321000046,45.44425088100007,13.676478836000058,45.47898404500006]",0.004393808,0,0.070848787,within_safe_vector_latitude,not_run+unchanged,1,
adm1,DIS006,Dramana-Shakatoe,116,True,"[89.00270922400006,27.507832001000054,89.162165,27.61685043500006]","[89.00270922400006,27.507832001000054,89.162165,27.61685043500006]",0.005733,0,0.159455776,within_safe_vector_latitude,not_run+unchanged,1,
adm1,DIS007,Falkland Islands (UK),117,True,"[-61.34758433799993,-52.36041641199995,-57.71086120599995,-51.14234353299997]","[-61.34758433799993,-52.36041641199995,-57.71086120599995,-51.14234353299997]",0.036746979,0,2.025028229,within_safe_vector_latitude,not_run+unchanged,1,
adm1,DIS008,Gaza Strip,118,True,"[34.21869943000007,31.220052,34.5678,31.594539316000066]","[34.21869943000007,31.220052,34.5678,31.594539316000066]",0.120823264,0,0.34910057,within_safe_vector_latitude,not_run+unchanged,1,
adm1,DIS009,Kalapani,119,True,"[80.91692220500005,30.177043394000066,81.04518265200005,30.24668446000004]","[80.91692220500005,30.177043394000066,81.04518265200005,30.24668446000004]",0.000949375,0,0.128260447,within_safe_vector_latitude,not_run+unchanged,1,
adm1,DIS010,Isla Brasilera,120,True,"[-57.64848012199997,-30.19384122899993,-57.60461735499996,-30.17419176599998]","[-57.64848012199997,-30.19384122899993,-57.60461735499996,-30.17419176599998]",0.011150186,0,0.043862767,within_safe_vector_latitude,not_run+unchanged,1,
adm1,DIS011,Siachen-Saltoro,121,True,"[76.71034143707118,35.00858335000004,78.01490180000008,35.71872988598953]","[76.71034143707118,35.00858335000004,78.01490180000008,35.71872988598953]",1.028387811,0,1.112764441,within_safe_vector_latitude,not_run+unchanged,1,
adm1,DIS012,Koualou,122,True,"[0.916666601000031,10.999999753000054,0.971730927000067,11.023105875000056]","[0.916666601000031,10.999999753000054,0.971730927000067,11.023105875000056]",0.049657384,0,0.055064326,within_safe_vector_latitude,not_run+unchanged,1,
adm1,DIS013,Liancourt Rocks,123,True,"[131.86350062600002,37.237941911000064,131.8713261160001,37.24287411900008]","[131.86350062600002,37.237941911000064,131.8713261160001,37.24287411900008]",0.001632691,0,0.003417968,within_safe_vector_latitude,not_run+unchanged,1,
adm1,DIS014,No Man's Land,124,True,"[34.955691,31.744366712000044,35.495838,32.401665]","[34.955691,31.744366712000044,35.495838,32.401665]",0.011461,0,0.159156,within_safe_vector_latitude,not_run+unchanged,2,
adm1,DIS015,Paracel Is,125,True,"[112.32199859600007,16.827806474000056,112.33866882300003,16.84205627500006]","[112.32199859600007,16.827806474000056,112.33866882300003,16.84205627500006]",0.005027771,0,0.016670227,within_safe_vector_latitude,not_run+unchanged,1,
adm1,DIS016,Sanafir & Tiran Is.,126,True,"[34.49477342700004,27.903144820000023,34.739881154000045,28.014258150000046]","[34.49477342700004,27.903144820000023,34.739881154000045,28.014258150000046]",0.013348777,0,0.128326116,within_safe_vector_latitude,not_run+unchanged,1,
adm1,DIS017,Senkakus,127,True,"[123.45736000000011,25.734305,123.494027,25.752083001000074]","[123.45736000000011,25.734305,123.494027,25.752083001000074]",0.011940001,0,0.036667,within_safe_vector_latitude,not_run+unchanged,1,
adm1,DIS018,Spratly Is,128,True,"[114.33288574200003,11.43791675500006,114.33958435200009,11.444555284000046]","[114.33288574200003,11.43791675500006,114.33958435200009,11.444555284000046]",0.003364563,0,0.00669861,within_safe_vector_latitude,not_run+unchanged,1,
adm1,DIS019,West Bank,129,True,"[34.880274,31.342602,35.574052,32.552088103000074]","[34.880274,31.342602,35.574052,32.552088103000074]",0.049560225,0,0.693778,within_safe_vector_latitude,not_run+unchanged,2,
adm1,DIS020,Western Sahara,ESH,True,"[-17.104628204999926,20.769983831000047,-8.667524987999968,27.667269576000024]","[-17.104628204999926,20.769983831000047,-8.667524987999968,27.667269576000024]",0.127195938,0,8.437103217,within_safe_vector_latitude,not_run+unchanged,4,
